# authored_rows.csv — rows Andy authored, read by build_library.py on every build.
#
# ⚠️ THE MIRROR OF hand_removals.csv. One file for what comes out, one for what goes in.
#
# ⚠️ AN AUTHORED ROW IS A CLAIM ABOUT THE WORLD, NOT ABOUT A SOURCE. Every other row in
#    the library traces to a fetch: Wikidata, Open Food Facts or Wiktionary made it an
#    entry and the pipeline copied it. These rows exist because the thing exists and no
#    source we hold has it. Under docs/sourcing-tiers.md they ship GENERATED until
#    someone traces them, which is what the sources column is for.
#
# ⚠️ anchor IS EMPTY AND STAYS EMPTY. An earlier draft wrote anchor="authored", which
#    reads as a fourth source and is not one. There is no fetch behind it, no entry_id
#    to check, nothing to re-derive on a rebuild. "No source made this an entry" is
#    stated, not disguised. The sheet renders it as "authored by hand, no source".
#
# id       a slug of the name, and ⚠️ THE ONLY IDENTIFIER IN THE PIPELINE THAT NOTHING
#          EXTERNAL CAN CONFIRM. It has to stay stable across rebuilds or every hand
#          removal keyed to it dangles. Change a name, keep the id.
#          The hand-removal key is ("", <id>), since anchor is empty.
# name     the canonical. What a cook writes.
# reason   ⚠️ REQUIRED. A row with no reason is rejected by the build, the same rule as
#          ingredient_cuts.OVERRIDES and hand_removals.csv.
#          ⚠️ CARRY THE MEASUREMENT HERE where it is known. "52 recipe lines, 32
#             dependents" is why the row exists, and nothing else records it: the
#             library has no field for "is a specific of", so the relationship these
#             rows are general to lives in this sentence until something models it.
# added    the date, so a GENERATED claim carries its age.
# sources  optional, usually empty at creation. Filling it is the promotion path from
#          GENERATED to CURATED. Semicolon-separated.
#
# ⚠️ These six are FLAT. Nothing records that 'kosher salt' is a specific of 'salt'.
#    That relationship is real and is deliberately not built yet: honey with 37 varietal
#    children and sesame oil with 4 distinct products are different relationships, and
#    nothing measured separates them. Building the link now means building it twice.
id,name,reason,added,sources
salt,salt,"52 recipe lines and 32 dependents in the library, and no row of its own. A line saying salt currently reaches table salt or sea salt, which is the wrong specific rather than the general thing.",2026-08-24,
sugar,sugar,"44 recipe lines, the second-heaviest term in the corpus, and 33 dependents. Held today by 'sugar product', which Wikidata describes as a sucrose umbrella, and by 'egg yolk'.",2026-08-24,
water,water,"33 recipe lines and 13 dependents. ⚠️ Held today by 'cabbage'. The most common substance in the corpus and the library has no row for it at all.",2026-08-24,
egg,egg,"33 recipe lines across 'egg' and 'eggs', and 42 dependents. Held today by 'bacon', 'chicken egg' and 'meat'. 'egg as food' exists and is the nearest thing, but it is Wikidata's phrasing for the foodstuff, not the word a recipe writes.",2026-08-24,
oil,oil,"11 recipe lines and 115 dependents, the largest dependent count in the library. Held today by 'cooking oil'.",2026-08-24,
pepper,pepper,"10 recipe lines and 40 dependents. ⚠️ Held today by 'bell pepper' and 'peppercorn', which are two different plants, so the bare word currently resolves to whichever wins the lookup.",2026-08-24,
