recipe_id,row_id,column,name,would_become,why,decision,REASON
acqua-pazza,6399,label,"Pinot Grigio, or other dry white wine","pinot Grigio, or other dry white wine","title-cased, so lowering the first word alone would be worse",keep,'Pinot Grigio' is a proper name; nothing else needs changing.
arkansas-style-cheese-dip,6615,label,"(American, Cheddar, Jack, or a combination)","(american, Cheddar, Jack, or a combination)","title-cased, so lowering the first word alone would be worse",keep,"American, Cheddar and Jack are cheese names. The label is only a parenthetical, so it probably split off the row above (Round B row sweep)."
bbq-gulf-snapper,8494,label,Seersucker Spice Mix or Cajun seasoning,seersucker Spice Mix or Cajun seasoning,"title-cased, so lowering the first word alone would be worse",fix: Seersucker spice mix or Cajun seasoning,Keep the proper names Seersucker and Cajun; lowercase the rest.
beans,2866,label,• Adzuki beans: 1 hour,• adzuki beans: 1 hour,no lowercase use anywhere and not on the list,defer: round-b,Part of the beans soaking-time table pasted into the ingredients. Round B's row sweep moves the table out; it isn't an ingredient to recase.
beans,2868,label,• Black-eyed peas: 1 hour to 90 minutes,• black-eyed peas: 1 hour to 90 minutes,no lowercase use anywhere and not on the list,defer: round-b,Part of the beans soaking-time table pasted into the ingredients. Round B's row sweep moves the table out; it isn't an ingredient to recase.
beans,2871,label,• Fava beans: 45 minutes (skins removed after soaking),• fava beans: 45 minutes (skins removed after soaking),no lowercase use anywhere and not on the list,defer: round-b,Part of the beans soaking-time table pasted into the ingredients. Round B's row sweep moves the table out; it isn't an ingredient to recase.
beans,2872,label,• Great northern beans: 90 minutes,• great northern beans: 90 minutes,no lowercase use anywhere and not on the list,defer: round-b,Part of the beans soaking-time table pasted into the ingredients. Round B's row sweep moves the table out; it isn't an ingredient to recase.
beans,2873,label,• Kidney beans: 2 hours,• kidney beans: 2 hours,no lowercase use anywhere and not on the list,defer: round-b,Part of the beans soaking-time table pasted into the ingredients. Round B's row sweep moves the table out; it isn't an ingredient to recase.
beans,2874,label,"• Lentils, brown or green: 25 to 30 minutes (no soaking required)","• lentils, brown or green: 25 to 30 minutes (no soaking required)",no lowercase use anywhere and not on the list,defer: round-b,Part of the beans soaking-time table pasted into the ingredients. Round B's row sweep moves the table out; it isn't an ingredient to recase.
beans,2875,label,"• Lentils, red or yellow: 15 to 20 minutes","• lentils, red or yellow: 15 to 20 minutes",no lowercase use anywhere and not on the list,defer: round-b,Part of the beans soaking-time table pasted into the ingredients. Round B's row sweep moves the table out; it isn't an ingredient to recase.
beans,2876,label,• Lima beans: 90 minutes to 2 hours (no soaking required),• lima beans: 90 minutes to 2 hours (no soaking required),no lowercase use anywhere and not on the list,defer: round-b,Part of the beans soaking-time table pasted into the ingredients. Round B's row sweep moves the table out; it isn't an ingredient to recase.
beans,2877,label,• Pinto beans: 90 minutes,• pinto beans: 90 minutes,no lowercase use anywhere and not on the list,defer: round-b,Part of the beans soaking-time table pasted into the ingredients. Round B's row sweep moves the table out; it isn't an ingredient to recase.
beans,2879,label,• Soybeans: 3 hours,• soybeans: 3 hours,no lowercase use anywhere and not on the list,defer: round-b,Part of the beans soaking-time table pasted into the ingredients. Round B's row sweep moves the table out; it isn't an ingredient to recase.
bo-luc-lac-shaking-beef,2993,label,Your preferred crunchy green lettuce,your preferred crunchy green lettuce,no lowercase use anywhere and not on the list,fix: your preferred crunchy green lettuce,"Lowercase, like the rest of the list."
brown-butter-brownie-cookies,3064,label,"Flaky sea salt, for sprinkling (optional)","flaky sea salt, for sprinkling (optional)",no lowercase use anywhere and not on the list,"fix: flaky sea salt, for sprinkling (optional)","Lowercase, like the rest of the list."
burgers,3105,label,Buns,buns,no lowercase use anywhere and not on the list,fix: buns,Lowercase.
cacio-e-pepe,3139,label,"Whole Tellicherry Black Peppercorns, Toasted","whole Tellicherry Black Peppercorns, Toasted","title-cased, so lowering the first word alone would be worse","fix: whole Tellicherry black peppercorns, toasted",Keep Tellicherry (a place name); lowercase the rest.
cacio-e-pepe,3140,label,Salted Pasta Water,salted Pasta Water,"title-cased, so lowering the first word alone would be worse",fix: salted pasta water,Title case removed.
chicago-style-italian-beef-pot-roast-sandwich,7288,label,Bottom Round of Beef,bottom Round of Beef,"title-cased, so lowering the first word alone would be worse",fix: bottom round of beef,Title case removed.
chicago-style-italian-beef-pot-roast-sandwich,7293,label,Roasted Bell Pepper,roasted Bell Pepper,"title-cased, so lowering the first word alone would be worse",fix: roasted bell pepper,Title case removed.
chicago-style-italian-beef-pot-roast-sandwich,7298,label,Sweet Paprika,sweet Paprika,"title-cased, so lowering the first word alone would be worse",fix: sweet paprika,Title case removed.
chicago-style-italian-beef-pot-roast-sandwich,7302,label,Red Chili Flake,red Chili Flake,"title-cased, so lowering the first word alone would be worse",fix: red chili flake,Title case removed.
chicken-marsala,3329,label,"Boneless, Skinless Chicken Breasts, Sliced in half","boneless, Skinless Chicken Breasts, Sliced in half","title-cased, so lowering the first word alone would be worse","fix: boneless, skinless chicken breasts, sliced in half",Title case removed.
chicken-marsala,3330,label,"Crimini Mushrooms, Sliced or Quartered","crimini Mushrooms, Sliced or Quartered","title-cased, so lowering the first word alone would be worse","fix: crimini mushrooms, sliced or quartered",Title case removed.
chicken-marsala,3335,label,"Fresh Parsley, finely chopped","fresh Parsley, finely chopped","title-cased, so lowering the first word alone would be worse","fix: fresh parsley, finely chopped",Title case removed.
chicken-marsala,3337,label,Chicken Stock,chicken Stock,"title-cased, so lowering the first word alone would be worse",fix: chicken stock,Title case removed.
chicken-shawarma-with-garlic-sauce-and-greens,3389,label,Shawarma Spice,shawarma Spice,"title-cased, so lowering the first word alone would be worse",fix: shawarma spice,Title case removed.
chocolate-chunk-oatmeal-cookie-bars,3494,label,"Flaky sea salt, for sprinkling (optional)","flaky sea salt, for sprinkling (optional)",no lowercase use anywhere and not on the list,"fix: flaky sea salt, for sprinkling (optional)","Lowercase, like the rest of the list."
chocolate-hazelnut-wedges,3512,label,Nonstick pan spray,nonstick pan spray,no lowercase use anywhere and not on the list,fix: nonstick pan spray,Lowercase.
chocolate-peanut-butter-banana-smoothie,3500,label,Optional,optional,no lowercase use anywhere and not on the list,defer: heading,"'Optional' is a section label, not an ingredient. It should probably become an ingredient heading (heading sweep), not be recased."
egg-paratha-wrap,3752,label,Chilis,chilis,no lowercase use anywhere and not on the list,fix: chilis,Lowercase.
egg-paratha-wrap,3753,label,Paratha,paratha,no lowercase use anywhere and not on the list,fix: paratha,Lowercase.
egg-paratha-wrap,3754,label,Stuffing Mix,stuffing Mix,"title-cased, so lowering the first word alone would be worse",fix: stuffing mix,Title case removed.
french-baguette,3828,label,Cold Water,cold Water,"title-cased, so lowering the first word alone would be worse",fix: cold water,Title case removed.
ginger-spritz,3920,label,"One 2-inch piece ginger, coarsely chopped (no need to peel)","one 2-inch piece ginger, coarsely chopped (no need to peel)",no lowercase use anywhere and not on the list,defer: round-b,"The amount ('One 2-inch piece') is inside the name. Round B moves it to the amount column, and the casing follows from that."
hummus-2,4060,label,"Any of the following garnishes: drizzle of olive oil or zhoug sauce, sprinkle of ground sumac or paprika, chopped fresh parsley","any of the following garnishes: drizzle of olive oil or zhoug sauce, sprinkle of ground sumac or paprika, chopped fresh parsley",no lowercase use anywhere and not on the list,defer: round-b,"Andy (review): 'Any of the following garnishes' should be a heading, like Optional. That needs the row split into its three garnishes under the heading, which is Round B's merged-row sweep. Until then it's left unchanged."
indian-ribollita,4080,label,"Two 16-ounce cans cannellini or great northern beans, drained","two 16-ounce cans cannellini or great northern beans, drained",no lowercase use anywhere and not on the list,defer: round-b,The amount ('Two 16-ounce cans') is inside the name; Round B.
indian-ribollita,4086,label,"Shaved or grated Parmesan cheese, for garnish","shaved or grated Parmesan cheese, for garnish","title-cased, so lowering the first word alone would be worse","fix: shaved or grated Parmesan cheese, for garnish",Keep Parmesan; lowercase the first word.
karak-chai,4171,label,Loose Strong Black Tea,loose Strong Black Tea,"title-cased, so lowering the first word alone would be worse",fix: loose strong black tea,Title case removed.
karak-chai,4172,label,Fresh Ginger,fresh Ginger,"title-cased, so lowering the first word alone would be worse",fix: fresh ginger,Title case removed.
karak-chai,4173,label,Green Cardamom pods,green Cardamom pods,"title-cased, so lowering the first word alone would be worse",fix: green cardamom pods,Title case removed.
key-lime-pie,4192,label,"More fresh lime zest, for serving","more fresh lime zest, for serving",no lowercase use anywhere and not on the list,"fix: more fresh lime zest, for serving",Lowercase.
kfc-spicy-chicken-rice-bowl,4198,label,"Frying oil, as needed","frying oil, as needed",no lowercase use anywhere and not on the list,"fix: frying oil, as needed",Lowercase.
lotus-root-and-jammy-tomatoes,4412,label,One 12-ounce package frozen sliced lotus root (¼-inch-thick discs are ideal; about 3 cups),one 12-ounce package frozen sliced lotus root (¼-inch-thick discs are ideal; about 3 cups),no lowercase use anywhere and not on the list,defer: round-b,The amount ('One 12-ounce package') is inside the name; Round B.
malted-chocolate-chip-cookie-bars,4427,label,Nonstick pan spray,nonstick pan spray,no lowercase use anywhere and not on the list,fix: nonstick pan spray,Lowercase.
malted-chocolate-chip-cookie-bars,4438,label,"Flaky sea salt, for sprinkling (optional)","flaky sea salt, for sprinkling (optional)",no lowercase use anywhere and not on the list,"fix: flaky sea salt, for sprinkling (optional)","Lowercase, like the rest of the list."
masa-cakes-with-mushroom-corn-and-cucumber-salad,4466,label,Chicken Stock,chicken Stock,"title-cased, so lowering the first word alone would be worse",fix: chicken stock,Title case removed.
milky-tea-tres-leches,4624,label,Ceylon or English breakfast tea,ceylon or English breakfast tea,"title-cased, so lowering the first word alone would be worse",keep,Ceylon and English are proper names.
minestrone-soup,4633,label,"Quart, Brodo (broth) or Stock","quart, Brodo (broth) or Stock","title-cased, so lowering the first word alone would be worse",defer: round-b,"The unit 'Quart' is inside the name; Round B moves it to the amount, and the casing follows."
minestrone-soup,4638,label,", Chili Flake",", chili Flake","title-cased, so lowering the first word alone would be worse",defer: round-b,"Starts with a comma, so it split off the row above; Round B row sweep."
minestrone-soup,4641,label,Chopped Parsley for Garnish,chopped Parsley for Garnish,"title-cased, so lowering the first word alone would be worse",fix: chopped parsley for garnish,Title case removed.
minestrone-soup,4642,label,Olive Oil for finish,olive Oil for finish,"title-cased, so lowering the first word alone would be worse",fix: olive oil for finish,Title case removed.
minestrone-soup,4643,label,Grated Parmesan Cheese for Garnish,grated Parmesan Cheese for Garnish,"title-cased, so lowering the first word alone would be worse",fix: grated Parmesan cheese for garnish,Keep Parmesan; lowercase the rest.
minestrone-soup,4644,label,Salt and Black pepper to taste,salt and Black pepper to taste,"title-cased, so lowering the first word alone would be worse",fix: salt and black pepper to taste,Title case removed.
mocha-chocolate-chunk-cookies,4662,label,/3 Cup (67 grams) granulated sugar,/3 cup (67 grams) granulated sugar,no lowercase use anywhere and not on the list,defer: round-b,'/3 Cup' is a broken '2/3 cup' amount that leaked into the name; Round B amount parsing.
oat-bars,4722,label,Nonstick spray,nonstick spray,no lowercase use anywhere and not on the list,fix: nonstick spray,Lowercase.
orange-peel-fish,4761,label,"Peel of 1 small clementine, finely chopped","peel of 1 small clementine, finely chopped",no lowercase use anywhere and not on the list,"fix: peel of 1 small clementine, finely chopped",Lowercase.
panang-curry,4874,label,Jasmin rice,jasmin rice,no lowercase use anywhere and not on the list,fix: jasmin rice,Lowercase. The author's spelling is kept.
pasta-alla-norcina,4891,label,Pasta Water as needed,pasta Water as needed,"title-cased, so lowering the first word alone would be worse",fix: pasta water as needed,Title case removed.
pasta-alla-norcina,4893,label,Fresh Cracked Black Pepper,fresh Cracked Black Pepper,"title-cased, so lowering the first word alone would be worse",fix: fresh cracked black pepper,Title case removed.
pasta-alla-zozzona,4898,label,Tomato Passata,tomato Passata,"title-cased, so lowering the first word alone would be worse",fix: tomato passata,Title case removed.
pasta-bolognese,4913,label,A few Bay Leaves,a few Bay Leaves,"title-cased, so lowering the first word alone would be worse",fix: a few bay leaves,Title case removed.
pasta-e-ceci,4930,label,Red Chili Flake,red Chili Flake,"title-cased, so lowering the first word alone would be worse",fix: red chili flake,Title case removed.
pasta-e-ceci,4933,label,Salt and Fresh Cracked Black Pepper,salt and Fresh Cracked Black Pepper,"title-cased, so lowering the first word alone would be worse",fix: salt and fresh cracked black pepper,Title case removed.
pasta-with-lentils,4937,label,Tomato Puree,tomato Puree,"title-cased, so lowering the first word alone would be worse",fix: tomato puree,Title case removed.
pasta-with-lentils,4952,label,Dried Chili,dried Chili,"title-cased, so lowering the first word alone would be worse",fix: dried chili,Title case removed.
pastina,7400,label,Salt and Pepper To taste,salt and Pepper To taste,"title-cased, so lowering the first word alone would be worse",fix: salt and pepper to taste,Title case removed.
pastina,7412,label,Salt and Pepper To taste,salt and Pepper To taste,"title-cased, so lowering the first word alone would be worse",fix: salt and pepper to taste,Title case removed.
peanut-chutney,4986,label,"One 1½-inch piece fresh ginger, cut into quarters","one 1½-inch piece fresh ginger, cut into quarters",no lowercase use anywhere and not on the list,defer: round-b,The amount ('One 1½-inch piece') is inside the name; Round B.
penne-alla-vodka,4993,label,"Gloves Garlic, Sliced Thin","gloves Garlic, Sliced Thin","title-cased, so lowering the first word alone would be worse","fix: cloves garlic, sliced thin",'Gloves' is a typo for 'cloves'. Title case removed. Round B may later move 'cloves' to the amount as the unit.
penne-alla-vodka,4996,label,Whole Peeled Tomatoes,whole Peeled Tomatoes,"title-cased, so lowering the first word alone would be worse",fix: whole peeled tomatoes,Title case removed.
penne-alla-vodka,4998,label,Stem of Basil,stem of Basil,"title-cased, so lowering the first word alone would be worse",fix: stem of basil,Title case removed.
penne-alla-vodka,5003,label,Salt & Pepper,salt & Pepper,"title-cased, so lowering the first word alone would be worse",fix: salt & pepper,Title case removed.
pork-stir-fry-with-green-beans,5064,label,+ Chilli Garlic Sauce,+ chilli Garlic Sauce,"title-cased, so lowering the first word alone would be worse",defer: round-b,"Starts with '+', a continuation of the row above; Round B row sweep."
prego-rolls-steak-and-piri-piri-sandwiches,5079,label,Piri Piri Sauce,piri Piri Sauce,"title-cased, so lowering the first word alone would be worse",fix: piri piri sauce,Title case removed (piri piri is a common name).
prego-rolls-steak-and-piri-piri-sandwiches,5083,label,"Portuguese rolls, halved horizontally","portuguese rolls, halved horizontally",no lowercase use anywhere and not on the list,keep,'Portuguese' is a proper name; the rest is already lowercase.
quick-easy-hainanese-chicken-rice-khao-mun-gai,5163,label,"Optional: Extra chicken stock for serving on the side, about 1/2 cup per person (see note 3)","optional: Extra chicken stock for serving on the side, about 1/2 cup per person (see note 3)","title-cased, so lowering the first word alone would be worse",group: Optional,"Andy (review): should sit under an 'Optional' heading. The rule moves lines starting 'Optional:' under an Optional ingredient heading, strips the prefix and lowercases the first word: 'extra chicken stock for serving on the side, about 1/2 cup per person (see note 3)'."
quick-easy-hainanese-chicken-rice-khao-mun-gai,5164,label,Optional: Fresh cucumber slices for serving,optional: Fresh cucumber slices for serving,"title-cased, so lowering the first word alone would be worse",group: Optional,Andy (review): should sit under an 'Optional' heading. Becomes 'fresh cucumber slices for serving' under an Optional ingredient heading.
quick-easy-hainanese-chicken-rice-khao-mun-gai,5169,label,Tao Jiew (Thai fermented soybean paste) OR 2 tablespoon Korean doenjang + 1 tablespoon water,tao Jiew (Thai fermented soybean paste) OR 2 tablespoon Korean doenjang + 1 tablespoon water,"title-cased, so lowering the first word alone would be worse",keep,Tao Jiew is a product name; Thai and Korean are proper names.
quick-easy-hainanese-chicken-rice-khao-mun-gai,5181,label,Basic Asian-Style Chicken Stock,basic Asian-Style Chicken Stock,"title-cased, so lowering the first word alone would be worse",defer: heading,'Basic Asian-Style Chicken Stock' names a sub-recipe section in this recipe. It should probably become an ingredient heading.
quick-easy-hainanese-chicken-rice-khao-mun-gai,5182,label,"(This makes more than you need, but you can freeze the rest)","(this makes more than you need, but you can freeze the rest)",no lowercase use anywhere and not on the list,defer: ingredient-note,Not an ingredient: it's a remark about the stock. It's a candidate for an ingredient note (backlog).
quick-easy-hainanese-chicken-rice-khao-mun-gai,5184,label,L water,l water,no lowercase use anywhere and not on the list,defer: round-b,'L water' is a split '2 L water'; the unit belongs in the amount. Round B.
red-wine-braised-short-ribs,5249,label,Boneless Short Ribs (Or 6 Short Ribs with the bones removed),boneless Short Ribs (Or 6 Short Ribs with the bones removed),"title-cased, so lowering the first word alone would be worse",fix: boneless short ribs (or 6 short ribs with the bones removed),Title case removed.
red-wine-braised-short-ribs,5254,label,Bay Leaves,bay Leaves,"title-cased, so lowering the first word alone would be worse",fix: bay leaves,Title case removed.
red-wine-braised-short-ribs,5259,label,Beef Stock,beef Stock,"title-cased, so lowering the first word alone would be worse",fix: beef stock,Title case removed.
red-wine-braised-short-ribs,5261,label,Salt & Pepper,salt & Pepper,"title-cased, so lowering the first word alone would be worse",fix: salt & pepper,Title case removed.
red-wine-braised-short-ribs,5262,label,Flour for Dredging the Meat,flour for Dredging the Meat,"title-cased, so lowering the first word alone would be worse",fix: flour for dredging the meat,Title case removed.
rigatoni-amatriciana,5277,label,"Imported Guanciale, Cut into mid sized Cubes","imported Guanciale, Cut into mid sized Cubes","title-cased, so lowering the first word alone would be worse","fix: imported guanciale, cut into mid sized cubes",Title case removed.
rigatoni-amatriciana,5280,label,Fresh Cracked Black Pepper,fresh Cracked Black Pepper,"title-cased, so lowering the first word alone would be worse",fix: fresh cracked black pepper,Title case removed.
rigatoni-amatriciana,5282,label,New adds,new adds,no lowercase use anywhere and not on the list,defer: heading,"'New adds' reads like your own section label, not an ingredient. It should probably become an ingredient heading."
salt-crusted-potatoes-with-cilantro-mojo,5369,label,"Leaves from a bunch of fresh cilantro, roughly chopped","leaves from a bunch of fresh cilantro, roughly chopped",no lowercase use anywhere and not on the list,"fix: leaves from a bunch of fresh cilantro, roughly chopped",Lowercase.
salt-crusted-potatoes-with-cilantro-mojo,5371,label,Scant ½ cup (120ml) extra-virgin olive oil,scant ½ cup (120ml) extra-virgin olive oil,no lowercase use anywhere and not on the list,defer: round-b,The amount ('Scant ½ cup (120ml)') is inside the name; Round B.
shepherds-pie,7452,label,"Aged White Cheddar, grated","aged White Cheddar, grated","title-cased, so lowering the first word alone would be worse","fix: aged white Cheddar, grated","Keep Cheddar, as in the Arkansas cheese dip row; lowercase the rest."
shishito-peppers,5487,label,Shishito peppers,shishito peppers,no lowercase use anywhere and not on the list,fix: shishito peppers,Lowercase.
southwest-tofu-scramble,5533,label,"Breakfast potatoes, toast, and/or fruit","breakfast potatoes, toast, and/or fruit",no lowercase use anywhere and not on the list,"fix: breakfast potatoes, toast, and/or fruit",Lowercase.
spiced-fish-pilaf-with-caramelized-onions-sayadieh,5556,label,"Ib./700g skinned white fish fillets (cod, pollack, hake or monkfish all work well), cut into 2 in./5cm chunks","ib./700g skinned white fish fillets (cod, pollack, hake or monkfish all work well), cut into 2 in./5cm chunks",no lowercase use anywhere and not on the list,defer: round-b,'Ib./700g' is a mangled '1½ lb./700g' amount; Round B amount parsing.
spicy-chickpea-dip,5614,label,"One 16-ounce can chickpeas, drained","one 16-ounce can chickpeas, drained",no lowercase use anywhere and not on the list,defer: round-b,The amount ('One 16-ounce can') is inside the name; Round B.
spicy-crispy-pork-noodles,5635,label,Lao Gan Ma Black Bean Chili Sauce,lao Gan Ma Black Bean Chili Sauce,"title-cased, so lowering the first word alone would be worse",fix: Lao Gan Ma black bean chili sauce,Keep the brand Lao Gan Ma; lowercase the rest.
sunday-sauce,5698,label,Whole Peeled Tomatoes,whole Peeled Tomatoes,"title-cased, so lowering the first word alone would be worse",fix: whole peeled tomatoes,Title case removed.
sunday-sauce,5702,label,A Package of Basil,a Package of Basil,"title-cased, so lowering the first word alone would be worse",fix: a package of basil,Title case removed.
sweet-pumpkin-fritters,5719,label,Zest from ½ lemon,zest from ½ lemon,no lowercase use anywhere and not on the list,fix: zest from ½ lemon,Lowercase.
tahini-brioche-loaves-and-dinner-rolls,7469,label,"Tahini Brioche Dough, cold","tahini Brioche Dough, cold","title-cased, so lowering the first word alone would be worse","fix: tahini brioche dough, cold",Title case removed.
taiwanese-beef-noodle-soup,5788,label,Lu Bao herb packet,lu Bao herb packet,"title-cased, so lowering the first word alone would be worse",keep,Lu Bao is a product name; the rest is already lowercase.
tofu-burger,5885,label,Bread Buns,bread Buns,"title-cased, so lowering the first word alone would be worse",fix: bread buns,Title case removed.
tofu-green-bean-breakfast-scramble,5892,label,"One 14-ounce package firm tofu, drained and crumbled into small pieces (think scrambled eggs for texture)","one 14-ounce package firm tofu, drained and crumbled into small pieces (think scrambled eggs for texture)",no lowercase use anywhere and not on the list,defer: round-b,The amount ('One 14-ounce package') is inside the name; Round B.
tseke-com-peix-frito-local-spinach-with-curry-sauce-and-crispy-fried-fish,7550,label,Xawaash Spice Mix,xawaash Spice Mix,"title-cased, so lowering the first word alone would be worse",fix: xawaash spice mix,Xawaash is a spice blend (a common noun); title case removed.
watermelon-juice-with-lime-ginger-and-mint,6046,label,"One 2-inch piece ginger, peeled and coarsely chopped","one 2-inch piece ginger, peeled and coarsely chopped",no lowercase use anywhere and not on the list,defer: round-b,The amount ('One 2-inch piece') is inside the name; Round B.
wedding-soup,6057,label,Different additions so far,different additions so far,no lowercase use anywhere and not on the list,defer: heading,'Different additions so far' reads like your own section label. It should probably become an ingredient heading.
weekday-meat-sauce,6059,label,Rao’s arrabbiata sauce,rao’s arrabbiata sauce,no lowercase use anywhere and not on the list,keep,Rao's is a brand.
white-bean-stuffed-poblanos,6073,label,"One 15-ounce can great northern beans, drained and rinsed","one 15-ounce can great northern beans, drained and rinsed",no lowercase use anywhere and not on the list,defer: round-b,The amount ('One 15-ounce can') is inside the name; Round B.
yellow-split-peas-with-za-atar-spiced-almonds,6091,label,Za'atar Spiced Almonds,za'atar Spiced Almonds,"title-cased, so lowering the first word alone would be worse",fix: za'atar spiced almonds,"Names the component made in this recipe; title case removed. If it's actually a section heading, it should become one instead."
zanzibar-pilau-rice-pilaf,6115,label,One 2-inch piece cinnamon stick,one 2-inch piece cinnamon stick,no lowercase use anywhere and not on the list,defer: round-b,The amount ('One 2-inch piece') is inside the name; Round B.
