recipe_id,ing_row_id,position,class,qty,parenthetical,secondary_measure_today,secondary_equals_qty_defect,label,raw_text,DECISION
adventist-gumbo,2697,11,other (prose),1½ cups,"or one 15-ounce can, drained",,,"cooked black-eyed peas (or one 15-ounce can, drained)","1½ cups cooked black-eyed peas (or one 15-ounce can, drained)",keep in name (prose)
apple-pie,2734,0,package size (keep),2,"9""",,,"(9"") pie crusts","2 (9"") pie crusts",keep as is
bananas-foster-chocolate-chunk-cookies,2831,0,alternate,226 grams,2 sticks,,,(2 sticks) unsalted butter,226 grams (2 sticks) unsalted butter,"move to second amount, stacked under first, recipe order - Round B"
bananas-foster-chocolate-chunk-cookies,2832,1,alternate,300 grams,about 1 ¼ cups,1 ¼ cups,,"(2 large semi-ripe bananas) , peeled and roughly chopped","300 grams (2 large semi-ripe bananas) (about 1 ¼ cups), peeled and roughly chopped","move to second amount, stacked under first, recipe order - Round B"
bananas-foster-chocolate-chunk-cookies,2834,3,alternate,35 grams,2 ¾ cups,2 ¾ cups,,spooned and leveled all-purpose flour,35 grams (2 ¾ cups) spooned and leveled all-purpose flour,"move to second amount, stacked under first, recipe order - Round B"
bananas-foster-chocolate-chunk-cookies,2840,9,alternate,250 grams,1 ¼ cups,1 ¼ cups,,"granulated sugar, divided","250 grams (1 ¼ cups) granulated sugar, divided","move to second amount, stacked under first, recipe order - Round B"
bananas-foster-chocolate-chunk-cookies,2843,12,alternate,170 grams,6 ounces,1 cup,,"(6 ounces) bittersweet or semisweet chocolate, roughly chopped","170 grams (6 ounces) bittersweet or semisweet chocolate, roughly chopped (about 1 cup)","move to second amount, stacked under first, recipe order - Round B"
bananas-foster-chocolate-chunk-cookies,2843,12,alternate,170 grams,about 1 cup,1 cup,,"(6 ounces) bittersweet or semisweet chocolate, roughly chopped","170 grams (6 ounces) bittersweet or semisweet chocolate, roughly chopped (about 1 cup)","move to second amount, stacked under first, recipe order - Round B"
birria-tacos,2913,1,alternate,25 g,0.9 oz,,,"(0.9 oz) guajillo chillies, dried (~4 pieces, heaped 3/4 cup once chopped)","25 g (0.9 oz) guajillo chillies, dried (~4 pieces, heaped 3/4 cup once chopped)","move to second amount, stacked under first, recipe order - Round B"
birria-tacos,2913,1,other (prose),25 g,"~4 pieces, heaped 3/4 cup once chopped",,,"(0.9 oz) guajillo chillies, dried (~4 pieces, heaped 3/4 cup once chopped)","25 g (0.9 oz) guajillo chillies, dried (~4 pieces, heaped 3/4 cup once chopped)",keep in name (prose)
birria-tacos,2914,2,alternate,45 g,1.6 oz,,,"(1.6 oz) ancho chillies, dried (~2-3 pieces, 1 cup once chopped)","45 g (1.6 oz) ancho chillies, dried (~2-3 pieces, 1 cup once chopped)","move to second amount, stacked under first, recipe order - Round B"
birria-tacos,2914,2,other (prose),45 g,"~2-3 pieces, 1 cup once chopped",,,"(1.6 oz) ancho chillies, dried (~2-3 pieces, 1 cup once chopped)","45 g (1.6 oz) ancho chillies, dried (~2-3 pieces, 1 cup once chopped)",keep in name (prose)
birria-tacos,2915,3,alternate,6 g,0.2 oz,,,"(0.2 oz) chillies de arbol, dried (~6 pieces, 2 tbsp once chopped)","6 g (0.2 oz) chillies de arbol, dried (~6 pieces, 2 tbsp once chopped)","move to second amount, stacked under first, recipe order - Round B"
birria-tacos,2915,3,other (prose),6 g,"~6 pieces, 2 tbsp once chopped",,,"(0.2 oz) chillies de arbol, dried (~6 pieces, 2 tbsp once chopped)","6 g (0.2 oz) chillies de arbol, dried (~6 pieces, 2 tbsp once chopped)",keep in name (prose)
birria-tacos,2919,7,alternate,1 medium,180g,,,"tomato, roughly sliced","1 medium tomato , roughly sliced (180g)","move to second amount, stacked under first, recipe order - Round B"
birria-tacos,2925,13,other (prose),2.6 lb,or boneless beef short ribs – 3.6 lb bone-in,,,"chuck beef, cut into 6 large pieces (or boneless beef short ribs – 3.6 lb bone-in)","2.6 lb chuck beef , cut into 6 large pieces (or boneless beef short ribs – 3.6 lb bone-in)",keep in name (prose)
birria-tacos,2927,15,other (prose),10,or 1/4 tsp ground cloves,,,cloves (or 1/4 tsp ground cloves),10 cloves (or 1/4 tsp ground cloves),keep in name (prose)
birria-tacos,2928,16,other (prose),1,"substitute 1/4 tsp powder, but it’s not quite the same",,,"cinnamon stick (substitute 1/4 tsp powder, but it’s not quite the same)","1 cinnamon stick (substitute 1/4 tsp powder, but it’s not quite the same)",keep in name (prose)
birria-tacos,2936,24,alternate,3 1/2 cups,350g,3 1/2 cups,yes,"shredded Colby, Monterey Jack or Oaxaca cheese (if you can get it)","3 1/2 cups (350g) shredded Colby, Monterey Jack or Oaxaca cheese (if you can get it)","move to second amount, stacked under first, recipe order - Round B"
blueberry-muffin-sugar-cookies,2969,0,alternate,2 sticks,226 grams,,,unsalted butter,2 sticks (226 grams) unsalted butter,"move to second amount, stacked under first, recipe order - Round B"
blueberry-muffin-sugar-cookies,2970,1,alternate,1,about 320 grams,,,pint fresh medium blueberries (not frozen),1 pint (about 320 grams) fresh medium blueberries (not frozen),"move to second amount, stacked under first, recipe order - Round B"
blueberry-muffin-sugar-cookies,2971,2,alternate,3 ¼ cups,424 grams,3 ¼ cups,yes,"plus 1 tablespoon spooned and leveled all-purpose flour , divided","3 ¼ cups plus 1 tablespoon spooned and leveled all-purpose flour (424 grams), divided","move to second amount, stacked under first, recipe order - Round B"
blueberry-muffin-sugar-cookies,2972,3,alternate,1⅓ cups,267 grams,1⅓ cups,yes,packed light brown sugar,1⅓ cups (267 grams) packed light brown sugar,"move to second amount, stacked under first, recipe order - Round B"
blueberry-muffin-sugar-cookies,2973,4,alternate,⅓ cup,67 grams,⅓ cup,yes,granulated sugar,⅓ cup (67 grams) granulated sugar,"move to second amount, stacked under first, recipe order - Round B"
blueberry-muffin-sugar-cookies,2981,12,alternate,⅔ cup,134 grams,⅔ cup,yes,"coarse sugar, such as turbinado, demerara (like Sugar in the Raw), or sanding sugar","⅔ cup (134 grams) coarse sugar, such as turbinado, demerara (like Sugar in the Raw), or sanding sugar","move to second amount, stacked under first, recipe order - Round B"
braised-swiss-chard,3002,0,alternate,2 large bunches,24 ounces total,,,"Swiss chard (24 ounces total), rinsed well","2 large bunches Swiss chard (24 ounces total), rinsed well","move to second amount, stacked under first, recipe order - Round B"
brown-butter-brownie-cookies,3052,0,alternate,1 cup,6 ounces/170 grams,,,(6 ounces/170 grams) bittersweet or semisweet chocolate chips,1 cup (6 ounces/170 grams) bittersweet or semisweet chocolate chips,"move to second amount, stacked under first, recipe order - Round B"
brown-butter-brownie-cookies,3053,1,alternate,2 tablespoons,30 ml,30 ml,,warm water,2 tablespoons (30 ml) warm water,"move to second amount, stacked under first, recipe order - Round B"
brown-butter-brownie-cookies,3055,3,alternate,1,8 tablespoons/113 grams,,,stick (8 tablespoons/113 grams) unsalted butter,1 stick (8 tablespoons/113 grams) unsalted butter,"move to second amount, stacked under first, recipe order - Round B"
brown-butter-brownie-cookies,3057,5,alternate,¾ cup,150 grams,¾ cup,yes,granulated sugar,¾ cup (150 grams) granulated sugar,"move to second amount, stacked under first, recipe order - Round B"
brown-butter-brownie-cookies,3058,6,alternate,½ cup,100 grams,½ cup,yes,packed light brown sugar,½ cup (100 grams) packed light brown sugar,"move to second amount, stacked under first, recipe order - Round B"
brown-butter-brownie-cookies,3059,7,alternate,1 cup,128 grams,1 cup,yes,spooned and leveled all-purpose flour,1 cup spooned and leveled all-purpose flour (128 grams),"move to second amount, stacked under first, recipe order - Round B"
brown-butter-brownie-cookies,3060,8,alternate,2 tablespoons,14 grams,2 tablespoons,yes,"natural, unsweetened cocoa powder","2 tablespoons (14 grams) natural, unsweetened cocoa powder","move to second amount, stacked under first, recipe order - Round B"
brown-butter-bourbon-snickerdoodles,3065,0,alternate,2 sticks,226 grams,,,unsalted butter,2 sticks (226 grams) unsalted butter,"move to second amount, stacked under first, recipe order - Round B"
brown-butter-bourbon-snickerdoodles,3066,1,alternate,2½ cups,320 grams,2½ cups,yes,spooned and leveled all-purpose flour,2½ cups spooned and leveled all-purpose flour (320 grams),"move to second amount, stacked under first, recipe order - Round B"
brown-butter-bourbon-snickerdoodles,3070,5,alternate,1½ cups,300 grams,1½ cups,yes,"granulated sugar, divided","1½ cups (300 grams) granulated sugar, divided","move to second amount, stacked under first, recipe order - Round B"
brown-butter-bourbon-snickerdoodles,3071,6,alternate,½ cup,100 grams,½ cup,yes,packed light brown sugar,½ cup (100 grams) packed light brown sugar,"move to second amount, stacked under first, recipe order - Round B"
brown-butter-bourbon-snickerdoodles,3073,8,alternate,2 tablespoons,30 ml,30 ml,,bourbon,2 tablespoons (30 ml) bourbon,"move to second amount, stacked under first, recipe order - Round B"
brownies,3090,0,alternate,100 g,1 cup,1 cup,,granulated sugar,100 g (1 cup) granulated sugar,"move to second amount, stacked under first, recipe order - Round B"
brownies,3091,1,alternate,90 g,3/4 cup,3/4 cup,,all-purpose flour,90 g (3/4 cup) all-purpose flour,"move to second amount, stacked under first, recipe order - Round B"
brownies,3092,2,alternate,56 g,2/3 cup,2/3 cup,,"cocoa powder, sift if lumpy","56 g (2/3 cup) cocoa powder, sift if lumpy","move to second amount, stacked under first, recipe order - Round B"
brownies,3093,3,alternate,57 g,1/2 cup,1/2 cup,,"unsifted powdered sugar, sift if lumpy","57 g (1/2 cup) unsifted powdered sugar, sift if lumpy","move to second amount, stacked under first, recipe order - Round B"
brownies,3094,4,alternate,85 g,1/2 cup,1/2 cup,,dark chocolate chips,85 g (1/2 cup) dark chocolate chips,"move to second amount, stacked under first, recipe order - Round B"
butter-chicken,3119,11,alternate,2 tbsp,30 g,2 tbsp,yes,"ghee or butter, OR 1 tbsp vegetable oil (Note 3)","2 tbsp (30 g) ghee or butter, OR 1 tbsp vegetable oil (Note 3)","move to second amount, stacked under first, recipe order - Round B"
buttermilk-biscuits,3128,0,alternate,½ pound,2 sticks,,,(2 sticks) unsalted butter,½ pound (2 sticks) unsalted butter,"move to second amount, stacked under first, recipe order - Round B"
cappuccino-muffins,3153,1,alternate,45 g,3 Tablespoons,3 Tablespoons,,"butter, melted","45g (3 Tablespoons) butter, melted","move to second amount, stacked under first, recipe order - Round B"
cappuccino-muffins,3159,7,alternate,250 g,2 cups,2 cups,,all-purpose flour,250g (2 cups) all-purpose flour,"move to second amount, stacked under first, recipe order - Round B"
cappuccino-muffins,3162,10,alternate,150 g,3/4 cup,3/4 cup,,granulated sugar,150g (3/4 cup) granulated sugar,"move to second amount, stacked under first, recipe order - Round B"
cappuccino-muffins,3163,11,alternate,50 g,1/4 cup,1/4 cup,,soft brown sugar,50g (1/4 cup) soft brown sugar,"move to second amount, stacked under first, recipe order - Round B"
cappuccino-muffins,3169,17,alternate,160 g,1 cup,1 cup,,semi-sweet chocolate chips,160g (1 cup) semi-sweet chocolate chips,"move to second amount, stacked under first, recipe order - Round B"
caramelized-ginger-mushrooms,3182,5,alternate,1 pound,about 5 cups,5 cups,,"white button mushrooms, cut into thin slices","1 pound white button mushrooms, cut into thin slices (about 5 cups)","move to second amount, stacked under first, recipe order - Round B"
cheesy-congee,3220,0,alternate,½ cup,about 3.5 ounces/100 g,,,(about 3.5 ounces/100 g) short-grain or jasmine rice,½ cup (about 3.5 ounces/100 g) short-grain or jasmine rice,"move to second amount, stacked under first, recipe order - Round B"
cheesy-congee,3222,2,alternate,1 teaspoon,5 ml,5 ml,,vegetable oil,1 teaspoon (5 ml) vegetable oil,"move to second amount, stacked under first, recipe order - Round B"
cheesy-congee,3223,3,alternate,4 ounces,120 g,,,"bacon, cut into ½-inch pieces","4 ounces (120 g) bacon, cut into ½-inch pieces","move to second amount, stacked under first, recipe order - Round B"
cheesy-congee,3224,4,alternate,1 cup,about 175 g,1 cup,yes,"raw corn kernels, cut from 2 ears","1 cup (about 175 g) raw corn kernels, cut from 2 ears","move to second amount, stacked under first, recipe order - Round B"
cheesy-congee,3225,5,alternate,2 ounces,60 g,,,"shredded or sliced cheese, such as Cheddar, Jack, or Swiss","2 ounces (60 g) shredded or sliced cheese, such as Cheddar, Jack, or Swiss","move to second amount, stacked under first, recipe order - Round B"
chicken-and-broccoli-with-brown-sauce,3269,2,alternate,3 tablespoons,45 ml,45 ml,,water,3 tablespoons water (45 ml),"move to second amount, stacked under first, recipe order - Round B"
chicken-and-broccoli-with-brown-sauce,3275,8,other (prose),,"160 ml, warmed",,,"(160 ml, warmed)","(160 ml, warmed)",keep in name (prose)
chicken-and-broccoli-with-brown-sauce,3282,15,alternate,4 cups,300g,4 cups,yes,broccoli florets,4 cups broccoli florets (300g),"move to second amount, stacked under first, recipe order - Round B"
chicken-broth,3290,2,package size (keep),1,1-inch,,,"(1-inch) piece ginger, sliced into ¼-inch-thick rounds","1 (1-inch) piece ginger, sliced into ¼-inch-thick rounds",keep as is
chicken-nachos,3343,1,alternate,250 g,2.5 cups,2.5 cups,,shredded cheddar or Monterey Jack cheese,250g / 8 oz (2.5 cups) shredded cheddar or Monterey Jack cheese,"move to second amount, stacked under first, recipe order - Round B"
chicken-nachos,3348,6,alternate,1 cup,250ml,250ml,,"chicken broth, separated (liquid stock)","1 cup (250ml) chicken broth, separated (liquid stock)","move to second amount, stacked under first, recipe order - Round B"
chickpea-rice-pilaf,3444,5,alternate,1 1/2 tins,21 oz / 600g,,,"chickpeas, drained, but still wet","1 1/2 tins (21 oz / 600g) chickpeas, drained, but still wet","move to second amount, stacked under first, recipe order - Round B"
chocolate-chip-cookies,3472,0,alternate,2 sticks,227g,,,unsalted butter cut into tablespoons,2 sticks unsalted butter (227g) cut into tablespoons,"move to second amount, stacked under first, recipe order - Round B"
chocolate-chip-cookies,3473,1,alternate,2 tablespoons,28g,2 tablespoons,yes,"heavy cream, half-and-half, or whole milk","2 tablespoons heavy cream, half-and-half, or whole milk (28g)","move to second amount, stacked under first, recipe order - Round B"
chocolate-chip-cookies,3474,2,alternate,2 cups,260g,2 cups,yes,all-purpose flour,2 cups all-purpose flour (260g),"move to second amount, stacked under first, recipe order - Round B"
chocolate-chip-cookies,3475,3,alternate,2 teaspoons,6g,2 teaspoons,yes,Diamond Crystal kosher salt,2 teaspoons Diamond Crystal kosher salt (6g),"move to second amount, stacked under first, recipe order - Round B"
chocolate-chip-cookies,3476,4,alternate,1 teaspoon,6g,1 teaspoon,yes,baking soda,1 teaspoon baking soda (6g),"move to second amount, stacked under first, recipe order - Round B"
chocolate-chip-cookies,3477,5,alternate,¾ cup,150g,¾ cup,yes,packed dark brown sugar,¾ cup packed dark brown sugar (150g),"move to second amount, stacked under first, recipe order - Round B"
chocolate-chip-cookies,3478,6,alternate,¾ cup,150g,¾ cup,yes,granulated sugar,¾ cup granulated sugar (150g),"move to second amount, stacked under first, recipe order - Round B"
chocolate-chip-cookies,3479,7,alternate,2 large,100g,,,"eggs , cold from the refrigerator","2 large eggs (100g), cold from the refrigerator","move to second amount, stacked under first, recipe order - Round B"
chocolate-chip-cookies,3481,9,alternate,5 ounces,142g,,,"bittersweet chocolate disks, half coarsely chopped","5 ounces (142g) bittersweet chocolate disks, half coarsely chopped","move to second amount, stacked under first, recipe order - Round B"
chocolate-chip-cookies,3482,10,alternate,5 ounces,142g,,,"milk chocolate disks, half coarsely chopped","5 ounces (142g) milk chocolate disks, half coarsely chopped","move to second amount, stacked under first, recipe order - Round B"
chocolate-chunk-oatmeal-cookie-bars,3483,0,alternate,1½ sticks,170 grams,,,"unsalted butter, melted and cooled slightly","1½ sticks (170 grams) unsalted butter, melted and cooled slightly","move to second amount, stacked under first, recipe order - Round B"
chocolate-chunk-oatmeal-cookie-bars,3484,1,alternate,¾ cup,150 grams,¾ cup,yes,packed light brown sugar,¾ cup (150 grams) packed light brown sugar,"move to second amount, stacked under first, recipe order - Round B"
chocolate-chunk-oatmeal-cookie-bars,3485,2,alternate,⅓ cup,67 grams,⅓ cup,yes,granulated sugar,⅓ cup (67 grams) granulated sugar,"move to second amount, stacked under first, recipe order - Round B"
chocolate-chunk-oatmeal-cookie-bars,3488,5,alternate,1¼ cups,160 grams,1¼ cups,yes,spooned and leveled all-purpose flour,1¼ cups spooned and leveled all-purpose flour (160 grams),"move to second amount, stacked under first, recipe order - Round B"
chocolate-chunk-oatmeal-cookie-bars,3492,9,alternate,2 cups,180 grams,2 cups,yes,old-fashioned rolled oats,2 cups (180 grams) old-fashioned rolled oats,"move to second amount, stacked under first, recipe order - Round B"
chocolate-chunk-oatmeal-cookie-bars,3493,10,alternate,8 ounces,about 1½ cups/227 grams,,,(about 1½ cups/227 grams) chopped semisweet or bittersweet chocolate,8 ounces (about 1½ cups/227 grams) chopped semisweet or bittersweet chocolate,"move to second amount, stacked under first, recipe order - Round B"
chocolate-hazelnut-wedges,3513,1,alternate,1 cup,130 grams,1 cup,yes,toasted unsalted hazelnuts (see Note),1 cup (130 grams) toasted unsalted hazelnuts (see Note),"move to second amount, stacked under first, recipe order - Round B"
chocolate-hazelnut-wedges,3514,2,alternate,1 cup,128 grams,1 cup,yes,spooned and leveled all-purpose flour,1 cup spooned and leveled all-purpose flour (128 grams),"move to second amount, stacked under first, recipe order - Round B"
chocolate-hazelnut-wedges,3515,3,alternate,3 tablespoons,21 grams,3 tablespoons,yes,"natural, unsweetened cocoa powder","3 tablespoons (21 grams) natural, unsweetened cocoa powder","move to second amount, stacked under first, recipe order - Round B"
chocolate-hazelnut-wedges,3519,7,alternate,½ cup,100 grams,½ cup,yes,packed light brown sugar,½ cup (100 grams) packed light brown sugar,"move to second amount, stacked under first, recipe order - Round B"
cilantro-chutney,3522,0,alternate,1 bunch,about 4 cups,4 cups,,"fresh cilantro, preferably organic, stems and leaves roughly chopped","1 bunch fresh cilantro, preferably organic, stems and leaves roughly chopped (about 4 cups)","move to second amount, stacked under first, recipe order - Round B"
cinnamon-pancakes,3527,0,alternate,1 ½ cups,195g,1 ½ cups,yes,all-purpose flour,1 ½ cups (195g) all-purpose flour,"move to second amount, stacked under first, recipe order - Round B"
cinnamon-pancakes,3532,5,alternate,1 1/4 cups,295ml,295ml,,milk,1 1/4 cups (295ml) milk,"move to second amount, stacked under first, recipe order - Round B"
cinnamon-pancakes,3534,7,alternate,3 tablespoons,42g,3 tablespoons,yes,"butter, melted","3 tablespoons (42g) butter, melted","move to second amount, stacked under first, recipe order - Round B"
cinnamon-pancakes,3538,11,alternate,4 tablespoons,56g,4 tablespoons,yes,butter,4 tablespoons (56g) butter,"move to second amount, stacked under first, recipe order - Round B"
cinnamon-pancakes,3539,12,alternate,3 ounces,85g,,,cream cheese,3 ounces (85g) cream cheese,"move to second amount, stacked under first, recipe order - Round B"
cinnamon-pancakes,3540,13,alternate,1 ½ cups,170g,1 ½ cups,yes,"powdered sugar, sifted","1 ½ cups (170g) powdered sugar, sifted","move to second amount, stacked under first, recipe order - Round B"
cinnamon-pancakes,3544,17,alternate,1 cup,125g,1 cup,yes,"powdered sugar, sifted","1 cup (125g) powdered sugar, sifted","move to second amount, stacked under first, recipe order - Round B"
cinnamon-sugar-speculoos-squares,3563,1,alternate,½ cup,150 grams,½ cup,yes,speculoos cookie butter,½ cup (150 grams) speculoos cookie butter,"move to second amount, stacked under first, recipe order - Round B"
cinnamon-sugar-speculoos-squares,3564,2,alternate,2,16 tablespoons/226 grams,,,"sticks (16 tablespoons/226 grams) unsalted butter, cut into ½-inch cubes","2 sticks (16 tablespoons/226 grams) unsalted butter, cut into ½-inch cubes","move to second amount, stacked under first, recipe order - Round B"
cinnamon-sugar-speculoos-squares,3565,3,alternate,2 cups,400 grams,2 cups,yes,packed light brown sugar,2 cups (400 grams) packed light brown sugar,"move to second amount, stacked under first, recipe order - Round B"
cinnamon-sugar-speculoos-squares,3568,6,alternate,2 ½ cups,320 grams,2 ½ cups,yes,spooned and leveled all-purpose flour,2 ½ cups spooned and leveled all-purpose flour (320 grams),"move to second amount, stacked under first, recipe order - Round B"
cinnamon-sugar-speculoos-squares,3575,13,alternate,¾ cup,75 grams,¾ cup,yes,"confectioners' sugar, plus more as needed","¾ cup (75 grams) confectioners' sugar, plus more as needed","move to second amount, stacked under first, recipe order - Round B"
cinnamon-sugar-speculoos-squares,3576,14,alternate,1 tablespoon,20 ml,20 ml,,"plus 1 teaspoon milk, plus more as needed","1 tablespoon plus 1 teaspoon (20 ml) milk, plus more as needed","move to second amount, stacked under first, recipe order - Round B"
crick-cracks,3634,5,alternate,1¼,5 ounces,,,"sticks (5 ounces) unsalted butter, chilled and cut into ¼-inch cubes","1¼ sticks (5 ounces) unsalted butter, chilled and cut into ¼-inch cubes","move to second amount, stacked under first, recipe order - Round B"
curry-beef,3644,4,alternate,1 pound,450g,,,ground beef,1 pound ground beef (450g),"move to second amount, stacked under first, recipe order - Round B"
curry-beef,3651,11,alternate,1½ cups,350 ml,350 ml,,beef broth,1½ cups beef broth (350 ml),"move to second amount, stacked under first, recipe order - Round B"
dan-dan-noodles,3662,8,alternate,8 oz,225g,,,ground pork,8 oz. ground pork (225g),"move to second amount, stacked under first, recipe order - Round B"
dashi-broth,3675,1,other (prose),1 ounce,a 4-inch x 6-inch piece of kelp,,,kombu (a 4-inch x 6-inch piece of kelp),1 ounce kombu (a 4-inch x 6-inch piece of kelp),keep in name (prose)
dashi-broth,3680,6,other (prose),1 ounce,4-inch x 6-inch piece of kelp,,,kombu (4-inch x 6-inch piece of kelp),1 ounce kombu (4-inch x 6-inch piece of kelp),keep in name (prose)
earl-grey-tea-cake,3717,6,alternate,1/2 cup,1 stick,/115 grams,,"unsalted butter (1 stick), at room temperature, plus more for greasing the pan","1/2 cup/115 grams unsalted butter (1 stick), at room temperature, plus more for greasing the pan","move to second amount, stacked under first, recipe order - Round B"
earthquake-cookies,3731,4,alternate,1,4 ounces,,,"stick (4 ounces) unsalted butter, chilled and cut into ¼-inch cubes","1 stick (4 ounces) unsalted butter, chilled and cut into ¼-inch cubes","move to second amount, stacked under first, recipe order - Round B"
eleni-s-sourdough-bread,3764,2,alternate,3 ⅓ cups,1 pound,,,(1 pound) whole wheat flour,3 ⅓ cups (1 pound) whole wheat flour,"move to second amount, stacked under first, recipe order - Round B"
eleni-s-sourdough-bread,3765,3,alternate,2 ¾ cups,1 pound,,,(1 pound) semolina flour,2 ¾ cups (1 pound) semolina flour,"move to second amount, stacked under first, recipe order - Round B"
falafel-crackers,3801,8,alternate,1,4 ounces,,,"stick (4 ounces) unsalted butter, chilled and cut into ¼ inch cubes","1 stick (4 ounces) unsalted butter, chilled and cut into ¼ inch cubes","move to second amount, stacked under first, recipe order - Round B"
garlic-rice,3869,4,other (prose),3/4 tsp,or 1/2 tsp table salt,,,kosher salt (or 1/2 tsp table salt),3/4 tsp kosher salt (or 1/2 tsp table salt),keep in name (prose)
gazan-lentils-with-swiss-chard-and-tahini,3888,2,other (prose),2 bunches,about 2 lb./1kg,,,"Swiss chard (about 2 lb./1kg), stalks finely chopped, leaves roughly chopped","2 bunches of Swiss chard (about 2 lb./1kg), stalks finely chopped, leaves roughly chopped",keep in name (prose)
glazed-pumpkin-scones,3927,1,alternate,2 ¼ cups,282 g,2 ¼ cups,yes,all-purpose flour,2 ¼ cups (282 g) all-purpose flour,"move to second amount, stacked under first, recipe order - Round B"
glazed-pumpkin-scones,3928,2,alternate,1/4 cup,50 g,1/4 cup,yes,sugar,1/4 cup (50 g) sugar,"move to second amount, stacked under first, recipe order - Round B"
glazed-pumpkin-scones,3935,9,alternate,6 tablespoons,75 g,6 tablespoons,yes,unsalted cold butter,6 tablespoons (75 g) unsalted cold butter,"move to second amount, stacked under first, recipe order - Round B"
green-chicken-chili-soup,3977,6,package size (keep),1 can,14 ounce,,,"white beans such as navy beans cannellini beans or “great northern”, drained and rinsed","1 (14 ounce) can white beans such as navy beans cannellini beans or “great northern”, drained and rinsed",keep as is
green-chicken-chili-soup,3979,8,package size (keep),1 can,4 ounce,,,green chilis,1 (4 ounce) can green chilis,keep as is
hummus-2,4051,0,alternate,1 can,15 ounces,,,"chickpeas, rinsed and drained, or 1 ½ cups cooked chickpeas","1 can (15 ounces) chickpeas, rinsed and drained, or 1 ½ cups cooked chickpeas","move to second amount, stacked under first, recipe order - Round B"
italian-two-bean-soup,4108,14,package size (keep),1 can,1 ¼ cups,1 ¼ cups,,diced tomatoes,1 (1 ¼ cups) can diced tomatoes,keep as is
jamaican-rice-and-peas-beans,4124,0,other (prose),50 g,or 2 tbsp canola or veg oil,/ 3 tbsp,,unsalted butter (or 2 tbsp canola or veg oil),50g / 3 tbsp unsalted butter (or 2 tbsp canola or veg oil),keep in name (prose)
king-arthur-s-original-cake-pan-cake,4246,0,alternate,1 1/2 cups,180g,1 1/2 cups,yes,King Arthur Unbleached All-Purpose Flour,1 1/2 cups (180g) King Arthur Unbleached All-Purpose Flour,"move to second amount, stacked under first, recipe order - Round B"
king-arthur-s-original-cake-pan-cake,4247,1,alternate,1 cup,198g,1 cup,yes,granulated sugar,1 cup (198g) granulated sugar,"move to second amount, stacked under first, recipe order - Round B"
king-arthur-s-original-cake-pan-cake,4248,2,alternate,1/4 cup,21g,1/4 cup,yes,"unsweetened cocoa, Dutch-process or natural*","1/4 cup (21g) unsweetened cocoa, Dutch-process or natural*","move to second amount, stacked under first, recipe order - Round B"
king-arthur-s-original-cake-pan-cake,4252,6,alternate,1 cup,227g,1 cup,yes,water,1 cup (227g) water,"move to second amount, stacked under first, recipe order - Round B"
king-arthur-s-original-cake-pan-cake,4253,7,alternate,1/3 cup,66g,1/3 cup,yes,vegetable oil,1/3 cup (66g) vegetable oil,"move to second amount, stacked under first, recipe order - Round B"
king-arthur-s-original-cake-pan-cake,4254,8,alternate,1 tablespoon,14g,1 tablespoon,yes,white vinegar,1 tablespoon (14g) white vinegar,"move to second amount, stacked under first, recipe order - Round B"
king-arthur-s-original-cake-pan-cake,4256,10,alternate,1 1/2 cups,255g,1 1/2 cups,yes,semisweet chocolate chips,1 1/2 cups (255g) semisweet chocolate chips,"move to second amount, stacked under first, recipe order - Round B"
king-arthur-s-original-cake-pan-cake,4257,11,alternate,1/2 cup,113g,1/2 cup,yes,half-and-half*,1/2 cup (113g) half-and-half*,"move to second amount, stacked under first, recipe order - Round B"
korean-scallion-pancake,4268,2,alternate,3 ounces,about 1/2 cup,1/2 cup,,zucchini matchsticks,3 ounces zucchini matchsticks (about 1/2 cup),"move to second amount, stacked under first, recipe order - Round B"
larb,4305,2,alternate,1 pound,450g,,,ground pork,1 pound ground pork (450g),"move to second amount, stacked under first, recipe order - Round B"
lavender-chocolate-chunk-cookies,4314,0,alternate,2 sticks,226 grams,,,unsalted butter,2 sticks (226 grams) unsalted butter,"move to second amount, stacked under first, recipe order - Round B"
lavender-chocolate-chunk-cookies,4315,1,alternate,3 tablespoons,6 grams,3 tablespoons,yes,"dried lavender, lightly crushed with your fingertips","3 tablespoons (6 grams) dried lavender, lightly crushed with your fingertips","move to second amount, stacked under first, recipe order - Round B"
lavender-chocolate-chunk-cookies,4316,2,alternate,1/3 cups,267 grams,1/3 cups,yes,packed light brown sugar,1/3 cups (267 grams) packed light brown sugar,"move to second amount, stacked under first, recipe order - Round B"
lavender-chocolate-chunk-cookies,4317,3,alternate,⅓ cup,67 grams,⅓ cup,yes,granulated sugar,⅓ cup (67 grams) granulated sugar,"move to second amount, stacked under first, recipe order - Round B"
lavender-chocolate-chunk-cookies,4320,6,alternate,3/4 cups,416 grams,3/4 cups,yes,spooned and leveled all-purpose flour,3/4 cups spooned and leveled all-purpose flour (416 grams),"move to second amount, stacked under first, recipe order - Round B"
lavender-chocolate-chunk-cookies,4324,10,alternate,8 ounces,227 grams,1 ½ cups,,"semisweet or bittersweet chocolate, roughly chopped","8 ounces (227 grams) semisweet or bittersweet chocolate, roughly chopped (about 1 ½ cups)","move to second amount, stacked under first, recipe order - Round B"
lavender-chocolate-chunk-cookies,4324,10,alternate,8 ounces,about 1 ½ cups,1 ½ cups,,"semisweet or bittersweet chocolate, roughly chopped","8 ounces (227 grams) semisweet or bittersweet chocolate, roughly chopped (about 1 ½ cups)","move to second amount, stacked under first, recipe order - Round B"
leek-and-potato-soup,4338,0,alternate,2 tbsp,30g,2 tbsp,yes,butter,2 tbsp (30g) butter,"move to second amount, stacked under first, recipe order - Round B"
leek-and-potato-soup,4340,2,alternate,3,about 2 cups,2 cups,,"leeks, white and pale green parts only sliced thinly","3 leeks , white and pale green parts only sliced thinly (about 2 cups)","move to second amount, stacked under first, recipe order - Round B"
leek-and-potato-soup,4342,4,alternate,1.5 litre,6 cups,6 cups,,"chicken or vegetable stock , low sodium","1.5 litre / 1.5 qt chicken or vegetable stock , low sodium (6 cups)","move to second amount, stacked under first, recipe order - Round B"
leek-and-potato-soup,4343,5,alternate,3/4 cup,185 ml,185 ml,,"cream, heavy/thickened (sub milk)","3/4 cup (185 ml) cream , heavy/thickened (sub milk)","move to second amount, stacked under first, recipe order - Round B"
lemon-cumin-and-green-chili-sea-bass,4356,0,other (prose),2 medium,around 10 oz./300g each,,,sea bass (around 10 oz./300g each),2 medium sea bass (around 10 oz./300g each),keep in name (prose)
lima-bean-and-basil-dip,4392,0,alternate,10 ounces,1¼ cups,1¼ cups,,frozen or cooked lima beans,10 ounces frozen or cooked lima beans (1¼ cups),"move to second amount, stacked under first, recipe order - Round B"
malted-brownie-biscotti,4415,0,alternate,,8 tablespoons/113 grams,,,"stick (8 tablespoons/113 grams) unsalted butter, room temperature","stick (8 tablespoons/113 grams) unsalted butter, room temperature","move to second amount, stacked under first, recipe order - Round B"
malted-brownie-biscotti,4416,1,alternate,¾ cup,150 grams,¾ cup,yes,granulated sugar,¾ cup (150 grams) granulated sugar,"move to second amount, stacked under first, recipe order - Round B"
malted-brownie-biscotti,4420,5,alternate,,224 grams,,,"(224 grams), plus more for dusting","(224 grams), plus more for dusting","move to second amount, stacked under first, recipe order - Round B"
malted-brownie-biscotti,4421,6,alternate,¼ cup,28 grams,¼ cup,yes,malted milk powder,¼ cup (28 grams) malted milk powder,"move to second amount, stacked under first, recipe order - Round B"
malted-brownie-biscotti,4422,7,alternate,¼ cup,23 grams,¼ cup,yes,"natural, unsweetened cocoa powder,","¼ cup (23 grams) natural, unsweetened cocoa powder,","move to second amount, stacked under first, recipe order - Round B"
malted-brownie-biscotti,4426,11,alternate,4 ounces,113 grams,¾ cup,,"semisweet or bittersweet chocolate, roughly chopped","4 ounces (113 grams) semisweet or bittersweet chocolate, roughly chopped (about ¾ cup)","move to second amount, stacked under first, recipe order - Round B"
malted-chocolate-chip-cookie-bars,4428,1,alternate,2 cups,256 grams,2 cups,yes,spooned and leveled all-purpose flour,2 cups spooned and leveled all-purpose flour (256 grams),"move to second amount, stacked under first, recipe order - Round B"
malted-chocolate-chip-cookie-bars,4429,2,alternate,¾ Cup,84 grams,¾ Cup,yes,malted milk powder,¾ Cup (84 grams) malted milk powder,"move to second amount, stacked under first, recipe order - Round B"
malted-chocolate-chip-cookie-bars,4432,5,alternate,2,16 tablespoons/226 grams,,,"sticks (16 tablespoons/226 grams) unsalted butter, room temperature","2 sticks (16 tablespoons/226 grams) unsalted butter, room temperature","move to second amount, stacked under first, recipe order - Round B"
malted-chocolate-chip-cookie-bars,4433,6,alternate,1½ cups,300 grams,1½ cups,yes,packed light brown sugar,1½ cups (300 grams) packed light brown sugar,"move to second amount, stacked under first, recipe order - Round B"
malted-chocolate-chip-cookie-bars,4436,9,alternate,1½ cups,about 9 ounces/255 grams,,,(about 9 ounces/255 grams) bittersweet or semisweet chocolate chips,1½ cups (about 9 ounces/255 grams) bittersweet or semisweet chocolate chips,"move to second amount, stacked under first, recipe order - Round B"
marble-bundt-cake,4441,2,alternate,2 cups,400 grams,2 cups,yes,granulated sugar,2 cups (400 grams) granulated sugar,"move to second amount, stacked under first, recipe order - Round B"
marble-bundt-cake,4443,4,alternate,1 teaspoon,5 ml,5 ml,,vanilla extract,1 teaspoon (5 ml) vanilla extract,"move to second amount, stacked under first, recipe order - Round B"
marble-bundt-cake,4444,5,alternate,2/3 cup,160 grams,2/3 cup,yes,sour cream,2/3 cup (160 grams) sour cream,"move to second amount, stacked under first, recipe order - Round B"
marble-bundt-cake,4445,6,alternate,1½ cups,355 ml,355 ml,,"milk, preferably whole","1½ cups (355 ml) milk, preferably whole","move to second amount, stacked under first, recipe order - Round B"
marble-bundt-cake,4448,9,alternate,2/3 cups,305 grams,2/3 cups,yes,all-purpose flour,2/3 cups (305 grams) all-purpose flour,"move to second amount, stacked under first, recipe order - Round B"
marble-bundt-cake,4449,10,alternate,2 ounces,55 grams,,,"white chocolate, melted and cooled slightly","2 ounces (55 grams) white chocolate, melted and cooled slightly","move to second amount, stacked under first, recipe order - Round B"
marble-bundt-cake,4450,11,alternate,⅓ cup,25 grams,⅓ cup,yes,"cocoa powder (any variety), sifted if lumpy","⅓ cup (25 grams) cocoa powder (any variety), sifted if lumpy","move to second amount, stacked under first, recipe order - Round B"
marble-bundt-cake,4451,12,alternate,2 ounces,55 grams,,,"dark or bittersweet chocolate, melted and cooled slightly","2 ounces (55 grams) dark or bittersweet chocolate, melted and cooled slightly","move to second amount, stacked under first, recipe order - Round B"
marble-bundt-cake,4453,14,alternate,6 tablespoons,90 ml,90 ml,,heavy cream,6 tablespoons (90 ml) heavy cream,"move to second amount, stacked under first, recipe order - Round B"
marbled-chocolate-sugar-cookies,4455,0,alternate,2½ cups,320 grams,2½ cups,yes,spooned and leveled all-purpose flour,2½ cups spooned and leveled all-purpose flour (320 grams),"move to second amount, stacked under first, recipe order - Round B"
marbled-chocolate-sugar-cookies,4459,4,alternate,2,16 tablespoons/226 grams,,,"sticks (16 tablespoons/226 grams) unsalted butter, room temperature","2 sticks (16 tablespoons/226 grams) unsalted butter, room temperature","move to second amount, stacked under first, recipe order - Round B"
marbled-chocolate-sugar-cookies,4460,5,alternate,1½ cups,300 grams,1½ cups,yes,"granulated sugar, divided","1½ cups (300 grams) granulated sugar, divided","move to second amount, stacked under first, recipe order - Round B"
marbled-chocolate-sugar-cookies,4461,6,alternate,⅓ cup,67 grams,⅓ cup,yes,"packed light brown sugar 1 large egg, room temperature","⅓ cup (67 grams) packed light brown sugar 1 large egg, room temperature","move to second amount, stacked under first, recipe order - Round B"
marbled-chocolate-sugar-cookies,4463,8,alternate,2 tablespoons,14 grams,2 tablespoons,yes,"natural, unsweetened cocoa powder, sifted","2 tablespoons (14 grams) natural, unsweetened cocoa powder, sifted","move to second amount, stacked under first, recipe order - Round B"
matar-paneer,4505,12,other (prose),8 ounces,"1 cup; see Tip, below",,,"paneer, cut into ½-inch cubes (1 cup; see Tip, below)","8 ounces paneer, cut into ½-inch cubes (1 cup; see Tip, below)",keep in name (prose)
matcha-amaretti-cookies,4508,0,alternate,2 ⅓ cups,235 grams,2 ⅓ cups,yes,almond flour,2 ⅓ cups (235 grams) almond flour,"move to second amount, stacked under first, recipe order - Round B"
matcha-amaretti-cookies,4509,1,alternate,1 tablespoon,6 grams,1 tablespoon,yes,matcha powder,1 tablespoon (6 grams) matcha powder,"move to second amount, stacked under first, recipe order - Round B"
matcha-amaretti-cookies,4511,3,alternate,1 ½ cups,300 grams,1 ½ cups,yes,"granulated sugar, divided","1 ½ cups (300 grams) granulated sugar, divided","move to second amount, stacked under first, recipe order - Round B"
matcha-amaretti-cookies,4515,7,alternate,1 cup,100 grams,1 cup,yes,confectioners' sugar,1 cup (100 grams) confectioners' sugar,"move to second amount, stacked under first, recipe order - Round B"
mcdonald-s-chicken-mcnuggets,4518,2,alternate,1,36g,,,"heaping tbsp plus 2 tsp kosher salt, divided","1 heaping tbsp plus 2 tsp (36g) kosher salt, divided","move to second amount, stacked under first, recipe order - Round B"
mcdonald-s-chicken-mcnuggets,4519,3,alternate,1 tsp,7g,1 tsp,yes,granulated sugar,1 tsp (7g) granulated sugar,"move to second amount, stacked under first, recipe order - Round B"
mcdonald-s-chicken-mcnuggets,4520,4,alternate,1 tsp,4g,1 tsp,yes,"MSG, divided","1 tsp (4g) MSG, divided","move to second amount, stacked under first, recipe order - Round B"
mcdonald-s-chicken-mcnuggets,4521,5,alternate,3 1/2,3.3L,3.3L,,quarts vegetable oil,3 1/2 quarts (3.3L) vegetable oil,"move to second amount, stacked under first, recipe order - Round B"
mcdonald-s-chicken-mcnuggets,4522,6,alternate,¾ cup,120g,¾ cup,yes,"cornstarch, divided","¾ cup (120g) cornstarch, divided","move to second amount, stacked under first, recipe order - Round B"
mcdonald-s-chicken-mcnuggets,4523,7,alternate,2 cups,480ml,480ml,,"chilled water, divided","2 cups (480ml) chilled water, divided","move to second amount, stacked under first, recipe order - Round B"
mcdonald-s-chicken-mcnuggets,4524,8,alternate,3 ¾ cups,525g,3 ¾ cups,yes,"all-purpose flour, divided","3 ¾ cups (525g) all-purpose flour, divided","move to second amount, stacked under first, recipe order - Round B"
mcdonald-s-chicken-mcnuggets,4525,9,alternate,1 tsp,3g,1 tsp,yes,"white pepper, freshly ground","1 tsp (3g) white pepper, freshly ground","move to second amount, stacked under first, recipe order - Round B"
mcdonald-s-chicken-mcnuggets,4526,10,alternate,1 tsp,2g,1 tsp,yes,celery powder,1 tsp (2g) celery powder,"move to second amount, stacked under first, recipe order - Round B"
mcdonald-s-chicken-mcnuggets,4527,11,alternate,1 ¼ tsp,4g,1 ¼ tsp,yes,baking powder,1 ¼  tsp (4g) baking powder,"move to second amount, stacked under first, recipe order - Round B"
mcdonald-s-chicken-mcnuggets,4528,12,alternate,¼ tsp,1g,¼ tsp,yes,baking soda,¼ tsp (1g) baking soda,"move to second amount, stacked under first, recipe order - Round B"
meatball-banh-mi,4568,9,alternate,1 pound,450g,,,ground pork,1 pound ground pork (450g),"move to second amount, stacked under first, recipe order - Round B"
mocha-chocolate-chunk-cookies,4651,0,alternate,2,16 tablespoons/226 grams,,,sticks (16 tablespoons/226 grams) unsalted butter,2 sticks (16 tablespoons/226 grams) unsalted butter,"move to second amount, stacked under first, recipe order - Round B"
mocha-chocolate-chunk-cookies,4653,2,alternate,,384 grams,,,(384 grams),(384 grams),"move to second amount, stacked under first, recipe order - Round B"
mocha-chocolate-chunk-cookies,4654,3,alternate,½ cup,45 grams,½ cup,yes,"natural, unsweetened cocoa powder","½ cup (45 grams) natural, unsweetened cocoa powder","move to second amount, stacked under first, recipe order - Round B"
mocha-chocolate-chunk-cookies,4658,7,alternate,2 tablespoons,30 ml,30 ml,,hot water,2 tablespoons (30 ml) hot water,"move to second amount, stacked under first, recipe order - Round B"
mocha-chocolate-chunk-cookies,4661,10,alternate,1½ cups,300 grams,1½ cups,yes,packed light brown sugar,1½ cups (300 grams) packed light brown sugar,"move to second amount, stacked under first, recipe order - Round B"
mocha-chocolate-chunk-cookies,4662,11,alternate,,67 grams,,,/3 Cup (67 grams) granulated sugar,/3 Cup (67 grams) granulated sugar,"move to second amount, stacked under first, recipe order - Round B"
mocha-chocolate-chunk-cookies,4664,13,alternate,8 ounces,227 grams,1⅓ cups,,"semisweet or bittersweet chocolate, roughly chopped","8 ounces (227 grams) semisweet or bittersweet chocolate, roughly chopped (about 1⅓ cups)","move to second amount, stacked under first, recipe order - Round B"
mocha-chocolate-chunk-cookies,4664,13,alternate,8 ounces,about 1⅓ cups,1⅓ cups,,"semisweet or bittersweet chocolate, roughly chopped","8 ounces (227 grams) semisweet or bittersweet chocolate, roughly chopped (about 1⅓ cups)","move to second amount, stacked under first, recipe order - Round B"
mongolian-chicken,4666,1,other (prose),1 tablespoon,plus ⅓ cup/80ml for frying,,,vegetable oil (plus ⅓ cup/80ml for frying),1 tablespoon vegetable oil (plus ⅓ cup/80ml for frying),keep in name (prose)
morning-buns-with-orange-blossom-glaze,4681,5,alternate,2 tablespoons,1 ounce,,,"(1 ounce) unsalted butter, chilled and cut into ¼4-inch cubes","2 tablespoons (1 ounce) unsalted butter, chilled and cut into ¼4-inch cubes","move to second amount, stacked under first, recipe order - Round B"
morning-buns-with-orange-blossom-glaze,4682,6,alternate,2,8 ounces,,,"sticks (8 ounces) unsalted butter, at room temperature","2 sticks (8 ounces) unsalted butter, at room temperature","move to second amount, stacked under first, recipe order - Round B"
new-york-style-bagel,4717,2,other (prose),1 ¼ cups,you may need ± ¼ cup /60 ml more,/ 300 ml,,warm water (you may need ± ¼ cup /60 ml more),1 ¼ cups / 300 ml warm water (you may need ± ¼ cup /60 ml more),keep in name (prose)
new-york-style-bagel,4718,3,other (prose),3 ½ cups,you may need up to 1/2 cup / 60g for kneading,/ 440 g,,bread flour or high gluten flour (you may need up to 1/2 cup / 60g for kneading),3 ½ cups / 440 g bread flour or high gluten flour (you may need up to 1/2 cup / 60g for kneading),keep in name (prose)
oat-bars,4723,2,alternate,1¾ cups,230 grams,1¾ cups,yes,all-purpose flour,1¾ cups (230 grams) all-purpose flour,"move to second amount, stacked under first, recipe order - Round B"
oat-bars,4725,4,alternate,⅓ cup,65 grams,⅓ cup,yes,granulated sugar,⅓ cup (65 grams) granulated sugar,"move to second amount, stacked under first, recipe order - Round B"
oat-bars,4726,5,alternate,¾ cup,200 grams,¾ cup,yes,plus 2 tablespoons cold unsalted butter,¾ cup plus 2 tablespoons (200 grams) cold unsalted butter,"move to second amount, stacked under first, recipe order - Round B"
oat-bars,4728,7,alternate,½ cup,115 grams,½ cup,yes,unsalted butter,½ cup (115 grams) unsalted butter,"move to second amount, stacked under first, recipe order - Round B"
oat-bars,4729,8,alternate,½ cup,100 grams,½ cup,yes,granulated sugar,½ cup (100 grams) granulated sugar,"move to second amount, stacked under first, recipe order - Round B"
oat-bars,4730,9,alternate,¾ cup,145 grams,¾ cup,yes,dark-brown sugar,¾ cup (145 grams) dark-brown sugar,"move to second amount, stacked under first, recipe order - Round B"
oat-bars,4734,13,alternate,1⅓ cups,105 grams,1⅓ cups,yes,rolled oats,1⅓ cups (105 grams) rolled oats,"move to second amount, stacked under first, recipe order - Round B"
oatmeal-sesame-cookies,4746,9,alternate,1¾,7 ounces,,,"sticks (7 ounces) unsalted butter, chilled and cut into ¼4-inch cubes","1¾ sticks (7 ounces) unsalted butter, chilled and cut into ¼4-inch cubes","move to second amount, stacked under first, recipe order - Round B"
panang-curry,4857,3,other (prose),2/3 cup,"24 x 6cm/2.5"" long, 1/2 cup (15g",,,"dried Chinese chillies (not Thai!) (24 x 6cm/2.5"" long, 1/2 cup (15g) once deseeded chopped)","2/3 cup dried Chinese chillies (not Thai!) (24 x 6cm/2.5"" long, 1/2 cup (15g) once deseeded chopped)",keep in name (prose)
panang-curry,4860,6,alternate,2,1/2 cup,1/2 cup,,"shallots, roughly chopped","2 shallots , roughly chopped (1/2 cup)","move to second amount, stacked under first, recipe order - Round B"
panang-curry,4861,7,other (prose),1 tbsp,"~1.5cm / 0.6"" piece",,,"galangal, finely grated (~1.5cm / 0.6"" piece)","1 tbsp galangal, finely grated (~1.5cm / 0.6"" piece)",keep in name (prose)
pasta-with-parsnips-and-bacon,4955,0,alternate,3 medium,3/4 pound,,,"parsnips (3/4 pound), peeled and cut into 1/2-inch pieces","3 medium parsnips (3/4 pound), peeled and cut into 1/2-inch pieces","move to second amount, stacked under first, recipe order - Round B"
pork-stir-fry-with-green-beans,5056,2,alternate,1/2 small,about 1/2 cup,1/2 cup,,"onion, finely chopped","1/2 small onion, finely chopped (about 1/2 cup)","move to second amount, stacked under first, recipe order - Round B"
potato-scallion-cakes-fritterra,5073,5,alternate,¼ cup,15g,¼ cup,yes,fresh bread crumbs,¼ cup (15g) fresh bread crumbs,"move to second amount, stacked under first, recipe order - Round B"
potato-scallion-cakes-fritterra,5074,6,alternate,1½ cups,315g,1½ cups,yes,cold mashed potatoes,1½ cups (315g) cold mashed potatoes,"move to second amount, stacked under first, recipe order - Round B"
pumpkin-scones,5115,1,alternate,½ cup,1 stick/113g,,,unsalted butter (1 stick/113g),½ cup unsalted butter (1 stick/113g),"move to second amount, stacked under first, recipe order - Round B"
pumpkin-scones,5116,2,alternate,2 ¼ cup,270g,2 ¼ cup,yes,all-purpose flour,2 ¼ cup all-purpose flour (270g),"move to second amount, stacked under first, recipe order - Round B"
pumpkin-scones,5117,3,alternate,¼ cup,50g,¼ cup,yes,granulated sugar,¼ cup granulated sugar (50g),"move to second amount, stacked under first, recipe order - Round B"
pumpkin-scones,5123,9,alternate,½ cup,122g,½ cup,yes,pumpkin purée,½ cup pumpkin purée (122g),"move to second amount, stacked under first, recipe order - Round B"
pumpkin-scones,5125,11,alternate,¼ cup,55g,¼ cup,yes,light brown sugar,¼ cup light brown sugar (55g),"move to second amount, stacked under first, recipe order - Round B"
pumpkin-scones,5135,21,alternate,1 ½ cups,180g,1 ½ cups,yes,powdered sugar,1 ½ cups powdered sugar (180g),"move to second amount, stacked under first, recipe order - Round B"
raspberry-chocolate-chunk-cookies,5208,4,alternate,2 sticks,226 grams,,,"unsalted butter, room temperature","2 sticks (226 grams) unsalted butter, room temperature","move to second amount, stacked under first, recipe order - Round B"
raspberry-chocolate-chunk-cookies,5209,5,alternate,1 ¼ cups,250 grams,1 ¼ cups,yes,packed light brown sugar,1 ¼ cups (250 grams) packed light brown sugar,"move to second amount, stacked under first, recipe order - Round B"
raspberry-chocolate-chunk-cookies,5210,6,alternate,½ cup,100 grams,½ cup,yes,granulated sugar,½ cup (100 grams) granulated sugar,"move to second amount, stacked under first, recipe order - Round B"
raspberry-chocolate-chunk-cookies,5213,9,alternate,8 ounces,227 grams,1 ⅓ cups,,"semisweet or bittersweet chocolate, roughly chopped","8 ounces (227 grams) semisweet or bittersweet chocolate, roughly chopped (about 1 ⅓ cups)","move to second amount, stacked under first, recipe order - Round B"
raspberry-chocolate-chunk-cookies,5213,9,alternate,8 ounces,about 1 ⅓ cups,1 ⅓ cups,,"semisweet or bittersweet chocolate, roughly chopped","8 ounces (227 grams) semisweet or bittersweet chocolate, roughly chopped (about 1 ⅓ cups)","move to second amount, stacked under first, recipe order - Round B"
raspberry-pie-6-year-anniversary-pie,5214,0,package size (keep),1 package,14.1 ounce,,,"double-crust pie pastry, thawed","1 (14.1 ounce) package double-crust pie pastry, thawed",keep as is
rhubarb-cake,5263,0,alternate,1 pound,454g,,,rhubarb stalks,1 pound (454g) rhubarb stalks,"move to second amount, stacked under first, recipe order - Round B"
rhubarb-cake,5266,3,alternate,1 ¾ cups,228g,1 ¾ cups,yes,all-purpose flour,1 ¾ cups all-purpose flour (228g),"move to second amount, stacked under first, recipe order - Round B"
rhubarb-cake,5267,4,alternate,2 ½ teaspoons,0.35 oz / 10g,,,baking powder (0.35 oz / 10g),2 ½ teaspoons baking powder (0.35 oz / 10g),"move to second amount, stacked under first, recipe order - Round B"
rhubarb-cake,5269,6,alternate,1 ¼ cups,8.8 oz / 250g,,,granulated sugar (8.8 oz / 250g),1 ¼ cups granulated sugar (8.8 oz / 250g),"move to second amount, stacked under first, recipe order - Round B"
rhubarb-cake,5270,7,alternate,1 stick,4 oz / 113g,,,"unsalted butter (4 oz / 113g), melted and cooled","1 stick unsalted butter (4 oz / 113g), melted and cooled","move to second amount, stacked under first, recipe order - Round B"
rhubarb-cake,5271,8,alternate,2 large,3.5 oz / 100g,,,eggs (3.5 oz / 100g),2 large eggs (3.5 oz / 100g),"move to second amount, stacked under first, recipe order - Round B"
rhubarb-cake,5273,10,alternate,⅓ cup,2.8 oz / 80g,,,plain whole-milk Greek yogurt (2.8 oz / 80g),⅓ cup plain whole-milk Greek yogurt (2.8 oz / 80g),"move to second amount, stacked under first, recipe order - Round B"
roasted-carrot-avocado-salad-with-crunchy-seeds,5296,0,alternate,2 pounds,900g,,,"small carrots (3 inches/7.5cm long and ½ inch/1.3cm thick) or large carrots, peeled, quartered, and cut into 3-inch (7.5cm) segments (about 4 cups/950ml)","2 pounds (900g) small carrots (3 inches/7.5cm long and ½ inch/1.3cm thick) or large carrots, peeled, quartered, and cut into 3-inch (7.5cm) ","move to second amount, stacked under first, recipe order - Round B"
roasted-carrot-avocado-salad-with-crunchy-seeds,5296,0,alternate,2 pounds,about 4 cups/950ml,,,"small carrots (3 inches/7.5cm long and ½ inch/1.3cm thick) or large carrots, peeled, quartered, and cut into 3-inch (7.5cm) segments (about 4 cups/950ml)","2 pounds (900g) small carrots (3 inches/7.5cm long and ½ inch/1.3cm thick) or large carrots, peeled, quartered, and cut into 3-inch (7.5cm) ","move to second amount, stacked under first, recipe order - Round B"
roasted-carrot-avocado-salad-with-crunchy-seeds,5300,4,alternate,½ cup,120ml,120ml,,extra-virgin olive oil,½ cup (120ml) extra-virgin olive oil,"move to second amount, stacked under first, recipe order - Round B"
roasted-carrot-avocado-salad-with-crunchy-seeds,5309,13,alternate,2 cups,about 60g,2 cups,yes,"mixed baby sprouts, herbs, and microgreens","2 cups (about 60g) mixed baby sprouts, herbs, and microgreens","move to second amount, stacked under first, recipe order - Round B"
roasted-carrot-avocado-salad-with-crunchy-seeds,5310,14,alternate,¼ cup,60g,¼ cup,yes,crème fraîche,¼ cup (60g) crème fraîche,"move to second amount, stacked under first, recipe order - Round B"
roasted-cauliflower-with-garlic,5316,0,alternate,1 large head,about 10 cups,10 cups,,cauliflower chopped into florets,1 large head cauliflower chopped into florets (about 10 cups),"move to second amount, stacked under first, recipe order - Round B"
salsa-verde,5332,1,alternate,10 to 12 medium,about 1½ pounds,,,"tomatillos, husked (about 1½ pounds)","10 to 12 medium tomatillos, husked (about 1½ pounds)","move to second amount, stacked under first, recipe order - Round B"
salt-crusted-potatoes-with-cilantro-mojo,5363,1,alternate,2¼ pounds,1kg,,,"(1kg) evenly sized waxy new potatoes, such as fingerling, scrubbed but unpeeled","2¼ pounds (1kg) evenly sized waxy new potatoes, such as fingerling, scrubbed but unpeeled","move to second amount, stacked under first, recipe order - Round B"
salt-crusted-potatoes-with-cilantro-mojo,5371,9,alternate,,120ml,,,Scant ½ cup (120ml) extra-virgin olive oil,Scant ½ cup (120ml) extra-virgin olive oil,"move to second amount, stacked under first, recipe order - Round B"
salted-brown-butter-pecan-tassies,5374,1,alternate,1 stick,113 grams,,,"salted butter, room temperature","1 stick (113 grams) salted butter, room temperature","move to second amount, stacked under first, recipe order - Round B"
salted-brown-butter-pecan-tassies,5375,2,alternate,4 ounces,½ block/113 grams,,,"cream cheese, room temperature","4 ounces (½ block/113 grams) cream cheese, room temperature","move to second amount, stacked under first, recipe order - Round B"
salted-brown-butter-pecan-tassies,5377,4,alternate,1 ¼ cups,160 grams,1 ¼ cups,yes,spooned and leveled all-purpose flour,1 ¼ cups spooned and leveled all-purpose flour (160 grams),"move to second amount, stacked under first, recipe order - Round B"
salted-brown-butter-pecan-tassies,5379,6,alternate,½,4 tablespoons/57 grams,,,stick (4 tablespoons/57 grams) salted butter,½ stick (4 tablespoons/57 grams) salted butter,"move to second amount, stacked under first, recipe order - Round B"
salted-brown-butter-pecan-tassies,5380,7,alternate,1 cup,200 grams,1 cup,yes,packed light brown sugar,1 cup (200 grams) packed light brown sugar,"move to second amount, stacked under first, recipe order - Round B"
salted-brown-butter-pecan-tassies,5384,11,alternate,1 cup,125 grams,1 cup,yes,"toasted unsalted pecans, coarsely chopped, divided","1 cup (125 grams) toasted unsalted pecans, coarsely chopped, divided","move to second amount, stacked under first, recipe order - Round B"
sarma-hot-honey-cornbread,5385,0,alternate,60 g,1/2 cup,1/2 cup,,white cornmeal,60g (1/2 cup) white cornmeal,"move to second amount, stacked under first, recipe order - Round B"
sarma-hot-honey-cornbread,5386,1,alternate,40 g,1/3 cup,1/3 cup,,all-purpose flour,40g (1/3 cup) all-purpose flour,"move to second amount, stacked under first, recipe order - Round B"
sarma-hot-honey-cornbread,5387,2,alternate,48 g,1/3 cup,1/3 cup,,glutinous rice flour,48g (1/3 cup) glutinous rice flour,"move to second amount, stacked under first, recipe order - Round B"
sarma-hot-honey-cornbread,5391,6,alternate,227 g,1 cup,1 cup,,Greek yogurt,227g (1 cup) Greek yogurt,"move to second amount, stacked under first, recipe order - Round B"
sarma-hot-honey-cornbread,5392,7,alternate,85 g,6 tablespoons,6 tablespoons,,"salted butter, melted","85g (6 tablespoons) salted butter, melted","move to second amount, stacked under first, recipe order - Round B"
sarma-hot-honey-cornbread,5394,9,alternate,38 g,1/3 cup,1/3 cup,,cubed feta,38g (1/3 cup) cubed feta,"move to second amount, stacked under first, recipe order - Round B"
sarma-hot-honey-cornbread,5396,11,alternate,100 g,1/2 cup,1/2 cup,,white granulated sugar,100g (1/2 cup) white granulated sugar,"move to second amount, stacked under first, recipe order - Round B"
sausage-kale-and-crouton-saute,5405,1,alternate,2 cups,60 grams,2 cups,yes,"1-inch cubes of sturdy white bread (such as sourdough, ciabatta)","2 cups (60 grams) 1-inch cubes of sturdy white bread (such as sourdough, ciabatta)","move to second amount, stacked under first, recipe order - Round B"
sausage-kale-and-crouton-saute,5406,2,alternate,½ pound,225 grams,,,"fresh sweet Italian sausages, casings removed","½ pound (225 grams) fresh sweet Italian sausages, casings removed","move to second amount, stacked under first, recipe order - Round B"
sausage-kale-and-crouton-saute,5408,4,alternate,¾ cup,200 grams,¾ cup,yes,cooked white beans (about half a 15.5-ounce can),¾ cup (200 grams) cooked white beans (about half a 15.5-ounce can),"move to second amount, stacked under first, recipe order - Round B"
sausage-kale-and-crouton-saute,5408,4,other (prose),¾ cup,about half a 15.5-ounce can,¾ cup,yes,cooked white beans (about half a 15.5-ounce can),¾ cup (200 grams) cooked white beans (about half a 15.5-ounce can),keep in name (prose)
sausage-kale-and-crouton-saute,5411,7,alternate,2 tablespoons,30ml,30ml,,red wine vinegar,2 tablespoons (30ml) red wine vinegar,"move to second amount, stacked under first, recipe order - Round B"
seared-green-beans-with-country-ham-peppers-and-benne-seeds,5427,1,alternate,½ cup,about 2 ounces,,,diced country ham or prosciutto (about 2 ounces),½ cup diced country ham or prosciutto (about 2 ounces),"move to second amount, stacked under first, recipe order - Round B"
sesame-crusted-tofu,5435,0,package size (keep),1,14 to 16 ounce,,,(14 to 16 ounce) package firm tofu,1 (14 to 16 ounce) package firm tofu,keep as is
sesame-crusted-tofu,5443,8,alternate,2 teaspoons,about 2 cloves,,,minced garlic (about 2 cloves),2 teaspoons minced garlic (about 2 cloves),"move to second amount, stacked under first, recipe order - Round B"
shrimp-scampi,5489,1,other (prose),1 Lb,16-20 per lb,,,"of Large Fresh Shrimp, (16-20 per lb)","1 Lb of Large Fresh Shrimp, (16-20 per lb)",keep in name (prose)
snickerdoodle-shortbread,5507,0,alternate,2¾ cups,352 grams,2¾ cups,yes,"spooned and leveled all-purpose flour , plus more for dusting","2¾ cups spooned and leveled all-purpose flour (352 grams), plus more for dusting","move to second amount, stacked under first, recipe order - Round B"
snickerdoodle-shortbread,5510,3,alternate,2,16 tablespoons/226 grams,,,"sticks (16 tablespoons/226 grams) unsalted butter, softened","2 sticks (16 tablespoons/226 grams) unsalted butter, softened","move to second amount, stacked under first, recipe order - Round B"
snickerdoodle-shortbread,5511,4,alternate,½ cup,50 grams,½ cup,yes,confectioners' sugar,½ cup (50 grams) confectioners' sugar,"move to second amount, stacked under first, recipe order - Round B"
snickerdoodle-shortbread,5512,5,alternate,½ cup,100 grams,½ cup,yes,"granulated sugar, divided","½ cup (100 grams) granulated sugar, divided","move to second amount, stacked under first, recipe order - Round B"
spiced-filipino-adobo-with-chicken-and-pork,5544,10,alternate,2 lb,1 kg,,,(1 kg) chicken thighs and drumsticks,2lb (1 kg) chicken thighs and drumsticks,"move to second amount, stacked under first, recipe order - Round B"
spiced-filipino-adobo-with-chicken-and-pork,5545,11,alternate,10 oz,300 g,,,"pork tenderloin, cut into chunks","10 oz (300 g) pork tenderloin, cut into chunks","move to second amount, stacked under first, recipe order - Round B"
spiced-filipino-adobo-with-chicken-and-pork,5546,12,alternate,½ cup,100 ml,100 ml,,coconut vinegar or white wine vinegar,½ cup (100 ml) coconut vinegar or white wine vinegar,"move to second amount, stacked under first, recipe order - Round B"
spiced-filipino-adobo-with-chicken-and-pork,5547,13,alternate,½ cup,100 ml,100 ml,,dark soy sauce,½ cup (100 ml) dark soy sauce,"move to second amount, stacked under first, recipe order - Round B"
spiced-filipino-adobo-with-chicken-and-pork,5548,14,alternate,1 cup,250 ml,250 ml,,chicken stock,1 cup (250 ml) chicken stock,"move to second amount, stacked under first, recipe order - Round B"
stir-fried-green-beans-with-pork,5672,2,other (prose),,"225g, can substitute ground chicken or beef",,,"(225g, can substitute ground chicken or beef)","(225g, can substitute ground chicken or beef)",keep in name (prose)
syrian-style-lentils-with-chard,5728,5,alternate,10,about 3 cups,3 cups,,"chard leaves, stalks removed, sliced into thin ribbons","10 chard leaves, stalks removed, sliced into thin ribbons (about 3 cups)","move to second amount, stacked under first, recipe order - Round B"
syrian-style-lentils-with-chard,5731,8,alternate,¾ cup,about 1 bunch,,,chopped fresh cilantro leaves (about 1 bunch),¾ cup chopped fresh cilantro leaves (about 1 bunch),"move to second amount, stacked under first, recipe order - Round B"
tahini-shortbread-cookies,5764,0,alternate,1 1/4,5 ounces,,,"sticks (5 ounces) unsalted butter, at room temperature","1 1/4 sticks (5 ounces) unsalted butter, at room temperature","move to second amount, stacked under first, recipe order - Round B"
taiwanese-beef-noodle-soup,5770,0,other (prose),3 pounds,"1.4 kg, cut into 2-inch chunks",,,"beef shank (1.4 kg, cut into 2-inch chunks)","3 pounds beef shank (1.4 kg, cut into 2-inch chunks)",keep in name (prose)
taiwanese-beef-noodle-soup,5785,15,alternate,32 ounces,900g,,,fresh wheat (white) noodles,32 ounces fresh wheat (white) noodles (900g),"move to second amount, stacked under first, recipe order - Round B"
teriyaki-tofu,5798,0,other (prose),14 oz,"1 package, 400g",,,"firm tofu (1 package, 400g)","14 oz firm tofu (1 package, 400g)",keep in name (prose)
the-best-new-york-style-bagel,5844,1,alternate,4 1/3 cups,541.67 g,4 1/3 cups,yes,bread flour,4 1/3 cups (541.67 g) bread flour,"move to second amount, stacked under first, recipe order - Round B"
the-best-new-york-style-bagel,5849,6,alternate,1 1/3 cups,315.45 g,1 1/3 cups,yes,warm water (overnight bagels) (add 3.5 tablespoons of water per batch for same day bagels),1 1/3 cups (315.45 g) warm water (overnight bagels) (add 3.5 tablespoons of water per batch for same day bagels),"move to second amount, stacked under first, recipe order - Round B"
the-best-new-york-style-bagel,5854,11,alternate,,1 tablespoon,,,"(1 tablespoon) brown sugar, honey, or barley malt syrup (enough to tint water golden color; can also simply use plain water)","(1 tablespoon) brown sugar, honey, or barley malt syrup (enough to tint water golden color; can also simply use plain water)","move to second amount, stacked under first, recipe order - Round B"
three-cup-chicken,5857,1,package size (keep),6,1-inch-thick,,,(1-inch-thick) slices fresh ginger,6 (1-inch-thick) slices fresh ginger,keep as is
three-cup-tofu,5881,13,other (prose),Small bunch,about 1 cup packed leaves,,,Thai basil (about 1 cup packed leaves),Small bunch of Thai basil (about 1 cup packed leaves),keep in name (prose)
tofu-green-bean-breakfast-scramble,5889,3,alternate,½ pound,about 2 cups,2 cups,,"fresh green beans, ends trimmed, cut into 1-inch pieces, or frozen cut green beans","½ pound fresh green beans, ends trimmed, cut into 1-inch pieces, or frozen cut green beans (about 2 cups)","move to second amount, stacked under first, recipe order - Round B"
tofu-basil-endive-leaves,5898,3,other (prose),7 ounces,about half a 14-ounce package,,,"firm tofu (about half a 14-ounce package), drained and crumbled","7 ounces firm tofu (about half a 14-ounce package), drained and crumbled",keep in name (prose)
tomato-brown-butter,5905,0,package size (keep),1 can,14.5-ounce,,,crushed tomatoes,1 (14.5-ounce) can crushed tomatoes,keep as is
triple-spice-sugar-cookies,5916,0,alternate,2 ¾ cups,352 grams,2 ¾ cups,yes,spooned and leveled all-purpose flour,2 ¾ cups spooned and leveled all-purpose flour (352 grams),"move to second amount, stacked under first, recipe order - Round B"
triple-spice-sugar-cookies,5917,1,alternate,2 tablespoons,15 grams,2 tablespoons,yes,ground cinnamon,2 tablespoons (15 grams) ground cinnamon,"move to second amount, stacked under first, recipe order - Round B"
triple-spice-sugar-cookies,5923,7,alternate,2,16 tablespoons/226 grams,,,"sticks (16 tablespoons/226 grams) unsalted butter, melted and cooled slightly","2 sticks (16 tablespoons/226 grams) unsalted butter, melted and cooled slightly","move to second amount, stacked under first, recipe order - Round B"
triple-spice-sugar-cookies,5924,8,alternate,1 cup,200 grams,1 cup,yes,packed light brown sugar,1 cup (200 grams) packed light brown sugar,"move to second amount, stacked under first, recipe order - Round B"
triple-spice-sugar-cookies,5925,9,alternate,1¼ cups,250 grams,1¼ cups,yes,"granulated sugar, divided","1¼ cups (250 grams) granulated sugar, divided","move to second amount, stacked under first, recipe order - Round B"
vanilla-mug-cake,5951,0,alternate,¼ cup,35 g,¼ cup,yes,"+1 ½ teaspoons all-purpose flour,","¼ cup +1 ½ teaspoons all-purpose flour, (35 g)","move to second amount, stacked under first, recipe order - Round B"
vanilla-mug-cake,5952,1,alternate,2 tablespoons,25 g,2 tablespoons,yes,"sugar,","2 tablespoons sugar, (25 g)","move to second amount, stacked under first, recipe order - Round B"
vanilla-mug-cake,5953,2,alternate,1/4 teaspoon,1 g,1/4 teaspoon,yes,"baking powder,","1/4 teaspoon baking powder, (1 g)","move to second amount, stacked under first, recipe order - Round B"
vanilla-mug-cake,5955,4,alternate,2 tablespoon,28 g,2 tablespoon,yes,"butter, melted","2 tablespoon butter, , melted (28 g)","move to second amount, stacked under first, recipe order - Round B"
vanilla-mug-cake,5956,5,alternate,3 tablespoon,45 ml,45 ml,,"milk,","3 tablespoon milk, (45 ml)","move to second amount, stacked under first, recipe order - Round B"
vanilla-mug-cake,5957,6,alternate,1/2 teaspoon,2.5 ml,2.5 ml,,"vanilla extract,","1/2 teaspoon vanilla extract, (2.5 ml)","move to second amount, stacked under first, recipe order - Round B"
vanilla-mug-cake,5958,7,alternate,1 teaspoon,4 g,1 teaspoon,yes,"sprinkles,","1 teaspoon sprinkles, (4 g)","move to second amount, stacked under first, recipe order - Round B"
vietnamese-caramel-ginger-chicken,5964,5,other (prose),1/3 cup,about 5 cm/2″ thick piece,,,"ginger, finely julienned (about 5 cm/2″ thick piece)","1/3 cup ginger , finely julienned (about 5 cm/2″ thick piece)",keep in name (prose)
vietnamese-caramelised-pork,5973,1,alternate,1/2,~1/2 cup,1/2 cup,,"onion, finely diced (brown, white or yellow)","1/2 onion , finely diced (brown, white or yellow) (~1/2 cup)","move to second amount, stacked under first, recipe order - Round B"
vietnamese-coffee-bundt-cake,5990,7,alternate,½ pound,2 sticks,,,"(2 sticks) unsalted butter, plus more for pan, at room temperature","½ pound (2 sticks) unsalted butter, plus more for pan, at room temperature","move to second amount, stacked under first, recipe order - Round B"
vietnamese-coffee-bundt-cake,5997,14,package size (keep),1,14-ounce can,,,(14-ounce can) sweetened,1 (14-ounce can) sweetened,keep as is
vietnamese-coffee-bundt-cake,6000,17,alternate,1 tablespoon,14g,1 tablespoon,yes,unsalted butter,1 tablespoon (14g) unsalted butter,"move to second amount, stacked under first, recipe order - Round B"
warm-squash-chickpea-salad-with-tahini,6030,0,alternate,2 pounds,900g,,,"winter squash, peeled, seeded, and cut into 1-inch (2.5cm) cubes","2 pounds (900g) winter squash, peeled, seeded, and cut into 1-inch (2.5cm) cubes","move to second amount, stacked under first, recipe order - Round B"
warm-squash-chickpea-salad-with-tahini,6035,5,alternate,1½ cups,250g,1½ cups,yes,"home-cooked chickpeas or one (425g) can cooked chickpeas, drained","1½ cups (250g) home-cooked chickpeas or one (425g) can cooked chickpeas, drained","move to second amount, stacked under first, recipe order - Round B"
warm-squash-chickpea-salad-with-tahini,6035,5,alternate,1½ cups,425g,1½ cups,yes,"home-cooked chickpeas or one (425g) can cooked chickpeas, drained","1½ cups (250g) home-cooked chickpeas or one (425g) can cooked chickpeas, drained","move to second amount, stacked under first, recipe order - Round B"
warm-squash-chickpea-salad-with-tahini,6037,7,alternate,¼ cup,5g,¼ cup,yes,roughly chopped fresh cilantro,¼ cup (5g) roughly chopped fresh cilantro,"move to second amount, stacked under first, recipe order - Round B"
yellow-split-peas-with-za-atar-spiced-almonds,6080,1,alternate,2 small,about 1 cup,1 cup,,"white onions, finely chopped","2 small white onions, finely chopped (about 1 cup)","move to second amount, stacked under first, recipe order - Round B"
cauliflower-soup,6568,1,alternate,1 medium,6 ounces/ 170g,,,"onion (6 ounces/ 170g), sliced thin","medium onion (6 ounces/ 170g), sliced thin","move to second amount, stacked under first, recipe order - Round B"
cauliflower-soup,6571,4,alternate,5½ cups,1.3L,1.3L,,hot water,5½ cups (1.3L) hot water,"move to second amount, stacked under first, recipe order - Round B"
arkansas-style-cheese-dip,6604,8,other (prose),¾ cup,from about /2 bunch,,,"fresh cilantro (from about /2 bunch), roughly chopped","¾ cup fresh cilantro (from about /2 bunch), roughly chopped",keep in name (prose)
arkansas-style-cheese-dip,6612,16,package size (keep),1 can,12-ounce,,,evaporated milk,1 (12-ounce) can evaporated milk,keep as is
pumpkin-spice-sandwich-cookies-with-brown-butter-cream-cheese-frosting,7415,1,alternate,1,8 tablespoons/113 grams,,,stick (8 tablespoons/113 grams) unsalted butter,1 stick (8 tablespoons/113 grams) unsalted butter,"move to second amount, stacked under first, recipe order - Round B"
pumpkin-spice-sandwich-cookies-with-brown-butter-cream-cheese-frosting,7416,2,alternate,1 ⅔ cups,213 grams,1 ⅔ cups,yes,spooned and leveled all-purpose flour,1 ⅔ cups spooned and leveled all-purpose flour (213 grams),"move to second amount, stacked under first, recipe order - Round B"
pumpkin-spice-sandwich-cookies-with-brown-butter-cream-cheese-frosting,7417,3,alternate,2 tablespoons,15 grams,,,pumpkin pie spice,2 tablespoons (15 grams) pumpkin pie spice,"move to second amount, stacked under first, recipe order - Round B"
pumpkin-spice-sandwich-cookies-with-brown-butter-cream-cheese-frosting,7421,7,alternate,¾ cup,150 grams,¾ cup,yes,"packed light brown sugar 1 cup (200 grams) granulated sugar, divided","¾ cup (150 grams) packed light brown sugar 1 cup (200 grams) granulated sugar, divided","move to second amount, stacked under first, recipe order - Round B"
pumpkin-spice-sandwich-cookies-with-brown-butter-cream-cheese-frosting,7421,7,alternate,¾ cup,200 grams,¾ cup,yes,"packed light brown sugar 1 cup (200 grams) granulated sugar, divided","¾ cup (150 grams) packed light brown sugar 1 cup (200 grams) granulated sugar, divided","move to second amount, stacked under first, recipe order - Round B"
pumpkin-spice-sandwich-cookies-with-brown-butter-cream-cheese-frosting,7422,8,alternate,½ cup,120 grams,½ cup,yes,canned pumpkin puree (not pumpkin pie filling),½ cup (120 grams) canned pumpkin puree (not pumpkin pie filling),"move to second amount, stacked under first, recipe order - Round B"
pumpkin-spice-sandwich-cookies-with-brown-butter-cream-cheese-frosting,7425,11,alternate,4 ounces,½ block/113 grams,,,"cold cream cheese, cut into large cubes","4 ounces (½ block/113 grams) cold cream cheese, cut into large cubes","move to second amount, stacked under first, recipe order - Round B"
pumpkin-spice-sandwich-cookies-with-brown-butter-cream-cheese-frosting,7426,12,alternate,½,4 tablespoons/57 grams,,,stick (4 tablespoons/57 grams) unsalted butter,½ stick (4 tablespoons/57 grams) unsalted butter,"move to second amount, stacked under first, recipe order - Round B"
pumpkin-spice-sandwich-cookies-with-brown-butter-cream-cheese-frosting,7429,15,alternate,2 cups,200 grams,2 cups,yes,confectioners' sugar,2 cups (200 grams) confectioners' sugar,"move to second amount, stacked under first, recipe order - Round B"
tahini-brioche-loaves-and-dinner-rolls,7467,12,alternate,1¾,7 ounces,,,"sticks (7 ounces) unsalted butter, chilled and cut into ½-inch cubes","1¾ sticks (7 ounces) unsalted butter, chilled and cut into ½-inch cubes","move to second amount, stacked under first, recipe order - Round B"
mejadra,7555,1,other (prose),2 tsp,or 1 tsp ground cumin,,,cumin seeds (or 1 tsp ground cumin),2 tsp cumin seeds (or 1 tsp ground cumin),keep in name (prose)
mejadra,7556,2,other (prose),1 1/2 tbsp,or 1 1/2 tsp ground coriander,,,coriander seeds (or 1 1/2 tsp ground coriander),1 1/2 tbsp coriander seeds (or 1 1/2 tsp ground coriander),keep in name (prose)
mejadra,7559,5,alternate,400 g,1 can,/ 14 oz,,"canned brown lentils, drained (1 can), drained","400g / 14 oz canned brown lentils, drained (1 can), drained","move to second amount, stacked under first, recipe order - Round B"
basic-hummus,7610,0,alternate,14 cups,250g,14 cups,yes,dried chickpeas,14 cups (250g) dried chickpeas,"move to second amount, stacked under first, recipe order - Round B"
basic-hummus,7612,2,alternate,6½ cups,1.5L,1.5L,,water,6½ cups (1.5L) water,"move to second amount, stacked under first, recipe order - Round B"
basic-hummus,7614,4,alternate,¼ cup,60ml,60ml,,fresh lemon juice,¼ cup (60ml) fresh lemon juice,"move to second amount, stacked under first, recipe order - Round B"
basic-hummus,7616,6,alternate,6½ tablespoons,100ml,,,ice cold water,6½ tablespoons (100ml) ice cold water,"move to second amount, stacked under first, recipe order - Round B"
asparagus-with-eggs-and-za-atar-halayone-w-bayd,9072,1,other (prose),2,about 2 oz/70g total prepared weight,,,"banana shallots (about 2 oz/70g total prepared weight), finely chopped","2 banana shallots (about 2 oz/70g total prepared weight), finely chopped",keep in name (prose)
baked-tofu,9086,0,package size (keep),1,14- to 16-ounce,,,"(14- to 16-ounce) package firm or extra-firm tofu, drained","1 (14- to 16-ounce) package firm or extra-firm tofu, drained",keep as is
spiced-scallops-with-saffron-beurre-blanc,9189,1,alternate,7 oz,200 g,,,button mushrooms,7 oz (200 g) button mushrooms,"move to second amount, stacked under first, recipe order - Round B"
spiced-scallops-with-saffron-beurre-blanc,9199,11,alternate,¾ cup,175 g,¾ cup,yes,"unsalted butter, cubed","¾ cup (175 g) unsalted butter, cubed","move to second amount, stacked under first, recipe order - Round B"
