recipe_id,position,old_label,old_raw,new_label,new_raw,display_before,display_after
acqua-pazza,2,,extra virgin olive oil,extra virgin olive oil,2 tbsp extra virgin olive oil,extra virgin olive oil,extra virgin olive oil
acqua-pazza,3,,"red onion, sliced 1cm / 1/3″ thick","red onion, sliced 1cm / 1/3″ thick","1/4 red onion, sliced 1cm / 1/3″ thick","red onion, sliced 1cm / 1/3″ thick","red onion, sliced 1cm / 1/3″ thick"
acqua-pazza,4,,"fennel (medium) , sliced sliced 1cm / 1/3"" thick","fennel (medium) , sliced sliced 1cm / 1/3"" thick","1/2 fennel (medium) , sliced sliced 1cm / 1/3"" thick","fennel (medium) , sliced sliced 1cm / 1/3"" thick","fennel (medium) , sliced sliced 1cm / 1/3"" thick"
acqua-pazza,6,,"garlic cloves, finely minced","garlic cloves, finely minced","2 garlic cloves, finely minced","garlic cloves, finely minced","garlic cloves, finely minced"
acqua-pazza,7,,"red cherry tomatoes, halved","red cherry tomatoes, halved","15 red cherry tomatoes, halved","red cherry tomatoes, halved","red cherry tomatoes, halved"
acqua-pazza,8,,"yellow cherry tomatoes, halved (or more red)","yellow cherry tomatoes, halved (or more red)","10 yellow cherry tomatoes, halved (or more red)","yellow cherry tomatoes, halved (or more red)","yellow cherry tomatoes, halved (or more red)"
acqua-pazza,9,,"Pinot Grigio, or other dry white wine","Pinot Grigio, or other dry white wine","1 cup Pinot Grigio, or other dry white wine","Pinot Grigio, or other dry white wine","Pinot Grigio, or other dry white wine"
acqua-pazza,10,,water,water,1.5 cups water,water,water
acqua-pazza,11,,"basil, finely sliced (keep stems), plus more for garnish","basil, finely sliced (keep stems), plus more for garnish","1 tbsp basil, finely sliced (keep stems), plus more for garnish","basil, finely sliced (keep stems), plus more for garnish","basil, finely sliced (keep stems), plus more for garnish"
acqua-pazza,12,,"parsley, finely chopped (keep stems)","parsley, finely chopped (keep stems)","1 tbsp parsley, finely chopped (keep stems)","parsley, finely chopped (keep stems)","parsley, finely chopped (keep stems)"
acqua-pazza,14,,"crusty baguette , cut 4 to 6 slices on a diagonal, 1cm / 1/3"" thick","crusty baguette , cut 4 to 6 slices on a diagonal, 1cm / 1/3"" thick","1 crusty baguette , cut 4 to 6 slices on a diagonal, 1cm / 1/3"" thick","crusty baguette , cut 4 to 6 slices on a diagonal, 1cm / 1/3"" thick","crusty baguette , cut 4 to 6 slices on a diagonal, 1cm / 1/3"" thick"
acqua-pazza,15,,salt,salt,1/4 tsp salt,salt,salt
acqua-pazza,16,,extra virgin olive oil,extra virgin olive oil,1 – 2 tbsp extra virgin olive oil,extra virgin olive oil,extra virgin olive oil
acqua-pazza,17,,"garlic clove, halved (for rubbing)","garlic clove, halved (for rubbing)","1 garlic clove, halved (for rubbing)","garlic clove, halved (for rubbing)","garlic clove, halved (for rubbing)"
aloo-gobhi,2,,"olive oil, divided","olive oil, divided","3 tablespoons + 2 tablespoons olive oil, divided","olive oil, divided","olive oil, divided"
aloo-gobhi,10,,"kosher salt, plus more if needed","kosher salt, plus more if needed","1 teaspoon kosher salt, plus more if needed","kosher salt, plus more if needed","kosher salt, plus more if needed"
aloo-potato-parathas,1,,"whole wheat flour, plus more for dusting","whole wheat flour, plus more for dusting","1 cup whole wheat flour, plus more for dusting","whole wheat flour, plus more for dusting","whole wheat flour, plus more for dusting"
aloo-potato-parathas,2,,room-temperature water,room-temperature water,½ cup room-temperature water,room-temperature water,room-temperature water
aloo-potato-parathas,3,,vegetable oil,vegetable oil,¼ teaspoon vegetable oil,vegetable oil,vegetable oil
aloo-potato-parathas,4,,kosher salt,kosher salt,¼ teaspoon kosher salt,kosher salt,kosher salt
aloo-potato-parathas,7,,red chile powder,red chile powder,¼ teaspoon red chile powder,red chile powder,red chile powder
aloo-potato-parathas,8,,"fennel seeds, crushed into a powder","fennel seeds, crushed into a powder","3¾ teaspoon fennel seeds, crushed into a powder","fennel seeds, crushed into a powder","fennel seeds, crushed into a powder"
aloo-potato-parathas,9,,chopped fresh cilantro (stems and leaves),chopped fresh cilantro (stems and leaves),2 tablespoons chopped fresh cilantro (stems and leaves),chopped fresh cilantro (stems and leaves),chopped fresh cilantro (stems and leaves)
aloo-potato-parathas,10,,kosher salt,kosher salt,½ teaspoon kosher salt,kosher salt,kosher salt
aloo-potato-parathas,11,,"vegetable oil, for basting the paratha","vegetable oil, for basting the paratha","¼ cup vegetable oil, for basting the paratha","vegetable oil, for basting the paratha","vegetable oil, for basting the paratha"
arkansas-style-cheese-dip,1,,olive oil,olive oil,1 tablespoon olive oil,olive oil,olive oil
arkansas-style-cheese-dip,3,,"jalapeño, seeded and chopped","jalapeño, seeded and chopped","1 jalapeño, seeded and chopped","jalapeño, seeded and chopped","jalapeño, seeded and chopped"
arkansas-style-cheese-dip,5,,dried oregano,dried oregano,¼ teaspoon dried oregano,dried oregano,dried oregano
arkansas-style-cheese-dip,8,,"fresh cilantro (from about /2 bunch), roughly chopped","fresh cilantro (from about /2 bunch), roughly chopped","¾ cup fresh cilantro (from about /2 bunch), roughly chopped","fresh cilantro (from about /2 bunch), roughly chopped","fresh cilantro (from about /2 bunch), roughly chopped"
arkansas-style-cheese-dip,10,,unsalted butter,unsalted butter,2 tablespoons unsalted butter,unsalted butter,unsalted butter
arkansas-style-cheese-dip,11,,all-purpose flour,all-purpose flour,2 tablespoons all-purpose flour,all-purpose flour,all-purpose flour
arkansas-style-cheese-dip,12,,paprika,paprika,1 tablespoon paprika,paprika,paprika
arkansas-style-cheese-dip,13,,chili powder,chili powder,1 teaspoon chili powder,chili powder,chili powder
arkansas-style-cheese-dip,14,,freshly ground toasted cumin seeds,freshly ground toasted cumin seeds,1 teaspoon freshly ground toasted cumin seeds,freshly ground toasted cumin seeds,freshly ground toasted cumin seeds
arkansas-style-cheese-dip,15,,cayenne pepper,cayenne pepper,½ teaspoon cayenne pepper,cayenne pepper,cayenne pepper
arkansas-style-cheese-dip,16,,evaporated milk,evaporated milk,1 (12-ounce) can evaporated milk,evaporated milk,evaporated milk
arkansas-style-cheese-dip,17,,whole milk,whole milk,1 ½ cups whole milk,whole milk,whole milk
arkansas-style-cheese-dip,18,,grated cheese,grated cheese,1 pound grated cheese,grated cheese,grated cheese
arkansas-style-cheese-dip,21,,"limes, cut into wedges, for serving","limes, cut into wedges, for serving","2 limes, cut into wedges, for serving","limes, cut into wedges, for serving","limes, cut into wedges, for serving"
basic-dal,1,,"masoor dal (also known as split and dehusked pink lentils, red lentils, or dhuli masoor)","masoor dal (also known as split and dehusked pink lentils, red lentils, or dhuli masoor)","1 cup masoor dal (also known as split and dehusked pink lentils, red lentils, or dhuli masoor)","masoor dal (also known as split and dehusked pink lentils, red lentils, or dhuli masoor)","masoor dal (also known as split and dehusked pink lentils, red lentils, or dhuli masoor)"
basic-dal,2,,ground turmeric,ground turmeric,1 teaspoon ground turmeric,ground turmeric,ground turmeric
basic-dal,3,,kosher salt,kosher salt,1 teaspoon kosher salt,kosher salt,kosher salt
basic-dal,4,,fresh lime juice (from about 1 lime),fresh lime juice (from about 1 lime),2 tablespoons fresh lime juice (from about 1 lime),fresh lime juice (from about 1 lime),fresh lime juice (from about 1 lime)
basic-dal,6,,ghee or olive oil,ghee or olive oil,2 tablespoons ghee or olive oil,ghee or olive oil,ghee or olive oil
basic-dal,7,,cumin seeds,cumin seeds,2 teaspoons cumin seeds,cumin seeds,cumin seeds
basic-dal,8,,dried red chiles,dried red chiles,2 dried red chiles,dried red chiles,dried red chiles
basic-dal,9,,red chile powder,red chile powder,Pinch of red chile powder,red chile powder,red chile powder
basic-dal,10,,"asafetida (optional, but really great)","asafetida (optional, but really great)","Pinch of asafetida (optional, but really great)","asafetida (optional, but really great)","asafetida (optional, but really great)"
basic-dal,11,,"chopped fresh cilantro (stems and leaves), for garnish","chopped fresh cilantro (stems and leaves), for garnish","½ cup chopped fresh cilantro (stems and leaves), for garnish","chopped fresh cilantro (stems and leaves), for garnish","chopped fresh cilantro (stems and leaves), for garnish"
basic-hummus,0,,dried chickpeas,dried chickpeas,14 cups (250g) dried chickpeas,dried chickpeas,dried chickpeas
basic-hummus,1,,baking soda,baking soda,1 teaspoon baking soda,baking soda,baking soda
basic-hummus,2,,water,water,6½ cups (1.5L) water,water,water
basic-hummus,4,,fresh lemon juice,fresh lemon juice,¼ cup (60ml) fresh lemon juice,fresh lemon juice,fresh lemon juice
basic-hummus,6,,ice cold water,ice cold water,6½ tablespoons (100ml) ice cold water,ice cold water,ice cold water
bbq-gulf-snapper,0,,"small skin-on boneless snapper fillets, 10 to 12 ounces each","small skin-on boneless snapper fillets, 10 to 12 ounces each","2 small skin-on boneless snapper fillets, 10 to 12 ounces each 2 teaspoons kosher salt, plus more for the sauce","small skin-on boneless snapper fillets, 10 to 12 ounces each","small skin-on boneless snapper fillets, 10 to 12 ounces each"
bbq-gulf-snapper,2,,unsalted butter,unsalted butter,2 tablespoons unsalted butter,unsalted butter,unsalted butter
bbq-gulf-snapper,3,,olive oil,olive oil,3 tablespoons olive oil,olive oil,olive oil
bbq-gulf-snapper,4,,"fresh thyme, plus more for garnish","fresh thyme, plus more for garnish","5 sprigs fresh thyme, plus more for garnish","fresh thyme, plus more for garnish","fresh thyme, plus more for garnish"
bbq-gulf-snapper,5,,"baguette, for serving","baguette, for serving","1 baguette, for serving","baguette, for serving","baguette, for serving"
bbq-gulf-snapper,8,,Worcestershire sauce,Worcestershire sauce,3 tablespoons Worcestershire sauce,Worcestershire sauce,Worcestershire sauce
bbq-gulf-snapper,9,,finely chopped fresh flat-leaf parsley,finely chopped fresh flat-leaf parsley,3 tablespoons finely chopped fresh flat-leaf parsley,finely chopped fresh flat-leaf parsley,finely chopped fresh flat-leaf parsley
black-pepper-chicken,1,,boneless skinless chicken breast (or thighs),boneless skinless chicken breast (or thighs),12 ounces boneless skinless chicken breast (or thighs),boneless skinless chicken breast (or thighs),boneless skinless chicken breast (or thighs)
black-pepper-chicken,2,,water,water,3 tablespoons water,water,water
black-pepper-chicken,3,,cornstarch,cornstarch,1 teaspoon cornstarch,cornstarch,cornstarch
black-pepper-chicken,4,,"neutral oil (such as vegetable, canola, or avocado oil)","neutral oil (such as vegetable, canola, or avocado oil)","1 teaspoon neutral oil (such as vegetable, canola, or avocado oil)","neutral oil (such as vegetable, canola, or avocado oil)","neutral oil (such as vegetable, canola, or avocado oil)"
black-pepper-chicken,5,,oyster sauce,oyster sauce,2 teaspoons oyster sauce,oyster sauce,oyster sauce
black-pepper-chicken,6,,coarsely ground black pepper,coarsely ground black pepper,1/2 teaspoon coarsely ground black pepper,coarsely ground black pepper,coarsely ground black pepper
black-pepper-chicken,8,,low sodium chicken stock,low sodium chicken stock,1/2 cup low sodium chicken stock,low sodium chicken stock,low sodium chicken stock
black-pepper-chicken,9,,oyster sauce,oyster sauce,1 tablespoon oyster sauce,oyster sauce,oyster sauce
black-pepper-chicken,10,,light soy sauce,light soy sauce,1 tablespoon light soy sauce,light soy sauce,light soy sauce
black-pepper-chicken,11,,sugar,sugar,1 teaspoon sugar,sugar,sugar
black-pepper-chicken,12,,dark soy sauce,dark soy sauce,2 teaspoons dark soy sauce,dark soy sauce,dark soy sauce
black-pepper-chicken,13,,sesame oil,sesame oil,1/2 teaspoon sesame oil,sesame oil,sesame oil
black-pepper-chicken,14,,neutral oil (divided),neutral oil (divided),3 tablespoons neutral oil (divided),neutral oil (divided),neutral oil (divided)
black-pepper-chicken,15,,garlic (finely chopped),garlic (finely chopped),2 cloves garlic (finely chopped),garlic (finely chopped),garlic (finely chopped)
black-pepper-chicken,16,,onion (cut into wedges),onion (cut into wedges),1 medium onion (cut into wedges),onion (cut into wedges),onion (cut into wedges)
black-pepper-chicken,17,,Shaoxing wine,Shaoxing wine,1 tablespoon Shaoxing wine,Shaoxing wine,Shaoxing wine
black-pepper-chicken,18,,"bell pepper (any color, cut into 1-inch/2.5cm pieces)","bell pepper (any color, cut into 1-inch/2.5cm pieces)","1/2 bell pepper (any color, cut into 1-inch/2.5cm pieces)","bell pepper (any color, cut into 1-inch/2.5cm pieces)","bell pepper (any color, cut into 1-inch/2.5cm pieces)"
black-pepper-chicken,19,,celery (thinly sliced on an angle),celery (thinly sliced on an angle),1 stalk celery (thinly sliced on an angle),celery (thinly sliced on an angle),celery (thinly sliced on an angle)
black-pepper-chicken,20,,coarsely ground black pepper,coarsely ground black pepper,1 teaspoon coarsely ground black pepper,coarsely ground black pepper,coarsely ground black pepper
black-pepper-chicken,21,,cornstarch (mixed with 2 tablespoons water to form a cornstarch slurry),cornstarch (mixed with 2 tablespoons water to form a cornstarch slurry),1 1/2 teaspoons cornstarch (mixed with 2 tablespoons water to form a cornstarch slurry),cornstarch (mixed with 2 tablespoons water to form a cornstarch slurry),cornstarch (mixed with 2 tablespoons water to form a cornstarch slurry)
black-pepper-chicken,22,,water,water,2 tbsp water,water,water
brioche-cinnamon-rolls,0,,lukewarm milk (95-104°F),lukewarm milk (95-104°F),125 g lukewarm milk (95-104°F),lukewarm milk (95-104°F),lukewarm milk (95-104°F)
brioche-cinnamon-rolls,1,,instant yeast active dried yeast,instant yeast active dried yeast,2 ½ tsp instant yeast active dried yeast,instant yeast active dried yeast,instant yeast active dried yeast
brioche-cinnamon-rolls,2,,granulated sugar,granulated sugar,50 g granulated sugar,granulated sugar,granulated sugar
brioche-cinnamon-rolls,3,,all-purpose flour,all-purpose flour,600 g all-purpose flour,all-purpose flour,all-purpose flour
brioche-cinnamon-rolls,4,,eggs,eggs,5 large eggs,eggs,eggs
brioche-cinnamon-rolls,5,,salt,salt,1 ½ tsp salt,salt,salt
brioche-cinnamon-rolls,6,,unsalted butter room temperature and cut into cubes,unsalted butter room temperature and cut into cubes,230 g unsalted butter room temperature and cut into cubes,unsalted butter room temperature and cut into cubes,unsalted butter room temperature and cut into cubes
brioche-cinnamon-rolls,8,,unsalted butter softened,unsalted butter softened,75 g unsalted butter softened,unsalted butter softened,unsalted butter softened
brioche-cinnamon-rolls,9,,soft brown sugar,soft brown sugar,100 g soft brown sugar,soft brown sugar,soft brown sugar
brioche-cinnamon-rolls,10,,ground cinnamon,ground cinnamon,1 Tbsp ground cinnamon,ground cinnamon,ground cinnamon
brioche-cinnamon-rolls,12,,cream cheese room temperature,cream cheese room temperature,60 g cream cheese room temperature,cream cheese room temperature,cream cheese room temperature
brioche-cinnamon-rolls,13,,confectioners sugar,confectioners sugar,150 g confectioners sugar,confectioners sugar,confectioners sugar
brioche-cinnamon-rolls,14,,milk at room temperature,milk at room temperature,2 Tbsp milk at room temperature,milk at room temperature,milk at room temperature
brioche-cinnamon-rolls,15,,vanilla extract,vanilla extract,1/2 tsp vanilla extract,vanilla extract,vanilla extract
bulgogi-bowls,0,,beef mince (ground beef),beef mince (ground beef),500g / 1 lb beef mince (ground beef),beef mince (ground beef),beef mince (ground beef)
bulgogi-bowls,9,,brown sugar,brown sugar,1 tbsp brown sugar,brown sugar,brown sugar
bulgogi-bowls,10,,black pepper,black pepper,1/8 tsp black pepper,black pepper,black pepper
bulgogi-bowls,14,,brown sugar,brown sugar,2 tsp brown sugar,brown sugar,brown sugar
cauliflower-soup,0,,olive oil,olive oil,3 tablespoons olive oil,olive oil,olive oil
cauliflower-soup,4,,hot water,hot water,5½ cups (1.3L) hot water,hot water,hot water
chicago-style-italian-beef-pot-roast-sandwich,1,,Bottom Round of Beef,Bottom Round of Beef,4-5 pound Bottom Round of Beef,Bottom Round of Beef,Bottom Round of Beef
chicago-style-italian-beef-pot-roast-sandwich,2,,Italian Spice Mix,Italian Spice Mix,3/4 cup Italian Spice Mix,Italian Spice Mix,Italian Spice Mix
chicago-style-italian-beef-pot-roast-sandwich,3,,of Good Homemade Beef Stock (or high quality store bought),of Good Homemade Beef Stock (or high quality store bought),8 cups of Good Homemade Beef Stock (or high quality store bought),of Good Homemade Beef Stock (or high quality store bought),of Good Homemade Beef Stock (or high quality store bought)
chicago-style-italian-beef-pot-roast-sandwich,4,,"Garlic Head, Sliced In Half","Garlic Head, Sliced In Half","1 Garlic Head, Sliced In Half","Garlic Head, Sliced In Half","Garlic Head, Sliced In Half"
chicago-style-italian-beef-pot-roast-sandwich,9,,Fennel Seeds,Fennel Seeds,1.5 Tbsp Fennel Seeds,Fennel Seeds,Fennel Seeds
chicago-style-italian-beef-pot-roast-sandwich,10,,Coriander Seeds,Coriander Seeds,2 tsp Coriander Seeds,Coriander Seeds,Coriander Seeds
chicago-style-italian-beef-pot-roast-sandwich,11,,Sweet Paprika,Sweet Paprika,2 Tbsp Sweet Paprika,Sweet Paprika,Sweet Paprika
chicago-style-italian-beef-pot-roast-sandwich,12,,Dried Oregano,Dried Oregano,2.5 Tbsp Dried Oregano,Dried Oregano,Dried Oregano
chicago-style-italian-beef-pot-roast-sandwich,13,,Dried Basil,Dried Basil,2.5 Tbsp Dried Basil,Dried Basil,Dried Basil
chicago-style-italian-beef-pot-roast-sandwich,14,,Dried Thyme,Dried Thyme,2.5 Tbsp Dried Thyme,Dried Thyme,Dried Thyme
chicago-style-italian-beef-pot-roast-sandwich,15,,Red Chili Flake,Red Chili Flake,1.5 Tbsp Red Chili Flake,Red Chili Flake,Red Chili Flake
chicago-style-italian-beef-pot-roast-sandwich,16,,Black Peppercorns,Black Peppercorns,1.5 Tbsp Black Peppercorns,Black Peppercorns,Black Peppercorns
cinnamon-scones,1,,all-purpose flour,all-purpose flour,281 g all-purpose flour,all-purpose flour,all-purpose flour
cinnamon-scones,2,,baking powder,baking powder,3 teaspoons baking powder,baking powder,baking powder
cinnamon-scones,3,,salt*,salt*,¼ teaspoon salt*,salt*,salt*
cinnamon-scones,4,,cinnamon,cinnamon,1 ½ teaspoons cinnamon,cinnamon,cinnamon
cinnamon-scones,5,,butter (cold),butter (cold),113 g butter (cold),butter (cold),butter (cold)
cinnamon-scones,6,,eggs (cold),eggs (cold),2 eggs (cold),eggs (cold),eggs (cold)
cinnamon-scones,7,,cream (cold),cream (cold),121 g cream (cold),cream (cold),cream (cold)
cinnamon-scones,8,,brown sugar (lightly packed),brown sugar (lightly packed),55 g brown sugar (lightly packed),brown sugar (lightly packed),brown sugar (lightly packed)
cinnamon-scones,9,,vanilla,vanilla,½ teaspoon vanilla,vanilla,vanilla
cinnamon-scones,11,,powdered / icing sugar,powdered / icing sugar,60 g powdered / icing sugar,powdered / icing sugar,powdered / icing sugar
cinnamon-scones,12,,vanilla,vanilla,½ teaspoon vanilla,vanilla,vanilla
cinnamon-scones,13,,maple syrup,maple syrup,2 tablespoons maple syrup,maple syrup,maple syrup
cinnamon-scones,14,,cream,cream,½ tablespoon cream,cream,cream
coconut-curried-golden-lentils,1,,water,water,4 cups water,water,water
coconut-curried-golden-lentils,2,,golden (yellow) lentils (rinsed and drained // or sub red with similar cook time or green with longer cooking time),golden (yellow) lentils (rinsed and drained // or sub red with similar cook time or green with longer cooking time),1 1/2 cups golden (yellow) lentils (rinsed and drained // or sub red with similar cook time or green with longer cooking time),golden (yellow) lentils (rinsed and drained // or sub red with similar cook time or green with longer cooking time),golden (yellow) lentils (rinsed and drained // or sub red with similar cook time or green with longer cooking time)
coconut-curried-golden-lentils,4,,coconut oil (or water),coconut oil (or water),1 Tbsp coconut oil (or water),coconut oil (or water),coconut oil (or water)
coconut-curried-golden-lentils,7,,fresh minced ginger,fresh minced ginger,2-3 Tbsp fresh minced ginger,fresh minced ginger,fresh minced ginger
coconut-curried-golden-lentils,8,,sea salt,sea salt,3/4 tsp sea salt,sea salt,sea salt
coconut-curried-golden-lentils,9,,heaping Tbsp curry powder,heaping Tbsp curry powder,1 heaping Tbsp curry powder,heaping Tbsp curry powder,heaping Tbsp curry powder
coconut-curried-golden-lentils,10,,ground turmeric,ground turmeric,1 tsp ground turmeric,ground turmeric,ground turmeric
coconut-curried-golden-lentils,11,,cayenne pepper,cayenne pepper,1/4 tsp cayenne pepper,cayenne pepper,cayenne pepper
coconut-curried-golden-lentils,12,,coconut milk,coconut milk,1 1/4 – 1 1/2 cups coconut milk,coconut milk,coconut milk
coconut-curried-golden-lentils,13,,coconut sugar or maple syrup,coconut sugar or maple syrup,1-2 Tbsp coconut sugar or maple syrup,coconut sugar or maple syrup,coconut sugar or maple syrup
coconut-curried-golden-lentils,14,,fresh lemon juice,fresh lemon juice,2 Tbsp fresh lemon juice,fresh lemon juice,fresh lemon juice
gai-yang,9,,sugar,sugar,1 Tbsp sugar,sugar,sugar
gai-yang,10,,water,water,½ cup water,water,water
gai-yang,11,,neutral oil,neutral oil,2 Tbsp neutral oil,neutral oil,neutral oil
gai-yang,17,,chili flakes,chili flakes,"Chili flakes, to taste",chili flakes,chili flakes
gai-yang,21,,toasted rice powder,toasted rice powder,1 Tbsp toasted rice powder,toasted rice powder,toasted rice powder
hummus,0,,dried chickpeas,dried chickpeas,1¼ cups/250g dried chickpeas,dried chickpeas,dried chickpeas
hummus,1,,baking soda,baking soda,1 teaspoon baking soda,baking soda,baking soda
hummus,3,,"lemon juice, or to taste","lemon juice, or to taste","6 tablespoons/90ml lemon juice, or to taste","lemon juice, or to taste","lemon juice, or to taste"
hummus,4,,tahini,tahini,¾ cup/180g tahini,tahini,tahini
hummus,5,,ground cumin sea salt,ground cumin sea salt,½ teaspoon ground cumin sea salt,ground cumin sea salt,ground cumin sea salt
hummus,6,,ice cubes,ice cubes,4 ice cubes,ice cubes,ice cubes
hummus,9,,"za'atar, paprika or ground cumin","za'atar, paprika or ground cumin","pinch of za'atar, paprika or ground cumin","za'atar, paprika or ground cumin","za'atar, paprika or ground cumin"
mejadra,0,,olive oil,olive oil,2 tbsp olive oil,olive oil,olive oil
mejadra,1,,cumin seeds (or 1 tsp ground cumin),cumin seeds (or 1 tsp ground cumin),2 tsp cumin seeds (or 1 tsp ground cumin),cumin seeds (or 1 tsp ground cumin),cumin seeds (or 1 tsp ground cumin)
mejadra,2,,coriander seeds (or 1 1/2 tsp ground coriander),coriander seeds (or 1 1/2 tsp ground coriander),1 1/2 tbsp coriander seeds (or 1 1/2 tsp ground coriander),coriander seeds (or 1 1/2 tsp ground coriander),coriander seeds (or 1 1/2 tsp ground coriander)
mejadra,3,,basmati or long grain rice,basmati or long grain rice,1 cup basmati or long grain rice,basmati or long grain rice,basmati or long grain rice
mejadra,4,,water,water,1 1/4 cup / 315 ml water,water,water
mejadra,5,,"canned brown lentils, drained (1 can), drained","canned brown lentils, drained (1 can), drained","400g / 14 oz canned brown lentils, drained (1 can), drained","canned brown lentils, drained (1 can), drained","canned brown lentils, drained (1 can), drained"
mejadra,6,,ground turmeric,ground turmeric,1/2 tsp ground turmeric,ground turmeric,ground turmeric
mejadra,7,,ground cinnamon,ground cinnamon,1 1/2 tsp ground cinnamon,ground cinnamon,ground cinnamon
mejadra,8,,sugar,sugar,1 tsp sugar,sugar,sugar
mejadra,13,,vegetable or sunflower oil,vegetable or sunflower oil,1 cup / 250 ml vegetable or sunflower oil,vegetable or sunflower oil,vegetable or sunflower oil
mussakhan,0,,"chicken thighs and drumsticks, skin on","chicken thighs and drumsticks, skin on","2 lb./1kg chicken thighs and drumsticks, skin on","chicken thighs and drumsticks, skin on","chicken thighs and drumsticks, skin on"
mussakhan,11,,olive oil or any neutral oil,olive oil or any neutral oil,1 tablespoon olive oil or any neutral oil,olive oil or any neutral oil,olive oil or any neutral oil
no-knead-bread,2,,kosher salt,kosher salt,2 tsp kosher salt,kosher salt,kosher salt
palak-chicken-recipe-dhaba-style-saag-wala-chicken,1,,chicken,chicken,1 kg chicken,chicken,chicken
palak-chicken-recipe-dhaba-style-saag-wala-chicken,4,,ginger garlic paste,ginger garlic paste,1 tbsp ginger garlic paste,ginger garlic paste,ginger garlic paste
palak-chicken-recipe-dhaba-style-saag-wala-chicken,5,,Kashmiri red chilli powder,Kashmiri red chilli powder,1 tsp Kashmiri red chilli powder,Kashmiri red chilli powder,Kashmiri red chilli powder
palak-chicken-recipe-dhaba-style-saag-wala-chicken,13,,ghee,ghee,2 tbsp ghee,ghee,ghee
palak-chicken-recipe-dhaba-style-saag-wala-chicken,14,,oil,oil,1 tbsp oil,oil,oil
palak-chicken-recipe-dhaba-style-saag-wala-chicken,16,,cumin seeds,cumin seeds,1/2 tsp cumin seeds,cumin seeds,cumin seeds
palak-chicken-recipe-dhaba-style-saag-wala-chicken,17,,inch cinnamon stick,inch cinnamon stick,2 inch cinnamon stick,inch cinnamon stick,inch cinnamon stick
palak-chicken-recipe-dhaba-style-saag-wala-chicken,18,,black peppercorns,black peppercorns,6 black peppercorns,black peppercorns,black peppercorns
palak-chicken-recipe-dhaba-style-saag-wala-chicken,19,,green cardamoms,green cardamoms,2 green cardamoms,green cardamoms,green cardamoms
palak-chicken-recipe-dhaba-style-saag-wala-chicken,20,,black cardamom,black cardamom,1 black cardamom,black cardamom,black cardamom
palak-chicken-recipe-dhaba-style-saag-wala-chicken,21,,whole dry red chillies,whole dry red chillies,2 whole dry red chillies,whole dry red chillies,whole dry red chillies
palak-chicken-recipe-dhaba-style-saag-wala-chicken,24,,"green chillies, slit","green chillies, slit","3 green chillies, slit","green chillies, slit","green chillies, slit"
palak-chicken-recipe-dhaba-style-saag-wala-chicken,25,,ginger garlic paste,ginger garlic paste,2 tbsp ginger garlic paste,ginger garlic paste,ginger garlic paste
palak-chicken-recipe-dhaba-style-saag-wala-chicken,26,,"tomatoes, diced","tomatoes, diced","2 tomatoes, diced","tomatoes, diced","tomatoes, diced"
palak-chicken-recipe-dhaba-style-saag-wala-chicken,29,,turmeric powder,turmeric powder,1/2 tsp turmeric powder,turmeric powder,turmeric powder
palak-chicken-recipe-dhaba-style-saag-wala-chicken,30,,Kashmiri red chilli powder,Kashmiri red chilli powder,1 tbsp Kashmiri red chilli powder,Kashmiri red chilli powder,Kashmiri red chilli powder
palak-chicken-recipe-dhaba-style-saag-wala-chicken,31,,coriander powder,coriander powder,1.5 tbsp coriander powder,coriander powder,coriander powder
palak-chicken-recipe-dhaba-style-saag-wala-chicken,32,,cumin powder,cumin powder,1/2 tsp cumin powder,cumin powder,cumin powder
palak-chicken-recipe-dhaba-style-saag-wala-chicken,34,,ghee,ghee,1 tbsp ghee,ghee,ghee
palak-chicken-recipe-dhaba-style-saag-wala-chicken,35,,"garlic, roughly chopped","garlic, roughly chopped","1 tbsp garlic, roughly chopped","garlic, roughly chopped","garlic, roughly chopped"
palak-chicken-recipe-dhaba-style-saag-wala-chicken,36,,asafoetida,asafoetida,1/2 tsp asafoetida,asafoetida,asafoetida
palak-chicken-recipe-dhaba-style-saag-wala-chicken,37,,Kashmiri red chilli powder,Kashmiri red chilli powder,1/2 tsp Kashmiri red chilli powder,Kashmiri red chilli powder,Kashmiri red chilli powder
palak-chicken-recipe-dhaba-style-saag-wala-chicken,38,,"inch ginger, julienned","inch ginger, julienned","2 inch ginger, julienned","inch ginger, julienned","inch ginger, julienned"
pastina,1,,of Pastina (Either Pastina or Acini di Pepe work),of Pastina (Either Pastina or Acini di Pepe work),1 Cup of Pastina (Either Pastina or Acini di Pepe work),of Pastina (Either Pastina or Acini di Pepe work),of Pastina (Either Pastina or Acini di Pepe work)
pastina,2,,"of Chicken Broth or Brodo (3 for a thicker Pastina, 4 for a soupier)","of Chicken Broth or Brodo (3 for a thicker Pastina, 4 for a soupier)","3-4 Cups of Chicken Broth or Brodo (3 for a thicker Pastina, 4 for a soupier)","of Chicken Broth or Brodo (3 for a thicker Pastina, 4 for a soupier)","of Chicken Broth or Brodo (3 for a thicker Pastina, 4 for a soupier)"
pastina,3,,of Unsalted Butter,of Unsalted Butter,1 Tablespoon of Unsalted Butter,of Unsalted Butter,of Unsalted Butter
pastina,4,,of Grated Parmigiano reggiano,of Grated Parmigiano reggiano,1/4 Cup of Grated Parmigiano reggiano,of Grated Parmigiano reggiano,of Grated Parmigiano reggiano
pastina,8,,of Pastina (Either Pastina or Acini de Pepe work),of Pastina (Either Pastina or Acini de Pepe work),3/4 Cup of Pastina (Either Pastina or Acini de Pepe work),of Pastina (Either Pastina or Acini de Pepe work),of Pastina (Either Pastina or Acini de Pepe work)
pastina,9,,of Chicken Broth or Brodo,of Chicken Broth or Brodo,3 cups of Chicken Broth or Brodo,of Chicken Broth or Brodo,of Chicken Broth or Brodo
pastina,10,,"of Carrots, Small Dice","of Carrots, Small Dice","1/2 Cup of Carrots, Small Dice","of Carrots, Small Dice","of Carrots, Small Dice"
pastina,11,,"of Tuscan Kale, Sliced Thin","of Tuscan Kale, Sliced Thin","1 cup of Tuscan Kale, Sliced Thin","of Tuscan Kale, Sliced Thin","of Tuscan Kale, Sliced Thin"
pastina,12,,"Garlic, Diced","Garlic, Diced","1 Clove of Garlic, Diced","Garlic, Diced","Garlic, Diced"
pastina,14,,Egg,Egg,1 Egg,Egg,Egg
pastina,15,,of Unsalted Butter,of Unsalted Butter,1 Tablespoon of Unsalted Butter,of Unsalted Butter,of Unsalted Butter
pastina,16,,of Grated Parmigiano reggiano,of Grated Parmigiano reggiano,1/4 Cup of Grated Parmigiano reggiano,of Grated Parmigiano reggiano,of Grated Parmigiano reggiano
pumpkin-spice-sandwich-cookies-with-brown-butter-cream-cheese-frosting,1,,stick (8 tablespoons/113 grams) unsalted butter,stick (8 tablespoons/113 grams) unsalted butter,1 stick (8 tablespoons/113 grams) unsalted butter,stick (8 tablespoons/113 grams) unsalted butter,stick (8 tablespoons/113 grams) unsalted butter
pumpkin-spice-sandwich-cookies-with-brown-butter-cream-cheese-frosting,2,,spooned and leveled all-purpose flour,spooned and leveled all-purpose flour,1 ⅔ cups spooned and leveled all-purpose flour (213 grams),spooned and leveled all-purpose flour,spooned and leveled all-purpose flour
pumpkin-spice-sandwich-cookies-with-brown-butter-cream-cheese-frosting,3,,pumpkin pie spice,pumpkin pie spice,2 tablespoons (15 grams) pumpkin pie spice,pumpkin pie spice,pumpkin pie spice
pumpkin-spice-sandwich-cookies-with-brown-butter-cream-cheese-frosting,4,,kosher salt,kosher salt,½ teaspoon kosher salt,kosher salt,kosher salt
pumpkin-spice-sandwich-cookies-with-brown-butter-cream-cheese-frosting,5,,baking powder,baking powder,¾ teaspoon baking powder,baking powder,baking powder
pumpkin-spice-sandwich-cookies-with-brown-butter-cream-cheese-frosting,6,,baking soda,baking soda,¾ teaspoon baking soda,baking soda,baking soda
pumpkin-spice-sandwich-cookies-with-brown-butter-cream-cheese-frosting,7,,"packed light brown sugar 1 cup (200 grams) granulated sugar, divided","packed light brown sugar 1 cup (200 grams) granulated sugar, divided","¾ cup (150 grams) packed light brown sugar 1 cup (200 grams) granulated sugar, divided","packed light brown sugar 1 cup (200 grams) granulated sugar, divided","packed light brown sugar 1 cup (200 grams) granulated sugar, divided"
pumpkin-spice-sandwich-cookies-with-brown-butter-cream-cheese-frosting,8,,canned pumpkin puree (not pumpkin pie filling),canned pumpkin puree (not pumpkin pie filling),½ cup (120 grams) canned pumpkin puree (not pumpkin pie filling),canned pumpkin puree (not pumpkin pie filling),canned pumpkin puree (not pumpkin pie filling)
pumpkin-spice-sandwich-cookies-with-brown-butter-cream-cheese-frosting,9,,vanilla extract,vanilla extract,1 tablespoon vanilla extract,vanilla extract,vanilla extract
pumpkin-spice-sandwich-cookies-with-brown-butter-cream-cheese-frosting,11,,"cold cream cheese, cut into large cubes","cold cream cheese, cut into large cubes","4 ounces (½ block/113 grams) cold cream cheese, cut into large cubes","cold cream cheese, cut into large cubes","cold cream cheese, cut into large cubes"
pumpkin-spice-sandwich-cookies-with-brown-butter-cream-cheese-frosting,12,,stick (4 tablespoons/57 grams) unsalted butter,stick (4 tablespoons/57 grams) unsalted butter,½ stick (4 tablespoons/57 grams) unsalted butter,stick (4 tablespoons/57 grams) unsalted butter,stick (4 tablespoons/57 grams) unsalted butter
pumpkin-spice-sandwich-cookies-with-brown-butter-cream-cheese-frosting,13,,vanilla extract,vanilla extract,1 teaspoon vanilla extract,vanilla extract,vanilla extract
pumpkin-spice-sandwich-cookies-with-brown-butter-cream-cheese-frosting,14,,kosher salt,kosher salt,Pinch of kosher salt,kosher salt,kosher salt
pumpkin-spice-sandwich-cookies-with-brown-butter-cream-cheese-frosting,15,,confectioners' sugar,confectioners' sugar,2 cups (200 grams) confectioners' sugar,confectioners' sugar,confectioners' sugar
shepherds-pie,0,,Ground beef (For Cottage Pie) or Lamb (For Shepherd’s Pie),Ground beef (For Cottage Pie) or Lamb (For Shepherd’s Pie),2 pounds Ground beef (For Cottage Pie) or Lamb (For Shepherd’s Pie),Ground beef (For Cottage Pie) or Lamb (For Shepherd’s Pie),Ground beef (For Cottage Pie) or Lamb (For Shepherd’s Pie)
shepherds-pie,1,,onion,onion,1 onion,onion,onion
shepherds-pie,2,,carrots,carrots,2 carrots,carrots,carrots
shepherds-pie,3,,celery,celery,2 stalks celery,celery,celery
shepherds-pie,4,,garlic,garlic,4 cloves garlic,garlic,garlic
shepherds-pie,5,,tomato paste,tomato paste,3 tablespoon tomato paste,tomato paste,tomato paste
shepherds-pie,6,,Worcestershire sauce,Worcestershire sauce,2 tablespoons Worcestershire sauce,Worcestershire sauce,Worcestershire sauce
shepherds-pie,7,,beef stock,beef stock,1 - 1½ cup beef stock,beef stock,beef stock
shepherds-pie,8,,frozen peas,frozen peas,1 cup frozen peas,frozen peas,frozen peas
shepherds-pie,9,,frozen corn,frozen corn,1 cup frozen corn,frozen corn,frozen corn
shepherds-pie,10,,Guinness,Guinness,1 Can of Guinness,Guinness,Guinness
shepherds-pie,11,,Rosemary sprig,Rosemary sprig,1 Rosemary sprig,Rosemary sprig,Rosemary sprig
shepherds-pie,12,,Thyme Sprigs,Thyme Sprigs,3 Thyme Sprigs,Thyme Sprigs,Thyme Sprigs
shepherds-pie,13,,Bay Leaf,Bay Leaf,1 Bay Leaf,Bay Leaf,Bay Leaf
shepherds-pie,14,,butter,butter,1 tablespoon butter,butter,butter
shepherds-pie,15,,olive oil,olive oil,2 tablespoon olive oil,olive oil,olive oil
shepherds-pie,18,,AP Flour,AP Flour,2 Tablespoons AP Flour,AP Flour,AP Flour
shepherds-pie,20,,Russet potatoes,Russet potatoes,4 pounds Russet potatoes,Russet potatoes,Russet potatoes
shepherds-pie,21,,butter,butter,4 tablespoons butter,butter,butter
shepherds-pie,22,,"Aged White Cheddar, grated","Aged White Cheddar, grated","1 cup Aged White Cheddar, grated","Aged White Cheddar, grated","Aged White Cheddar, grated"
shepherds-pie,23,,egg yolk,egg yolk,1 egg yolk,egg yolk,egg yolk
tahini-brioche-loaves-and-dinner-rolls,1,,"whole milk, warmed to 100°F to 110°F","whole milk, warmed to 100°F to 110°F","¼ cup whole milk, warmed to 100°F to 110°F","whole milk, warmed to 100°F to 110°F","whole milk, warmed to 100°F to 110°F"
tahini-brioche-loaves-and-dinner-rolls,2,,active dry yeast,active dry yeast,2¼ teaspoons active dry yeast,active dry yeast,active dry yeast
tahini-brioche-loaves-and-dinner-rolls,3,,sugar,sugar,½ teaspoon sugar,sugar,sugar
tahini-brioche-loaves-and-dinner-rolls,4,,eggs,eggs,2 eggs,eggs,eggs
tahini-brioche-loaves-and-dinner-rolls,5,,all-purpose flour,all-purpose flour,1⅓ cups all-purpose flour,all-purpose flour,all-purpose flour
tahini-brioche-loaves-and-dinner-rolls,7,,/ cups all-purpose flour,/ cups all-purpose flour,1/ cups all-purpose flour,/ cups all-purpose flour,/ cups all-purpose flour
tahini-brioche-loaves-and-dinner-rolls,8,,sugar,sugar,¼ cup sugar,sugar,sugar
tahini-brioche-loaves-and-dinner-rolls,9,,salt,salt,1 tablespoon salt,salt,salt
tahini-brioche-loaves-and-dinner-rolls,10,,eggs plus 1 egg yolk,eggs plus 1 egg yolk,3 eggs plus 1 egg yolk,eggs plus 1 egg yolk,eggs plus 1 egg yolk
tahini-brioche-loaves-and-dinner-rolls,11,,tahini,tahini,6 tablespoons tahini,tahini,tahini
tahini-brioche-loaves-and-dinner-rolls,12,,"sticks (7 ounces) unsalted butter, chilled and cut into ½-inch cubes","sticks (7 ounces) unsalted butter, chilled and cut into ½-inch cubes","1¾ sticks (7 ounces) unsalted butter, chilled and cut into ½-inch cubes","sticks (7 ounces) unsalted butter, chilled and cut into ½-inch cubes","sticks (7 ounces) unsalted butter, chilled and cut into ½-inch cubes"
tahini-brioche-loaves-and-dinner-rolls,14,,"Tahini Brioche Dough, cold","Tahini Brioche Dough, cold","2 pounds Tahini Brioche Dough, cold","Tahini Brioche Dough, cold","Tahini Brioche Dough, cold"
tahini-brioche-loaves-and-dinner-rolls,15,,eggs,eggs,2 eggs,eggs,eggs
tahini-brioche-loaves-and-dinner-rolls,16,,whole milk,whole milk,2 teaspoons whole milk,whole milk,whole milk
tahini-brioche-loaves-and-dinner-rolls,17,,"sesame seeds, toasted","sesame seeds, toasted","2 to 3 tablespoons sesame seeds, toasted","sesame seeds, toasted","sesame seeds, toasted"
tseke-com-peix-frito-local-spinach-with-curry-sauce-and-crispy-fried-fish,0,,"garlic cloves, minced","garlic cloves, minced","3 garlic cloves, minced","garlic cloves, minced","garlic cloves, minced"
tseke-com-peix-frito-local-spinach-with-curry-sauce-and-crispy-fried-fish,1,,freshly squeezed lime juice,freshly squeezed lime juice,3 tablespoons freshly squeezed lime juice,freshly squeezed lime juice,freshly squeezed lime juice
tseke-com-peix-frito-local-spinach-with-curry-sauce-and-crispy-fried-fish,2,,"kosher salt, plus more as needed","kosher salt, plus more as needed","½ teaspoon kosher salt, plus more as needed","kosher salt, plus more as needed","kosher salt, plus more as needed"
tseke-com-peix-frito-local-spinach-with-curry-sauce-and-crispy-fried-fish,3,,small whole mackerel (about,small whole mackerel (about,4 small whole mackerel (about,small whole mackerel (about,small whole mackerel (about
tseke-com-peix-frito-local-spinach-with-curry-sauce-and-crispy-fried-fish,4,,cleaned and cut in half crosswise,cleaned and cut in half crosswise,"1½ pounds each), cleaned and cut in half crosswise",cleaned and cut in half crosswise,cleaned and cut in half crosswise
tseke-com-peix-frito-local-spinach-with-curry-sauce-and-crispy-fried-fish,5,,all-purpose flour,all-purpose flour,1 cup all-purpose flour,all-purpose flour,all-purpose flour
tseke-com-peix-frito-local-spinach-with-curry-sauce-and-crispy-fried-fish,6,,egg,egg,1 large egg,egg,egg
tseke-com-peix-frito-local-spinach-with-curry-sauce-and-crispy-fried-fish,8,,"yellow onion, thinly sliced","yellow onion, thinly sliced","1 large yellow onion, thinly sliced","yellow onion, thinly sliced","yellow onion, thinly sliced"
tseke-com-peix-frito-local-spinach-with-curry-sauce-and-crispy-fried-fish,9,,"vine-ripened tomatoes, coarsely chopped","vine-ripened tomatoes, coarsely chopped","2 medium vine-ripened tomatoes, coarsely chopped","vine-ripened tomatoes, coarsely chopped","vine-ripened tomatoes, coarsely chopped"
tseke-com-peix-frito-local-spinach-with-curry-sauce-and-crispy-fried-fish,10,,curry powder or,curry powder or,1 teaspoon curry powder or,curry powder or,curry powder or
tseke-com-peix-frito-local-spinach-with-curry-sauce-and-crispy-fried-fish,12,,"mature (not baby) spinach, coarsely chopped","mature (not baby) spinach, coarsely chopped","1 pound mature (not baby) spinach, coarsely chopped","mature (not baby) spinach, coarsely chopped","mature (not baby) spinach, coarsely chopped"
tseke-com-peix-frito-local-spinach-with-curry-sauce-and-crispy-fried-fish,13,,chicken bouillon cube,chicken bouillon cube,1 chicken bouillon cube,chicken bouillon cube,chicken bouillon cube
tseke-com-peix-frito-local-spinach-with-curry-sauce-and-crispy-fried-fish,14,,water,water,¼ cup water,water,water
