recipe_id,type,kind,when_kind,when_label,step_position,label,min_minutes,max_minutes,ext_label,ext_min_minutes,ext_max_minutes,reads_as,source_sentence,reason
all-butter-pie-crust,wait,chilling,always,,4,1 hr,60,60,,,,Plan ahead 1 hr (chilling),Wrap each disc tightly in plastic wrap and chill in the fridge for 1 hour before rolling out.,
almost-za-atar,storage,room temp,always,,0,up to 2 weeks,0,20160,,,,Keeps at room temperature up to 2 weeks,"Simply mix the ingredients together, then store in an airtight container for up to 2 weeks.",minutes recomputed 20160–20160 -> 0–20160 ('up to' is a ceiling)
apple-pie,wait,chilling,always,,0,at least 1 hr,60,,,,,Plan ahead at least 1 hr (chilling),The pie dough will need to chill for at least 1 hour before rolling out.,
arabic-flatbreads-khubz,wait,rising,always,,3,about 1 hr,60,60,,,,Plan ahead about 1 hr (rising),"Place in a large bowl, cover with plastic wrap and leave to rise in a warm place for about 1 hour, or until doubled in size.",
arabic-flatbreads-khubz,wait,rising,always,,4,15 min,15,15,,,,Plan ahead 15 min (rising),,
baked-tofu,storage,fridge,always,,2,up to 5 days,0,7200,,,,Keeps in the fridge up to 5 days,Use immediately or cool completely and store in an airtight container in the fridge for up to 5 days.,minutes recomputed 7200–7200 -> 0–7200 ('up to' is a ceiling)
bananas-foster-chocolate-chunk-cookies,wait,chilling,always,,10,30 min,30,30,,,,Plan ahead 30 min (chilling),"Chill in the refrigerator, uncovered, for 30 minutes.",
basic-hummus,wait,soaking,always,,0,overnight,480,,,,,Plan ahead overnight (soaking),Leave to soak overnight.,
basic-hummus,wait,resting,always,,7,at least 30 min,30,,,,,Plan ahead at least 30 min (resting),"Use straightaway or refrigerate until needed, taking it out of the fridge at least 30 minutes before serving.",
beans,wait,soaking,always,,2,8 hr or overnight,480,,or a 90 minute quick soak instead,90,90,Plan ahead 8 hr or overnight (soaking) / or a 90 minute quick soak instead,Let soak for 8 hours or overnight.,"reclassified: the QUICK SOAK is an ALTERNATIVE to the overnight soak, so it is a shorter extension rather than a second wait"
beef-and-pepper-stir-fry,wait,marinating,always,,0,30 min,30,30,,,,Plan ahead 30 min (marinating),"Add all the marinade ingredients to the beef in a bowl, mix well, and set aside for 30 minutes at room temperature.",⚠️ NOT IN THE BRIEF: a real 30 min marinade v2 missed entirely
beef-bulgogi,wait,marinating,always,,0,30 min – 24 hr,30,1440,,,,Plan ahead 30 min – 24 hr (marinating),"Marinate the beef for at least 30 minutes, up to 24 hours.",
black-pepper-chicken,wait,marinating,always,,0,,,,,,,,,BLANK: a wait named as an instruction with no duration anywhere
bo-luc-lac-shaking-beef,wait,marinating,always,,0,8 hr or overnight,480,,,,,Plan ahead 8 hr or overnight (marinating),"Cover with an overturned plate, refrigerate, and marinate overnight or at least 8 hours.",
bo-luc-lac-shaking-beef,flagged: prep_time,,always,,,20 min,20,20,,,,Prep 20 min · Plan ahead 8 hr (marinating),"stored prep_time = '8 hr, 20 min'",prep_time folds the 8 hr marinade into preparation. Correct it to '20 min' and let the wait carry the 8 hr; minutes recomputed – -> 20–20 ('up to' is a ceiling)
brioche-bread,wait,rising,always,,7,1.5–2 hr,90,120,,,,Plan ahead 1.5–2 hr (rising),"Place the dough ball into a clean bowl, cover it with plastic wrap or a damp kitchen towel, and let it rise for 1.5-2 hours (depending on room temperature) until doubled in size.",
brioche-bread,wait,rising,always,,8,8–12 hr,480,720,or an hour of fridge rest if you skip the overnight proof,60,60,Plan ahead 8–12 hr (rising) / or an hour of fridge rest if you skip the overnight proof,"This step can be shortened, but an 8-12 hour fridge proof gives the best flavor.",reclassified: a SHORTER extension on the 8-12 hr cold proof
brioche-cinnamon-rolls,wait,rising,always,,4,1–2 hr,60,120,,,,Plan ahead 1–2 hr (rising),Let it proof at room temperature for 1- 2 hours until doubled in size.,
brioche-cinnamon-rolls,wait,rising,always,,6,8–12 hr,480,720,,,,Plan ahead 8–12 hr (rising),"This step can be shortened, but 8-12 hours long cold proof gives the best flavor.",
brownies,storage,room temp,always,,6,up to 3 days,0,4320,,,,Keeps at room temperature up to 3 days,Store in an airtight container at room temperature for up to 3 days.,minutes recomputed 4320–4320 -> 0–4320 ('up to' is a ceiling)
butter-chicken,wait,marinating,always,,1,3–24 hr,180,1440,,,,Plan ahead 3–24 hr (marinating),"Cover and refrigerate overnight, or up to 24 hours (minimum 3 hrs).",
chicken-and-broccoli-with-brown-sauce,wait,marinating,always,,0,,,,,,,,,BLANK: a wait named as an instruction with no duration anywhere
chicken-asparagus-stir-fry,wait,marinating,always,,0,15–30 min,15,30,,,,Plan ahead 15–30 min (marinating),,
chicken-chow-fun,wait,marinating,always,,2,30 min,30,30,,,,Plan ahead 30 min (marinating),Marinate at room temperature for 30 minutes.,
chicken-shawarma,wait,marinating,always,,0,3–24 hr,180,1440,,,,Plan ahead 3–24 hr (marinating),Marinate 24 hours (minimum 3 hours).,
chicken-shawarma-with-garlic-sauce-and-greens,wait,marinating,always,,3,1–3 hr,60,180,,,,Plan ahead 1–3 hr (marinating),"Marinate it in the refrigerator for at least 1 hour, or up to 3 hours.",
chicken-tikka-masala,wait,marinating,always,,0,10 min – 1 hr,10,60,or overnight if time allows,480,,Plan ahead 10 min – 1 hr (marinating) — or overnight if time allows,"In a bowl, combine chicken with all of the ingredients for the chicken marinade; let marinate for 10 minutes to an hour (or overnight if time allows).",
chickpea-falafel-patties,wait,soaking,always,,0,18–24 hr,1080,1440,,,,Plan ahead 18–24 hr (soaking),Allow to soak for 18-24 hours.,
chocolate-chip-cookies,wait,chilling,always,,15,12–48 hr,720,2880,a couple of hours if you're pressed for time,,,Plan ahead 12–48 hr (chilling) — a couple of hours if you're pressed for time,"Cover the sheet tightly with plastic wrap and refrigerate for at least 12 hours and up to 48 (if you're pressed for time, a couple of hours in the refrigerator will do-just note the baked cookies won't be as chewy or wrinkly-looking).",
chocolate-chip-cookies,wait,resting,always,,22,5 min,5,5,,,,Plan ahead 5 min (resting),"Allow the cookies to rest for 5 minutes on the baking sheets, then use a metal spatula to transfer the cookies to a wire rack to cool.","reclassified: a passive rest, not active cooking"
cilantro-chutney,storage,fridge,always,,0,up to 2 days,0,2880,,,,Keeps in the fridge up to 2 days,"This chutney keeps, refrigerated in an airtight container, for up to 2 days.",minutes recomputed 2880–2880 -> 0–2880 ('up to' is a ceiling)
coconut-curried-golden-lentils,wait,soaking,optional,,0,,,,,,,(no duration stated) soaking (optional),Note: Soaking lentils is optional but can improve digestibility and speed cook time.,"reclassified: optional, and the recipe states NO duration anywhere"
country-ham-croquettes-with-parsley-salad,wait,chilling,always,,9,30–45 min,30,45,,,,Plan ahead 30–45 min (chilling),"Transfer the mixture to a bowl and refrigerate, uncovered, until completely cooled, 30 to 45 minutes.",
crick-cracks,wait,chilling,always,,3,overnight,480,,,,,Plan ahead overnight (chilling),Wrap in plastic and refrigerate overnight.,
crick-cracks,wait,chilling,always,,8,4 hr – overnight,240,480,,,,Plan ahead 4 hr – overnight (chilling),"Wrap the baking sheet in plastic and refrigerate for at least 4 hours, or up to overnight.",
crick-cracks,storage,room temp,always,,16,up to 3 days,0,4320,,,,Keeps at room temperature up to 3 days,Store in an airtight container for up to 3 days.,minutes recomputed 4320–4320 -> 0–4320 ('up to' is a ceiling)
dashi-broth,wait,soaking,always,,1,overnight,480,,,,,Plan ahead overnight (soaking),Soak kombu overnight in water.,
dukkah-spice-mix,storage,room temp,always,,0,up to 1 week,0,10080,,,,Keeps at room temperature up to 1 week,Store in an airtight container for up to 1 week.,minutes recomputed 10080–10080 -> 0–10080 ('up to' is a ceiling)
earl-grey-tea-cake,wait,chilling,always,,3,at least 1 hr,60,,,,,Plan ahead at least 1 hr (chilling),"Then chill the cream until completely cold in the fridge, at least 1 hour.",
earl-grey-tea-cake,storage,fridge,always,,23,up to 3 days,0,4320,,,,Keeps in the fridge up to 3 days,Store leftovers covered in the fridge for up to 3 days; let come to room temperature before serving.,minutes recomputed 4320–4320 -> 0–4320 ('up to' is a ceiling)
earthquake-cookies,storage,fridge,always,,2,up to 1 week,0,10080,,,,Keeps in the fridge up to 1 week,"cover and refrigerate at least overnight, and up to 1 week",minutes recomputed 10080–10080 -> 0–10080 ('up to' is a ceiling)
earthquake-cookies,wait,chilling,always,,2,at least overnight,480,,,,,Plan ahead at least overnight (chilling),"Transfer the dough, which will resemble a very wet batter, to a bowl; cover and refrigerate at least overnight, and up to 1 week.",
earthquake-cookies,storage,room temp,always,,6,up to 4 days,0,5760,,,,Keeps at room temperature up to 4 days,Serve right away or store in an airtight container for up to 4 days.,minutes recomputed 5760–5760 -> 0–5760 ('up to' is a ceiling)
eleni-s-sourdough-bread,wait,rising,always,,5,2 hr,120,120,,,,Plan ahead 2 hr (rising),Cut a small cross in the middle of the dough; then cover with a towel and let rise for 2 hours.,
elenis-sourdough-bread-starter,wait,rising,always,,2,2 days,2880,2880,,,,Plan ahead 2 days (rising),"After 2 days, the starter will begin to rise and air bubbles will appear.",
falafel,wait,soaking,always,,0,8 hr or overnight,480,,,,,Plan ahead 8 hr or overnight (soaking),"Soak the chickpeas in a bowl of cold water for at least 8 hours, or overnight.",
falafel-crackers,wait,chilling,always,,2,overnight,480,,,,,Plan ahead overnight (chilling),Wrap in plastic and refrigerate overnight.,
falafel-crackers,wait,chilling,always,,6,4 hr – overnight,240,480,,,,Plan ahead 4 hr – overnight (chilling),"Wrap the baking sheet with plastic wrap and refrigerate for 4 hours, or up to overnight.",
falafel-crackers,storage,room temp,always,,11,3 days,4320,4320,,,,Keeps at room temperature 3 days,These will keep stored in an airtight container for 3 days.,
flatbreads-with-za-atar-mana-eesh,wait,rising,always,,4,about 1 hr,60,60,,,,Plan ahead about 1 hr (rising),"Place in a large bowl, cover with plastic wrap and leave to rise in a warm place for about 1 hour, or until doubled in size.",
flatbreads-with-za-atar-mana-eesh,storage,other,always,,8,24 hours,1440,1440,,,,Keeps 24 hours,They will keep for about 24 hours.,
french-baguette,wait,rising,always,,5,45 min,45,45,,,,Plan ahead 45 min (rising),"After the last 45 minute rise, turn out the dough onto a well floured surface and divide the dough into 4 equal pieces and pre-shape them, cover them with a piece of oiled cling film / plastic wrap and let them relax for 15 minutes.",
gai-yang,wait,marinating,always,,1,2 hr+,120,,or overnight,480,,Plan ahead 2 hr+ (marinating) — or overnight,"Press out the air and marinate at least 2 hours or overnight, turning halfway.",
gai-yang-2,wait,marinating,always,,1,3 hr – overnight,180,480,,,,Plan ahead 3 hr – overnight (marinating),Cover and marinate overnight (my bare minimum is 3 hours).,
garlic-ginger-chicken-with-cilantro-and-mint,wait,marinating,always,,2,2 hr,120,120,,,,Plan ahead 2 hr (marinating),Refrigerate the chicken for 2 hours.,
herbed-focaccia,wait,rising,always,,1,about 1 hr,60,60,,,,Plan ahead about 1 hr (rising),"Place the dough in a large bowl, cover with plastic wrap or a clean, damp dish towel and leave to rise in a warm place until doubled in size (this should take about 1 hour).",
homemade-pasta-dough,storage,fridge,always,,5,up to 3 days,0,4320,,,,Keeps in the fridge up to 3 days,"(If storing overnight, refrigerate (up to 3 days) and bring it back up to room temperature before use.",minutes recomputed 4320–4320 -> 0–4320 ('up to' is a ceiling)
homemade-pasta-dough,wait,resting,always,,5,30 min – 1 hr,30,60,,,,Plan ahead 30 min – 1 hr (resting),"(If storing overnight, refrigerate (up to 3 days) and bring it back up to room temperature before use.",
homemade-pasta-dough,excluded,,always,,5.1,,,,,,,,"(If storing overnight, refrigerate (up to 3 days) and bring it back up to room temperature before use.","NOT A WAIT: a storage claim, and it is already carried by this recipe's two storage rows"
homemade-pasta-dough,storage,freezer,always,,6,up to 3 months,,,,,,Keeps in the freezer up to 3 months,"You can also store in the freezer for up to 3 months, allow to thaw in the fridge overnight, and bring it to room temperature before use).",
honey-cookies-finikia,wait,resting,always,,5,30 min,30,30,,,,Plan ahead 30 min (resting),Let rest for 30 minutes at room temperature.,
hummus,wait,soaking,always,,0,overnight,480,,,,,Plan ahead overnight (soaking),Soak the chickpeas overnight in a large bowl of cold water.,
hummus,wait,resting,always,,4,1 hr,60,60,,,,Plan ahead 1 hr (resting),Transfer to a serving bowl and leave to rest for 1 hour for the flavors to come together.,
hummus-2,storage,fridge,always,,6,up to 1 week,0,10080,,,,Keeps in the fridge up to 1 week,"Leftover hummus keeps well in the refrigerator, covered, for up to 1 week.",minutes recomputed 10080–10080 -> 0–10080 ('up to' is a ceiling)
hummus-with-lemon-and-green-chili-chickpeas-hummus-musabaha,wait,soaking,always,,0,overnight,480,,,,,Plan ahead overnight (soaking),"Soak the chickpeas overnight and cook them with the baking soda as on page 22, reserving ½ cup (about 100ml) of their cooking liquid.",
hummus-with-lemon-and-green-chili-chickpeas-hummus-musabaha,wait,resting,always,,2,1 hr,60,60,,,,Plan ahead 1 hr (resting),Transfer to a serving bowl and leave to rest for 1 hour for the flavors to come together.,
kachumber-tilapia,wait,marinating,always,,0,2 hr,120,120,,,,Plan ahead 2 hr (marinating),Cover the dish with plastic wrap and refrigerate for 2 hours.,
key-lime-pie,wait,chilling,always,,17,at least 2 hr,120,,,,,Plan ahead at least 2 hr (chilling),"Remove from the oven and let cool completely at room temperature, about 1 hour, then transfer to the refrigerator and chill until cold, at least 2 hours.",
khaliat-nahal-honeycomb-bread,wait,rising,always,,5,1.5 hr,90,90,,,,Plan ahead 1.5 hr (rising),Cover with a clean damp cloth and leave to rise for 1½ hours or until it has doubled in size.,
khaliat-nahal-honeycomb-bread,wait,rising,always,,8,30–45 min,30,45,,,,Plan ahead 30–45 min (rising),Cover with a clean damp cloth and leave to rise for 30–45 minutes.,
khaliat-nahal-honeycomb-bread,storage,room temp,always,,12,2 days,2880,2880,,,,Keeps at room temperature 2 days,"These are definitely best served freshly baked and warm, but will keep for 1–2 days in an airtight container.",
korean-cucumber-salad,wait,resting,always,,0,at least 30 min,30,,,,,Plan ahead at least 30 min (resting),Let the cucumber salad sit for at least 30 minutes to let all the flavor soak into the cucumber slices!,
lemon-cumin-and-green-chili-sea-bass,wait,marinating,always,,1,10 min,10,10,,,,Plan ahead 10 min (marinating),,
lima-bean-and-basil-dip,storage,fridge,always,,2,up to 1 week,0,10080,,,,Keeps in the fridge up to 1 week,"This dip keeps, refrigerated in an airtight container, for up to 1 week.",minutes recomputed 10080–10080 -> 0–10080 ('up to' is a ceiling)
malted-brownie-biscotti,wait,chilling,always,,10,10 min – 1 hr,10,60,,,,Plan ahead 10 min – 1 hr (chilling),"Transfer the baking sheet to the freezer and chill for 10 minutes, or up to 1 hour.",
milky-tea-tres-leches,wait,chilling,always,,9,at least 6 hr,360,,ideally overnight,480,,Plan ahead at least 6 hr (chilling) — ideally overnight,Let the cake cool to room temperature before covering and chilling in the fridge for at least 6 hours but ideally overnight.,
miso-tofu-recipe,wait,marinating,always,,2,15–20 min,15,20,or a few hours in the fridge,,,Plan ahead 15–20 min (marinating) — or a few hours in the fridge,,
morning-buns-with-orange-blossom-glaze,wait,chilling,always,,4,overnight,480,,,,,Plan ahead overnight (chilling),Wrap the baking sheet with plastic wrap and refrigerate overnight.,
morning-buns-with-orange-blossom-glaze,wait,chilling,always,,6,overnight,480,,,,,Plan ahead overnight (chilling),Wrap in parchment paper or plastic wrap and refrigerate overnight.,
morning-buns-with-orange-blossom-glaze,wait,chilling,always,,14,30 min,30,30,,,,Plan ahead 30 min (chilling),Put the dough back on the baking sheet and refrigerate for 30 minutes.,
morning-buns-with-orange-blossom-glaze,wait,chilling,always,,17,3 hr,180,180,,,,Plan ahead 3 hr (chilling),Wrap in plastic wrap and refrigerate for 3 hours.,
morning-buns-with-orange-blossom-glaze,wait,chilling,always,,19,4 hr – overnight,240,480,,,,Plan ahead 4 hr – overnight (chilling),Squares can be frozen for 4 days and thawed in the refrigerator the night before you plan to prepare the buns.,
morning-buns-with-orange-blossom-glaze,wait,rising,always,,23,1.5–2 hr,90,120,,,,Plan ahead 1.5–2 hr (rising),Cover the entire pan with plastic wrap and let rise at room temperature for 1½ to 2 hours.,
mussakhan,wait,marinating,always,,1,1–3 hr,60,180,,,,Plan ahead 1–3 hr (marinating),Cover and marinate in the fridge for 1–3 hours.,
nandos-portuguese-chicken-and-rice,wait,marinating,always,,3,,,,"or overnight if you want, though not necessary",480,,"(no duration stated) (marinating) / or overnight if you want, though not necessary","Set aside while you prepare the rest of the ingredients, or overnight if you want (though not necessary).","reclassified: a marinade with no stated length, and the overnight is an ALTERNATIVE, so it is an extension"
new-york-style-bagel,wait,rising,always,,4,1.5 hr,90,90,,,,Plan ahead 1.5 hr (rising),"Let rise in a warm place for 1 ½ hours, until the dough has doubled in size.",
no-knead-bread,wait,chilling,optional,,3,up to 3 days,0,4320,,,,up to 3 days chilling (optional),Optional: refrigerate up to 3 days for more flavour.,"reclassified: an optional cold ferment, not storage (it is 'for more flavour', and the dough is still raw)"
no-knead-bread,wait,resting,only_if,chilled,3,45–60 min,45,60,,,,45–60 min resting if chilled,"If chilled, let the bowl sit out 45–60 minutes before shaping.",reclassified: conditional on the optional chill above
oat-bars,storage,fridge,always,,15,up to 2 days,0,2880,,,,Keeps in the fridge up to 2 days,"Store at room temperature for up to 2 days, or in the fridge for longer.",minutes recomputed 2880–2880 -> 0–2880 ('up to' is a ceiling)
oatmeal-sesame-cookies,wait,chilling,always,,3,6 hr – overnight,360,480,,,,Plan ahead 6 hr – overnight (chilling),"Cover and chill until firm, at least 6 hours, or up to overnight.",
oatmeal-sesame-cookies,storage,room temp,always,,7,up to 4 days,0,5760,,,,Keeps at room temperature up to 4 days,Store in an airtight container for up to 4 days.,minutes recomputed 5760–5760 -> 0–5760 ('up to' is a ceiling)
orange-peel-fish,wait,marinating,always,,2,30 min,30,30,,,,Plan ahead 30 min (marinating),Refrigerate the pouch for 30 minutes.,
palak-chicken-recipe-dhaba-style-saag-wala-chicken,wait,marinating,always,,0,,,,,,,,,BLANK: a wait named as an instruction with no duration anywhere
pan-fried-cod,wait,marinating,always,,2,15–20 min,15,20,,,,Plan ahead 15–20 min (marinating),,
panang-curry,wait,soaking,always,,1,30 min,30,30,,,,Plan ahead 30 min (soaking),Soak dried chilies in 2 cups of boiling water for 30 minutes.,
pasta-e-ceci,wait,soaking,always,,0,the day before,480,,,,,Plan ahead the day before (soaking),,
peanut-chutney,storage,fridge,always,,0,up to 1 week,0,10080,,,,Keeps in the fridge up to 1 week,"This chutney keeps, refrigerated in an airtight container, for up to 1 week.",minutes recomputed 10080–10080 -> 0–10080 ('up to' is a ceiling)
pepper-steak,wait,marinating,always,,2,,,,,,,,,BLANK: a wait named as an instruction with no duration anywhere
pepperoni-rolls,wait,rising,always,,6,about 1 hr,60,60,,,,Plan ahead about 1 hr (rising),"Place the dough in the oiled bowl, cover, and allow to rest at room temperature for about 1 hour, until doubled in size.",
pepperoni-rolls,wait,resting,always,,9,30 min,30,30,,,,Plan ahead 30 min (resting),Cover and let rest for 30 minutes.,
pita-bread,wait,rising,always,,3,about 1 hr,60,60,,,,Plan ahead about 1 hr (rising),"Place in a clean, lightly oiled bowl; cover with plastic wrap and let rise at room temperature until doubled in size, about 1 hour.",
pita-bread,wait,rising,always,,5,1 hr,60,60,,,,Plan ahead 1 hr (rising),Cover with plastic wrap and let rise at room temperature for 1 hour.,
pita-bread,storage,other,always,,8,3 days,4320,4320,,,,Keeps 3 days,Pita is best served the same day but will keep 3 days.,
prego-rolls-steak-and-piri-piri-sandwiches,wait,marinating,always,,0,15 min – 24 hr,15,1440,,,,Plan ahead 15 min – 24 hr (marinating),Allow the steak to marinate for as little as 15 minutes at room temperature or put it in the refrigerator and let it marinate for up to 24 hours.,
priya-s-dal,wait,soaking,always,,0,1 hr,60,60,,,,Plan ahead 1 hr (soaking),"MAKE THE DAL: Put the lentils in a bowl, add water to fully cover them, and set aside at room temperature to soak for 1 hour.",
pumpkin-scones,storage,room temp,always,,11,up to 3 days,0,4320,,,,Keeps at room temperature up to 3 days,Store in an airtight container at room temp for up to 3 days.,minutes recomputed 4320–4320 -> 0–4320 ('up to' is a ceiling)
pumpkin-spice-sandwich-cookies-with-brown-butter-cream-cheese-frosting,wait,chilling,always,,13,30 min,30,30,,,,Plan ahead 30 min (chilling),Sandwich with the remaining cookies and chill in the refrigerator for 30 minutes to set the filling.,
red-wine-braised-short-ribs,wait,brining,always,,0,,,,,,,,,BLANK: a wait named as an instruction with no duration anywhere
salsa-verde,storage,fridge,always,,6,up to 1 week,0,10080,,,,Keeps in the fridge up to 1 week,Store refrigerated in an airtight container for up to 1 week.,minutes recomputed 10080–10080 -> 0–10080 ('up to' is a ceiling)
salt-and-pepper-tofu,wait,brining,always,,1,1–2 hr,60,120,,,,Plan ahead 1–2 hr (brining),Place the tofu into the brine for 1-2 hours.,
salted-brown-butter-pecan-tassies,wait,chilling,always,,4,1 hr,60,60,,,,Plan ahead 1 hr (chilling),Refrigerate for 1 hour.,
shawarma-spice,storage,room temp,always,,1,up to 3 months,,,,,,Keeps at room temperature up to 3 months,Store in an airtight container out of direct sunlight for up to 3 months.,
snickerdoodle-shortbread,wait,freezing,always,,8,30 min,30,30,,,,Plan ahead 30 min (freezing),Freeze for 30 minutes.,
spiced-fish-pilaf-with-caramelized-onions-sayadieh,wait,marinating,always,,1,,,,,,,,,BLANK: a wait named as an instruction with no duration anywhere
spiced-fish-pilaf-with-caramelized-onions-sayadieh,wait,soaking,always,,3,15 min,15,15,,,,Plan ahead 15 min (soaking),,
spiced-scallops-with-saffron-beurre-blanc,wait,soaking,always,,0,1 hr,60,60,,,,Plan ahead 1 hr (soaking),"Grind the saffron strands to a powder using a pestle and mortar, and leave to soak in 2 tablespoons of warm water for 1 hour.",
spiced-scallops-with-saffron-beurre-blanc,storage,other,always,,3,3 weeks,30240,30240,,,,Keeps 3 weeks,The mix will keep for 2-3 weeks in a tightly lidded jar.,
spicy-chickpea-dip,storage,fridge,always,,1,up to 1 week,0,10080,,,,Keeps in the fridge up to 1 week,"This dip keeps, refrigerated in an airtight container, for up to 1 week.",minutes recomputed 10080–10080 -> 0–10080 ('up to' is a ceiling)
spinach-and-feta-parcels-fatayer-sabanekh,wait,rising,always,,3,1 hr,60,60,,,,Plan ahead 1 hr (rising),"Cover with plastic wrap and leave to rise in a warm place for 1 hour, or until doubled in size.",
stir-fried-green-beans-with-pork,wait,marinating,always,,0,15–20 min,15,20,,,,Plan ahead 15–20 min (marinating),,
syrian-style-lentils-with-chard,storage,fridge,always,,7,up to 4 days,0,5760,,,,Keeps in the fridge up to 4 days,Store covered in the refrigerator for up to 4 days.,minutes recomputed 5760–5760 -> 0–5760 ('up to' is a ceiling)
tahini-brioche-loaves-and-dinner-rolls,wait,rising,always,,4,30 min,30,30,,,,Plan ahead 30 min (rising),"Set aside to proof until there are cracks in the top layer and it is very soft to the touch, about 30 minutes.",
tahini-brioche-loaves-and-dinner-rolls,wait,chilling,always,,13,6 hr – overnight,360,480,,,,Plan ahead 6 hr – overnight (chilling),"Cover and refrigerate for at least 6 hours, or up to overnight.",
tahini-brioche-loaves-and-dinner-rolls,wait,rising,always,,27,1.5–2 hr,90,120,,,,Plan ahead 1.5–2 hr (rising),"Let rise at room temperature until almost doubled in size, 1½ to 2 hours.",
tahini-shortbread-cookies,wait,chilling,always,,3,4 hr – overnight,240,480,,,,Plan ahead 4 hr – overnight (chilling),"Refrigerate until firm, at least 4 hours or up to overnight.",
tahini-shortbread-cookies,storage,room temp,always,,6,up to 5 days,0,7200,,,,Keeps at room temperature up to 5 days,Store in an airtight container for up to 5 days.,minutes recomputed 7200–7200 -> 0–7200 ('up to' is a ceiling)
thai-tea-ice-cream-chatramues-thai-tea,wait,freezing,always,,14,overnight,480,,,,,Plan ahead overnight (freezing),Spoon the ice cream into a freezer safe container and freeze overnight.,
the-best-new-york-style-bagel,wait,rising,always,,10,20–30 min,20,30,,,,Plan ahead 20–30 min (rising),Cover bagels with plastic wrap (spray tops of bagels or bottom of wrap so it doesn't stick to bagels) and let bagels rise for about 20 minutes in warmer weather or 30 minutes in cooler kitchens.,
tomato-brown-butter,storage,fridge,always,,2,up to 1 week,0,10080,,,,Keeps in the fridge up to 1 week,"Store, covered in the refrigerator, for up to 1 week.",minutes recomputed 10080–10080 -> 0–10080 ('up to' is a ceiling)
toum,storage,fridge,always,,1,up to 5 days,0,7200,,,,Keeps in the fridge up to 5 days,Use immediately or cover and refrigerate in an airtight container for up to 5 days.,⚠️ NOT IN THE BRIEF: a storage claim v2 missed entirely
tseke-com-peix-frito-local-spinach-with-curry-sauce-and-crispy-fried-fish,wait,marinating,always,,1,,,,,,,,,BLANK: a wait named as an instruction with no duration anywhere
vietnamese-caramel-ginger-chicken,wait,marinating,always,,0,,,,"or overnight, though not necessary",480,,"(no duration stated) (marinating) / or overnight, though not necessary","Toss chicken with fish sauce and chilli, then set aside while you prepare the other ingredients. You could marinate even overnight but it's not necessary.","reclassified: same shape as nandos, an alternative is an extension"
warm-buttered-hummus,excluded,,always,,0,,,,,,,,"Lower the heat to medium-low and simmer until the chickpeas are tender and almost falling apart, about 45 minutes, using a ladle to skim any foam that rises to the surface.",NOT A WAIT: a 45 min simmer is active cooking and belongs to cook_time. ⚠️ this recipe has NO cook_time at all (see the separate gap)
yellow-split-peas-with-za-atar-spiced-almonds,storage,fridge,always,,4,up to 4 days,0,5760,,,,Keeps in the fridge up to 4 days,Store covered in the refrigerator up to 4 days.,minutes recomputed 5760–5760 -> 0–5760 ('up to' is a ceiling)
za-atar-bread,wait,rising,always,,2,about 1 hr,60,60,,,,Plan ahead about 1 hr (rising),"Cover with plastic wrap and let rise at room temperature until doubled in size, about 1 hour.",
za-atar-bread,wait,rising,always,,3,45 min,45,45,,,,Plan ahead 45 min (rising),Cover with plastic wrap and let rise for 45 minutes.,
za-atar-bread,wait,rising,always,,6,20–30 min,20,30,,,,Plan ahead 20–30 min (rising),Cover with plastic wrap and set aside to rise for 20 to 30 minutes.,⚠️ NOT IN THE BRIEF: a real rise v2 missed entirely
zanzibar-pilau-rice-pilaf,wait,soaking,always,,0,10–30 min,10,30,,,,Plan ahead 10–30 min (soaking),"Place the rinsed rice in a bowl, cover with cold water, and let it soak for at least 10 minutes and up to 30 minutes.",
