part,recipe_id,table,row_id,action,value,source_of_decision,REASON
4,stir-fried-green-beans-with-pork,recipe_steps,3651,footnote_to_note,"Turn the heat lower if needed to avoid burning. To speed up the cooking, add a few drops of water each you stir, to create some steam.",andy,"The rule would move the WHOLE step into the note. Its last sentence (""Transfer the cooked green beans to a dish and set aside."") repeats step 3650's last sentence verbatim, so moving it whole would copy an instruction into the notes AND leave it in the method. Only the footnote's own two sentences move, which is a judgement about these words and not something a rule can read."
4,stir-fried-green-beans-with-pork,recipe_steps,3651,delete_step,,andy,"Nothing is left of it once its two sentences move, and its third is already on the step above."
4,stir-fried-green-beans-with-pork,recipe_steps,3650,strip_footnote_marker,,rule,"The app has no footnotes. The aside is a note LINKED to this step now, so the marker points at nothing. import_cleanup.strip_footnote_markers."
5,vanilla-mug-cake,recipe_steps,3853,strip_footnote_marker,,rule,"An unpaired marker with no footnote step anywhere in the recipe and no note rows. It pointed at nothing before this round and points at nothing after it. import_cleanup.strip_footnote_markers."
7,karak-chai,recipe_steps,2623,strip_author_letter,,rule,"a/b/c over three consecutive steps under the author's own heading. The app draws its own marker. import_cleanup.strip_author_letters, run 'abc'."
7,karak-chai,recipe_steps,2624,strip_author_letter,,rule,"The second of the run."
7,karak-chai,recipe_steps,2625,strip_author_letter,,rule,"The third of the run. Its parent heading (2622) already exists, so no heading is created."
7,homemade-pasta-dough,recipe_steps,2536,strip_author_number,,andy,"A sequence of one, under the 'Cooking' heading. The whole-recipe rule needs two numbers because it has nothing else; the heading is the other evidence. Andy's call on the flagged case from STOP 1. import_cleanup.strip_author_numbers_by_section."
7,homemade-pasta-dough,recipe_steps,2536,capitalize_after_heading,,andy,"A step directly after a heading is never a continuation of the line above it, so its first letter is capitalized. import_cleanup.continues_the_line_above."
2,kfc-spicy-chicken-rice-bowl,recipe_steps,6075,heading_section,,andy,"""Fry the chicken (the first time)"" becomes a section. Also reached by the rule (no author-written heading above it), and recorded here because Andy decided it in the preview."
2,kfc-spicy-chicken-rice-bowl,recipe_steps,6076,heading_section,,andy,"""Fry the chicken again"" becomes a section, with one step under it. Andy's call: a stage with one step is still a stage."
6,brioche-bread,recipe_notes,29,note_label_to_title_beyond_the_list,Storing,rule,"FLAGGED FOR THE CLICK-THROUGH. The rule says a label that is not the kind's own name becomes the title, and ""Storing"" is not the name of the kind ""storage"". Andy's enumeration of 8 labels does not include it. Applied by rule, listed here so he can veto it on :8002."
6,brioche-cinnamon-rolls,recipe_notes,35,note_label_to_title_beyond_the_list,Storing,rule,"FLAGGED FOR THE CLICK-THROUGH. The second ""Storing"". Same reason as note 29."
6,salsa-verde,recipe_notes,140,note_label_to_title_beyond_the_list,Reminder,rule,"FLAGGED FOR THE CLICK-THROUGH. ""Reminder"" is a listed label of the kind ""notes"" and says more than ""Note"" does. Andy's enumeration does not include it. Applied by rule, listed here so he can veto it on :8002."
