recipe_id,position,verdict,changed,raw_text,old_qty,new_qty,old_quantity,new_quantity,old_unit,new_unit,old_label,new_label
acqua-pazza,0,WRITE,label,"2 x 6oz halibut fillets, or other white fish, skin on, bones and scales removed",,,,,,,,"2 x 6oz halibut fillets, or other white fish, skin on, bones and scales removed"
acqua-pazza,4,WRITE,label,"1/2 fennel (medium) , sliced sliced 1cm / 1/3"" thick",1/2,1/2,1/2,1/2,,,"fennel (medium) , sliced sliced 1cm / 1/3"" thick","fennel (medium), sliced sliced 1cm / 1/3"" thick"
acqua-pazza,6,WRITE,label qty unit,"2 garlic cloves, finely minced",2,2 cloves,2,2,,cloves,"garlic cloves, finely minced","garlic, finely minced"
acqua-pazza,14,WRITE,label,"1 crusty baguette , cut 4 to 6 slices on a diagonal, 1cm / 1/3"" thick",1,1,1,1,,,"crusty baguette , cut 4 to 6 slices on a diagonal, 1cm / 1/3"" thick","crusty baguette, cut 4 to 6 slices on a diagonal, 1cm / 1/3"" thick"
acqua-pazza,17,WRITE,label qty unit,"1 garlic clove, halved (for rubbing)",1,1 clove,1,1,,clove,"garlic clove, halved (for rubbing)","garlic, halved (for rubbing)"
aloo-gobhi,7,WRITE,quantity unit,pinch red chile powder,pinch,pinch,pinch,,,pinch,red chile powder,red chile powder
aloo-gobhi,10,WRITE,qty unit,"1 teaspoon kosher salt, plus more if needed",1 tsp,1 teaspoon,1,1,tsp,teaspoon,"kosher salt, plus more if needed","kosher salt, plus more if needed"
arkansas-style-cheese-dip,6,WRITE,label,Kosher salt,,,,,,,,Kosher salt
arkansas-style-cheese-dip,19,WRITE,label,"(American, Cheddar, Jack, or a combination)",,,,,,,,"(American, Cheddar, Jack, or a combination)"
asparagus-with-eggs-and-za-atar-halayone-w-bayd,0,WRITE,qty unit,2 tablespoons olive oil or any neutral oil,2 tbsp,2 tablespoons,2,2,tbsp,tablespoons,olive oil or any neutral oil,olive oil or any neutral oil
asparagus-with-eggs-and-za-atar-halayone-w-bayd,2,WRITE,label qty unit,"1 garlic clove, crushed",1,1 clove,1,1,,clove,"garlic clove, crushed","garlic, crushed"
asparagus-with-eggs-and-za-atar-halayone-w-bayd,4,WRITE,label,sea salt,,,,,,,,sea salt
asparagus-with-eggs-and-za-atar-halayone-w-bayd,5,WRITE,label,freshly ground black pepper,,,,,,,,freshly ground black pepper
asparagus-with-eggs-and-za-atar-halayone-w-bayd,7,WRITE,qty unit,2 teaspoons za'atar,2 tsp,2 teaspoons,2,2,tsp,teaspoons,za'atar,za'atar
asparagus-with-eggs-and-za-atar-halayone-w-bayd,8,WRITE,label,extra virgin olive oil,,,,,,,,extra virgin olive oil
baked-tofu,1,WRITE,qty unit,2 tablespoons reduced-sodium soy sauce,2 tbsp,2 tablespoons,2,2,tbsp,tablespoons,reduced-sodium soy sauce,reduced-sodium soy sauce
basic-dal,2,WRITE,qty unit,1 teaspoon ground turmeric,1 tsp,1 teaspoon,1,1,tsp,teaspoon,ground turmeric,ground turmeric
basic-dal,3,WRITE,qty unit,1 teaspoon kosher salt,1 tsp,1 teaspoon,1,1,tsp,teaspoon,kosher salt,kosher salt
basic-dal,4,WRITE,qty unit,2 tablespoons fresh lime juice (from about 1 lime),2 tbsp,2 tablespoons,2,2,tbsp,tablespoons,fresh lime juice (from about 1 lime),fresh lime juice (from about 1 lime)
basic-dal,6,WRITE,qty unit,2 tablespoons ghee or olive oil,2 tbsp,2 tablespoons,2,2,tbsp,tablespoons,ghee or olive oil,ghee or olive oil
basic-dal,7,WRITE,qty unit,2 teaspoons cumin seeds,2 tsp,2 teaspoons,2,2,tsp,teaspoons,cumin seeds,cumin seeds
basic-dal,9,WRITE,qty unit,Pinch of red chile powder,pinch,Pinch,,,pinch,Pinch,red chile powder,red chile powder
basic-dal,10,WRITE,qty unit,"Pinch of asafetida (optional, but really great)",pinch,Pinch,,,pinch,Pinch,"asafetida (optional, but really great)","asafetida (optional, but really great)"
basic-hummus,1,WRITE,qty unit,1 teaspoon baking soda,1 tsp,1 teaspoon,1,1,tsp,teaspoon,baking soda,baking soda
basic-hummus,6,WRITE,qty unit,6½ tablespoons (100ml) ice cold water,6½ tbsp,6½ tablespoons,6½,6½,tbsp,tablespoons,ice cold water,ice cold water
basic-hummus,7,WRITE,label,Salt,,,,,,,,Salt
basic-hummus,8,WRITE,label,"Good-quality olive oil, to serve (optional)",,,,,,,,"Good-quality olive oil, to serve (optional)"
bbq-gulf-snapper,0,WRITE,label qty unit,"2 small skin-on boneless snapper fillets, 10 to 12 ounces each 2 teaspoons kosher salt, plus more for the sauce",2,2 small fillets,2,2,,small fillets,"small skin-on boneless snapper fillets, 10 to 12 ounces each","skin-on boneless snapper, 10 to 12 ounces each 2 teaspoons kosher salt, plus more for the sauce"
bbq-gulf-snapper,1,WRITE,label,Seersucker Spice Mix or Cajun seasoning,1 tbsp,1 tbsp,1,1,tbsp,tbsp,,Seersucker Spice Mix or Cajun seasoning
bbq-gulf-snapper,2,WRITE,qty unit,2 tablespoons unsalted butter,2 tbsp,2 tablespoons,2,2,tbsp,tablespoons,unsalted butter,unsalted butter
bbq-gulf-snapper,3,WRITE,qty unit,3 tablespoons olive oil,3 tbsp,3 tablespoons,3,3,tbsp,tablespoons,olive oil,olive oil
bbq-gulf-snapper,6,WRITE,qty unit,3 tablespoons fresh lemon juice,3 tbsp,3 tablespoons,3,3,tbsp,tablespoons,fresh lemon juice,fresh lemon juice
bbq-gulf-snapper,8,WRITE,qty unit,3 tablespoons Worcestershire sauce,3 tbsp,3 tablespoons,3,3,tbsp,tablespoons,Worcestershire sauce,Worcestershire sauce
bbq-gulf-snapper,9,WRITE,qty unit,3 tablespoons finely chopped fresh flat-leaf parsley,3 tbsp,3 tablespoons,3,3,tbsp,tablespoons,finely chopped fresh flat-leaf parsley,finely chopped fresh flat-leaf parsley
bbq-gulf-snapper,10,WRITE,label,"Hot sauce, such as Crystal or Tabasco, for serving",,,,,,,,"Hot sauce, such as Crystal or Tabasco, for serving"
bbq-gulf-snapper,11,WRITE,label,"kosher salt, plus more for the sauce",2 tsp,2 tsp,2,2,tsp,tsp,,"kosher salt, plus more for the sauce"
birria-tacos,6,WRITE,label,"1 small onion , roughly sliced (~tennis ball size)",1 small,1 small,1,1,small,small,"onion , roughly sliced (~tennis ball size)","onion, roughly sliced (~tennis ball size)"
birria-tacos,7,WRITE,label,"1 medium tomato , roughly sliced (180g)",1 medium,1 medium,1,1,medium,medium,"tomato , roughly sliced","tomato, roughly sliced"
birria-tacos,13,WRITE,label,"2.6 lb chuck beef , cut into 6 large pieces (or boneless beef short ribs – 3.6 lb bone-in)",2.6 lb,2.6 lb,2.6,2.6,lb,lb,"chuck beef , cut into 6 large pieces (or boneless beef short ribs – 3.6 lb bone-in)","chuck beef, cut into 6 large pieces (or boneless beef short ribs – 3.6 lb bone-in)"
birria-tacos,14,WRITE,label,"2 cups beef stock / broth , low sodium",2 cups,2 cups,2,2,cups,cups,"beef stock / broth , low sodium","beef stock / broth, low sodium"
birria-tacos,22,WRITE,label,"1 white onion , diced (Note 5)",1,1,1,1,,,"white onion , diced (Note 5)","white onion, diced (Note 5)"
birria-tacos,25,WRITE,label,"Lime wedges , optional",,,,,,,"Lime wedges , optional","Lime wedges, optional"
birria-tacos,26,WRITE,label,"salsa or hot sauce , optional",,,,,,,"salsa or hot sauce , optional","salsa or hot sauce, optional"
black-pepper-chicken,1,WRITE,qty unit,12 ounces boneless skinless chicken breast (or thighs),12 oz,12 ounces,12,12,oz,ounces,boneless skinless chicken breast (or thighs),boneless skinless chicken breast (or thighs)
black-pepper-chicken,2,WRITE,qty unit,3 tablespoons water,3 tbsp,3 tablespoons,3,3,tbsp,tablespoons,water,water
black-pepper-chicken,3,WRITE,qty unit,1 teaspoon cornstarch,1 tsp,1 teaspoon,1,1,tsp,teaspoon,cornstarch,cornstarch
black-pepper-chicken,4,WRITE,qty unit,"1 teaspoon neutral oil (such as vegetable, canola, or avocado oil)",1 tsp,1 teaspoon,1,1,tsp,teaspoon,"neutral oil (such as vegetable, canola, or avocado oil)","neutral oil (such as vegetable, canola, or avocado oil)"
black-pepper-chicken,5,WRITE,qty unit,2 teaspoons oyster sauce,2 tsp,2 teaspoons,2,2,tsp,teaspoons,oyster sauce,oyster sauce
black-pepper-chicken,6,WRITE,qty unit,1/2 teaspoon coarsely ground black pepper,1/2 tsp,1/2 teaspoon,1/2,1/2,tsp,teaspoon,coarsely ground black pepper,coarsely ground black pepper
black-pepper-chicken,9,WRITE,qty unit,1 tablespoon oyster sauce,1 tbsp,1 tablespoon,1,1,tbsp,tablespoon,oyster sauce,oyster sauce
black-pepper-chicken,10,WRITE,qty unit,1 tablespoon light soy sauce,1 tbsp,1 tablespoon,1,1,tbsp,tablespoon,light soy sauce,light soy sauce
black-pepper-chicken,11,WRITE,qty unit,1 teaspoon sugar,1 tsp,1 teaspoon,1,1,tsp,teaspoon,sugar,sugar
black-pepper-chicken,12,WRITE,qty unit,2 teaspoons dark soy sauce,2 tsp,2 teaspoons,2,2,tsp,teaspoons,dark soy sauce,dark soy sauce
black-pepper-chicken,13,WRITE,qty unit,1/2 teaspoon sesame oil,1/2 tsp,1/2 teaspoon,1/2,1/2,tsp,teaspoon,sesame oil,sesame oil
black-pepper-chicken,14,WRITE,qty unit,3 tablespoons neutral oil (divided),3 tbsp,3 tablespoons,3,3,tbsp,tablespoons,neutral oil (divided),neutral oil (divided)
black-pepper-chicken,17,WRITE,qty unit,1 tablespoon Shaoxing wine,1 tbsp,1 tablespoon,1,1,tbsp,tablespoon,Shaoxing wine,Shaoxing wine
black-pepper-chicken,20,WRITE,qty unit,1 teaspoon coarsely ground black pepper,1 tsp,1 teaspoon,1,1,tsp,teaspoon,coarsely ground black pepper,coarsely ground black pepper
black-pepper-chicken,21,WRITE,qty unit,1 1/2 teaspoons cornstarch (mixed with 2 tablespoons water to form a cornstarch slurry),1 1/2 tsp,1 1/2 teaspoons,1 1/2,1 1/2,tsp,teaspoons,cornstarch (mixed with 2 tablespoons water to form a cornstarch slurry),cornstarch (mixed with 2 tablespoons water to form a cornstarch slurry)
brioche-cinnamon-rolls,10,WRITE,qty unit,1 Tbsp ground cinnamon,1 tbsp,1 Tbsp,1,1,tbsp,Tbsp,ground cinnamon,ground cinnamon
brioche-cinnamon-rolls,14,WRITE,qty unit,2 Tbsp milk at room temperature,2 tbsp,2 Tbsp,2,2,tbsp,Tbsp,milk at room temperature,milk at room temperature
bulgogi-bowls,21,WRITE,label,"lettuce, torn into bite-size pieces",1½ cups,1½ cups,1½,1½,cups,cups,,"lettuce, torn into bite-size pieces"
butter-chicken,1,WRITE,label,"1/2 cup plain yoghurt , full fat",1/2 cup,1/2 cup,1/2,1/2,cup,cup,"plain yoghurt , full fat","plain yoghurt, full fat"
cappuccino-muffins,5,WRITE,qty unit,Pinch of salt,pinch,Pinch,,,pinch,Pinch,salt,salt
cauliflower-soup,3,WRITE,label,Salt,,,,,,,,Salt
cauliflower-soup,5,WRITE,label,Extra-virgin olive oil,,,,,,,,Extra-virgin olive oil
cauliflower-soup,6,WRITE,label,Freshly ground black pepper,,,,,,,,Freshly ground black pepper
chicago-style-italian-beef-pot-roast-sandwich,1,WRITE,qty unit,4-5 pound Bottom Round of Beef,4-5 lb,4-5 pound,4-5,4-5,lb,pound,Bottom Round of Beef,Bottom Round of Beef
chicago-style-italian-beef-pot-roast-sandwich,4,WRITE,label qty unit,"1 Garlic Head, Sliced In Half",1,1 Head,1,1,,Head,"Garlic Head, Sliced In Half","Garlic, Sliced In Half"
chicago-style-italian-beef-pot-roast-sandwich,5,WRITE,label,French Rolls,,,,,,,,French Rolls
chicago-style-italian-beef-pot-roast-sandwich,6,WRITE,label,Roasted Bell Pepper,,,,,,,,Roasted Bell Pepper
chicago-style-italian-beef-pot-roast-sandwich,7,WRITE,label,Salt to taste,,,,,,,,Salt to taste
chicago-style-italian-beef-pot-roast-sandwich,9,WRITE,qty unit,1.5 Tbsp Fennel Seeds,1.5 tbsp,1.5 Tbsp,1.5,1.5,tbsp,Tbsp,Fennel Seeds,Fennel Seeds
chicago-style-italian-beef-pot-roast-sandwich,11,WRITE,qty unit,2 Tbsp Sweet Paprika,2 tbsp,2 Tbsp,2,2,tbsp,Tbsp,Sweet Paprika,Sweet Paprika
chicago-style-italian-beef-pot-roast-sandwich,12,WRITE,qty unit,2.5 Tbsp Dried Oregano,2.5 tbsp,2.5 Tbsp,2.5,2.5,tbsp,Tbsp,Dried Oregano,Dried Oregano
chicago-style-italian-beef-pot-roast-sandwich,13,WRITE,qty unit,2.5 Tbsp Dried Basil,2.5 tbsp,2.5 Tbsp,2.5,2.5,tbsp,Tbsp,Dried Basil,Dried Basil
chicago-style-italian-beef-pot-roast-sandwich,14,WRITE,qty unit,2.5 Tbsp Dried Thyme,2.5 tbsp,2.5 Tbsp,2.5,2.5,tbsp,Tbsp,Dried Thyme,Dried Thyme
chicago-style-italian-beef-pot-roast-sandwich,15,WRITE,qty unit,1.5 Tbsp Red Chili Flake,1.5 tbsp,1.5 Tbsp,1.5,1.5,tbsp,Tbsp,Red Chili Flake,Red Chili Flake
chicago-style-italian-beef-pot-roast-sandwich,16,WRITE,qty unit,1.5 Tbsp Black Peppercorns,1.5 tbsp,1.5 Tbsp,1.5,1.5,tbsp,Tbsp,Black Peppercorns,Black Peppercorns
chicken-chow-fun,18,WRITE,label qty unit,"1 medium garlic clove, chopped",1 medium,1 medium clove,1,1,medium,medium clove,"garlic clove, chopped","garlic, chopped"
chicken-marsala,7,WRITE,qty unit,8 Sprigs of Fresh Thyme,8 sprigs,8 Sprigs,8,8,sprigs,Sprigs,Fresh Thyme,Fresh Thyme
chicken-nachos,2,WRITE,label,"700 g / 1.2 lb chicken thighs or breast , skinless boneless",700 g,700 g,700,700,g,g,"chicken thighs or breast , skinless boneless","chicken thighs or breast, skinless boneless"
chicken-shawarma,2,WRITE,label qty unit,"1 large garlic clove, minced (or 2 small cloves)",1 large,1 large clove,1,1,large,large clove,"garlic clove, minced (or 2 small cloves)","garlic, minced (or 2 small cloves)"
chicken-shawarma,15,WRITE,label qty unit,Tomato slices,,slices,,,,slices,Tomato slices,Tomato
cinnamon-scones,2,WRITE,qty unit,3 teaspoons baking powder,3 tsp,3 teaspoons,3,3,tsp,teaspoons,baking powder,baking powder
cinnamon-scones,3,WRITE,qty unit,¼ teaspoon salt*,¼ tsp,¼ teaspoon,¼,¼,tsp,teaspoon,salt*,salt*
cinnamon-scones,4,WRITE,qty unit,1 ½ teaspoons cinnamon,1 ½ tsp,1 ½ teaspoons,1 ½,1 ½,tsp,teaspoons,cinnamon,cinnamon
cinnamon-scones,9,WRITE,qty unit,½ teaspoon vanilla,½ tsp,½ teaspoon,½,½,tsp,teaspoon,vanilla,vanilla
cinnamon-scones,12,WRITE,qty unit,½ teaspoon vanilla,½ tsp,½ teaspoon,½,½,tsp,teaspoon,vanilla,vanilla
cinnamon-scones,13,WRITE,qty unit,2 tablespoons maple syrup,2 tbsp,2 tablespoons,2,2,tbsp,tablespoons,maple syrup,maple syrup
cinnamon-scones,14,WRITE,qty unit,½ tablespoon cream,½ tbsp,½ tablespoon,½,½,tbsp,tablespoon,cream,cream
country-ham-croquettes-with-parsley-salad,19,WRITE,qty unit,Pinch kosher salt,pinch,Pinch,,,pinch,Pinch,kosher salt,kosher salt
eleni-s-sourdough-bread,4,WRITE,qty unit,Pinch of salt and pepper,pinch,Pinch,,,pinch,Pinch,salt and pepper,salt and pepper
fish-with-white-wine-sauce,1,WRITE,label,"4 x 150g / 5oz white fish fillets , skinless, boneless (I used snapper)",,,,,,,"4 x 150g / 5oz white fish fillets , skinless, boneless (I used snapper)","4 x 150g / 5oz white fish fillets, skinless, boneless (I used snapper)"
fish-with-white-wine-sauce,6,WRITE,label,"1 eschalot , small, finely chopped (~1 1/2 tbs)",1,1,1,1,,,"eschalot , small, finely chopped (~1 1/2 tbs)","eschalot, small, finely chopped (~1 1/2 tbs)"
fish-with-white-wine-sauce,7,WRITE,label,"1 1/4 cups white wine , dry, not sweet or too woody (chardonnay is especially good)",1 1/4 cups,1 1/4 cups,1 1/4,1 1/4,cups,cups,"white wine , dry, not sweet or too woody (chardonnay is especially good)","white wine, dry, not sweet or too woody (chardonnay is especially good)"
fish-with-white-wine-sauce,13,WRITE,label,"30g / 2 tbsp unsalted butter , cold, cut into 1cm / 1/3″ cubes",30 g,30 g,30,30,g,g,"unsalted butter , cold, cut into 1cm / 1/3″ cubes","unsalted butter, cold, cut into 1cm / 1/3″ cubes"
fluffy-pancakes-with-regular-yogurt,0,WRITE,label,all-purpose flour,1 cup,1 cup,1,1,cup,cup,,all-purpose flour
fluffy-pancakes-with-regular-yogurt,1,WRITE,label,baking soda,1/4 tsp,1/4 tsp,1/4,1/4,tsp,tsp,,baking soda
fluffy-pancakes-with-regular-yogurt,2,WRITE,label,baking powder,1 1/2 tsp,1 1/2 tsp,1 1/2,1 1/2,tsp,tsp,,baking powder
fluffy-pancakes-with-regular-yogurt,3,WRITE,label,salt,1/4 tsp,1/4 tsp,1/4,1/4,tsp,tsp,,salt
fluffy-pancakes-with-regular-yogurt,4,WRITE,label,regular yogurt (any flavor*),1 cup,1 cup,1,1,cup,cup,,regular yogurt (any flavor*)
fluffy-pancakes-with-regular-yogurt,5,WRITE,label,eggs,2,2,2,2,,,,eggs
fluffy-pancakes-with-regular-yogurt,6,WRITE,label,vanilla (optional),1 tsp,1 tsp,1,1,tsp,tsp,,vanilla (optional)
fluffy-pancakes-with-regular-yogurt,7,WRITE,label,butter (melted),2 tbsp,2 tbsp,2,2,tbsp,tbsp,,butter (melted)
gai-yang,0,WRITE,label,"bone-in, skin-on chicken thighs",8,8,8,8,,,,"bone-in, skin-on chicken thighs"
gai-yang,8,WRITE,label,black (dark) soy sauce,1 tbsp,1 tbsp,1,1,tbsp,tbsp,,black (dark) soy sauce
gai-yang,9,WRITE,qty unit,1 Tbsp sugar,1 tbsp,1 Tbsp,1,1,tbsp,Tbsp,sugar,sugar
gai-yang,11,WRITE,qty unit,2 Tbsp neutral oil,2 tbsp,2 Tbsp,2,2,tbsp,Tbsp,neutral oil,neutral oil
gai-yang,17,WRITE,label,"Chili flakes, to taste",to taste,to taste,to taste,to taste,,,chili flakes,"Chili flakes, to taste"
gai-yang,21,WRITE,qty unit,1 Tbsp toasted rice powder,1 tbsp,1 Tbsp,1,1,tbsp,Tbsp,toasted rice powder,toasted rice powder
gai-yang-2,2,WRITE,label qty unit,"1 large lemongrass stalk , white part only, reedy outer layers removed, sliced 5mm / 1/5"" thick",1 large,1 large stalk,1,1,large,large stalk,"lemongrass stalk , white part only, reedy outer layers removed, sliced 5mm / 1/5"" thick","lemongrass, white part only, reedy outer layers removed, sliced 5mm / 1/5"" thick"
gai-yang-2,3,WRITE,label,"4 cloves garlic , peeled (whole)",4 cloves,4 cloves,4,4,cloves,cloves,"garlic , peeled (whole)","garlic, peeled (whole)"
gai-yang-2,5,WRITE,label,"1 tbsp light soy sauce , or any all-purpose soy or tamari",1 tbsp,1 tbsp,1,1,tbsp,tbsp,"light soy sauce , or any all-purpose soy or tamari","light soy sauce, or any all-purpose soy or tamari"
gai-yang-2,8,WRITE,label,"2 tbsp oil , vegetable, canola, or any other neutral flavored oil",2 tbsp,2 tbsp,2,2,tbsp,tbsp,"oil , vegetable, canola, or any other neutral flavored oil","oil, vegetable, canola, or any other neutral flavored oil"
garlic-rice,0,WRITE,label,"50 – 75g/ 4 – 5 tbsp unsalted butter , divided",50 – 75 g,50 – 75 g,50 – 75,50 – 75,g,g,"/ 4 – 5 tbsp unsalted butter , divided","/ 4 – 5 tbsp unsalted butter, divided"
garlic-rice,3,WRITE,label,"3 cups chicken stock/broth , low sodium",3 cups,3 cups,3,3,cups,cups,"chicken stock/broth , low sodium","chicken stock/broth, low sodium"
garlic-rice,5,WRITE,label,"1 tbsp parsley , finely chopped, plus extra for garnish (optional)",1 tbsp,1 tbsp,1,1,tbsp,tbsp,"parsley , finely chopped, plus extra for garnish (optional)","parsley, finely chopped, plus extra for garnish (optional)"
honey-cookies-finikia,10,WRITE,qty unit,Pinch of cloves,pinch,Pinch,,,pinch,Pinch,cloves,cloves
hummus,1,WRITE,qty unit,1 teaspoon baking soda,1 tsp,1 teaspoon,1,1,tsp,teaspoon,baking soda,baking soda
hummus,2,WRITE,label,"garlic, crushed",3 clove,3 clove,3,3,clove,clove,,"garlic, crushed"
hummus,3,WRITE,qty unit,"6 tablespoons/90ml lemon juice, or to taste",6 tbsp,6 tablespoons,6,6,tbsp,tablespoons,"lemon juice, or to taste","lemon juice, or to taste"
hummus,5,WRITE,qty unit,½ teaspoon ground cumin sea salt,½ tsp,½ teaspoon,½,½,tsp,teaspoon,ground cumin sea salt,ground cumin sea salt
hummus,7,WRITE,label,"extra virgin olive oil, to serve",,,,,,,,"extra virgin olive oil, to serve"
jamaican-jerk-fish,12,WRITE,label,"4 x 160g/6 oz thin snapper or other white fish fillets , skinless, boneless (up to 1.5cm / 0.6″ thick)",,,,,,,"4 x 160g/6 oz thin snapper or other white fish fillets , skinless, boneless (up to 1.5cm / 0.6″ thick)","4 x 160g/6 oz thin snapper or other white fish fillets, skinless, boneless (up to 1.5cm / 0.6″ thick)"
key-lime-pie,11,WRITE,qty unit,Pinch of salt,pinch,Pinch,,,pinch,Pinch,salt,salt
khichdi,11,WRITE,qty unit,Pinch of red chile powder,pinch,Pinch,,,pinch,Pinch,red chile powder,red chile powder
khichdi,12,WRITE,qty unit,Pinch of asafetida (optional),pinch,Pinch,,,pinch,Pinch,asafetida (optional),asafetida (optional)
kuku-paka-african-chicken-curry,7,WRITE,label,"1 onion , finely diced",1,1,1,1,,,"onion , finely diced","onion, finely diced"
kuku-paka-african-chicken-curry,9,WRITE,label,"2 tsp ginger , finely minced",2 tsp,2 tsp,2,2,tsp,tsp,"ginger , finely minced","ginger, finely minced"
kuku-paka-african-chicken-curry,14,WRITE,label,"14 oz coconut milk , full-fat",14 oz,14 oz,14,14,oz,oz,"coconut milk , full-fat","coconut milk, full-fat"
leek-and-potato-soup,2,WRITE,label,"3 leeks , white and pale green parts only sliced thinly (about 2 cups)",3,3,3,3,,,"leeks , white and pale green parts only sliced thinly","leeks, white and pale green parts only sliced thinly"
leek-and-potato-soup,3,WRITE,label,"2lb potatoes (Sebago/Russet/Maris Piper) , peeled a diced into 1""/2.5cm cubes",2 lb,2 lb,2,2,lb,lb,"potatoes (Sebago/Russet/Maris Piper) , peeled a diced into 1""/2.5cm cubes","potatoes (Sebago/Russet/Maris Piper), peeled a diced into 1""/2.5cm cubes"
leek-and-potato-soup,5,WRITE,label,"3/4 cup (185 ml) cream , heavy/thickened (sub milk)",3/4 cup,3/4 cup,3/4,3/4,cup,cup,"cream , heavy/thickened (sub milk)","cream, heavy/thickened (sub milk)"
meat-lasagna,10,WRITE,label,"3 beef bouillon cubes , crumbled",3,3,3,3,,,"beef bouillon cubes , crumbled","beef bouillon cubes, crumbled"
meat-lasagna,23,WRITE,qty unit,Pinch of freshly ground nutmeg,pinch,Pinch,,,pinch,Pinch,freshly ground nutmeg,freshly ground nutmeg
mejadra,9,WRITE,label,salt,1 tsp,1 tsp,1,1,tsp,tsp,,salt
mejadra,10,WRITE,label,Black pepper,,,,,,,,Black pepper
mejadra,14,WRITE,label,Salt,,,,,,,,Salt
miso-tofu-recipe,0,WRITE,label,block extra firm tofu (drained and pressed),16 oz,16 oz,16,16,oz,oz,,block extra firm tofu (drained and pressed)
miso-tofu-recipe,1,WRITE,label,white miso paste,2 tbsp,2 tbsp,2,2,tbsp,tbsp,,white miso paste
miso-tofu-recipe,2,WRITE,label,maple syrup (you can adjust the sweetness to your liking),2 tbsp,2 tbsp,2,2,tbsp,tbsp,,maple syrup (you can adjust the sweetness to your liking)
miso-tofu-recipe,3,WRITE,label,soy sauce (or tamari for a gluten-free option),1 tbsp,1 tbsp,1,1,tbsp,tbsp,,soy sauce (or tamari for a gluten-free option)
miso-tofu-recipe,4,WRITE,label,rice vinegar,1 tsp,1 tsp,1,1,tsp,tsp,,rice vinegar
miso-tofu-recipe,5,WRITE,label,sesame oil,1 tsp,1 tsp,1,1,tsp,tsp,,sesame oil
miso-tofu-recipe,6,WRITE,label,ginger paste,1 tsp,1 tsp,1,1,tsp,tsp,,ginger paste
miso-tofu-recipe,7,WRITE,label,garlic (minced),1 clove,1 clove,1,1,clove,clove,,garlic (minced)
miso-tofu-recipe,8,WRITE,label,water,1 tbsp,1 tbsp,1,1,tbsp,tbsp,,water
mussakhan,8,WRITE,label,sea salt and freshly ground black pepper,,,,,,,,sea salt and freshly ground black pepper
mussakhan,11,WRITE,qty unit,1 tablespoon olive oil or any neutral oil,1 tbsp,1 tablespoon,1,1,tbsp,tablespoon,olive oil or any neutral oil,olive oil or any neutral oil
mussakhan,12,WRITE,label,"naan or Arabic taboon bread, to serve",,,,,,,,"naan or Arabic taboon bread, to serve"
nandos-portuguese-chicken-and-rice,0,WRITE,label,"1 lb chicken thighs , boneless, skinless, cut into bite size pieces",1 lb,1 lb,1,1,lb,lb,"chicken thighs , boneless, skinless, cut into bite size pieces","chicken thighs, boneless, skinless, cut into bite size pieces"
nandos-portuguese-chicken-and-rice,14,WRITE,label,"1 small onion , diced",1 small,1 small,1,1,small,small,"onion , diced","onion, diced"
nandos-portuguese-chicken-and-rice,19,WRITE,label,"2 1/4 cups chicken stock/broth , low sodium",2 1/4 cups,2 1/4 cups,2 1/4,2 1/4,cups,cups,"chicken stock/broth , low sodium","chicken stock/broth, low sodium"
nandos-portuguese-chicken-and-rice,23,WRITE,label,"Green onion , finely sliced",,,,,,,"Green onion , finely sliced","Green onion, finely sliced"
no-knead-bread,3,WRITE,label,very warm tap water (up to 130°F),375 mL,375 mL,375,375,mL,mL,,very warm tap water (up to 130°F)
palak-chicken-recipe-dhaba-style-saag-wala-chicken,2,WRITE,label,"Salt, to taste",,,,,,,,"Salt, to taste"
palak-chicken-recipe-dhaba-style-saag-wala-chicken,3,WRITE,label,Juice of 1 lemon,,,,,,,,Juice of 1 lemon
palak-chicken-recipe-dhaba-style-saag-wala-chicken,8,WRITE,label,A large pinch of salt,,,,,,,,A large pinch of salt
palak-chicken-recipe-dhaba-style-saag-wala-chicken,9,WRITE,label,A pinch of sugar,,,,,,,,A pinch of sugar
palak-chicken-recipe-dhaba-style-saag-wala-chicken,10,WRITE,label,Ice cold water (as needed),,,,,,,,Ice cold water (as needed)
palak-chicken-recipe-dhaba-style-saag-wala-chicken,11,WRITE,label,A handful fresh coriander (with stalks),,,,,,,,A handful fresh coriander (with stalks)
palak-chicken-recipe-dhaba-style-saag-wala-chicken,27,WRITE,label,"Salt, to taste",,,,,,,,"Salt, to taste"
palak-chicken-recipe-dhaba-style-saag-wala-chicken,39,WRITE,label,Juice of 1/2 lemon,,,,,,,,Juice of 1/2 lemon
palak-chicken-recipe-dhaba-style-saag-wala-chicken,40,WRITE,label,A pinch roasted kasuri methi powder,,,,,,,,A pinch roasted kasuri methi powder
palak-chicken-recipe-dhaba-style-saag-wala-chicken,41,WRITE,label,A pinch garam masala,,,,,,,,A pinch garam masala
palak-chicken-recipe-dhaba-style-saag-wala-chicken,42,WRITE,label,"A handful fresh coriander, roughly chopped",,,,,,,,"A handful fresh coriander, roughly chopped"
panang-curry,0,WRITE,label,"350g / 12 oz boneless, skinless chicken thighs , cut into 7mm/ 1/3"" slices",350 g,350 g,350,350,g,g,"boneless, skinless chicken thighs , cut into 7mm/ 1/3"" slices","boneless, skinless chicken thighs, cut into 7mm/ 1/3"" slices"
panang-curry,5,WRITE,label,"2 lemongrass stems , finely grated (2 x 20cm/8"" lengths)",2,2,2,2,,,"lemongrass stems , finely grated (2 x 20cm/8"" lengths)","lemongrass stems, finely grated (2 x 20cm/8"" lengths)"
panang-curry,6,WRITE,label,"2 shallots , roughly chopped (1/2 cup)",2,2,2,2,,,"shallots , roughly chopped","shallots, roughly chopped"
panang-curry,17,WRITE,label,"200g/7oz green beans , trimmed, cut in half (~1 1/2 cups)",200 g,200 g,200,200,g,g,"green beans , trimmed, cut in half","green beans, trimmed, cut in half"
panang-curry,22,WRITE,label,"Thai basil leaves , 3 leaves per serving",,,,,,,"Thai basil leaves , 3 leaves per serving","Thai basil leaves, 3 leaves per serving"
pasta-bolognese,1,WRITE,qty unit,"1 Large Onion, diced",1 large,1 Large,1,1,large,Large,"Onion, diced","Onion, diced"
pasta-bolognese,4,WRITE,qty unit,5 Cloves of Garlic,5 cloves,5 Cloves,5,5,cloves,Cloves,Garlic,Garlic
pasta-bolognese,7,WRITE,qty unit,1 Bunch of Thyme,1 bunch,1 Bunch,1,1,bunch,Bunch,Thyme,Thyme
pasta-e-ceci,2,WRITE,qty unit,"1 Large Carrot, Small Diced",1 large,1 Large,1,1,large,Large,"Carrot, Small Diced","Carrot, Small Diced"
pasta-e-ceci,4,WRITE,qty unit,"4 Cloves of Garlic, smashed and chopped",4 cloves,4 Cloves,4,4,cloves,Cloves,"Garlic, smashed and chopped","Garlic, smashed and chopped"
pasta-with-lentils,7,WRITE,qty unit,3 Cloves of Garlic,3 cloves,3 Cloves,3,3,cloves,Cloves,Garlic,Garlic
pasta-with-lentils,12,WRITE,qty unit,1 Sprig of Rosemary,1 sprig,1 Sprig,1,1,sprig,Sprig,Rosemary,Rosemary
pasta-with-lentils,13,WRITE,qty unit,1 Sprig of Thyme,1 sprig,1 Sprig,1,1,sprig,Sprig,Thyme,Thyme
pasta-with-lentils,17,WRITE,qty unit,Pinch of Dried Chili,pinch,Pinch,,,pinch,Pinch,Dried Chili,Dried Chili
pastina,1,WRITE,qty unit,1 Cup of Pastina (Either Pastina or Acini di Pepe work),1 cup,1 Cup,1,1,cup,Cup,of Pastina (Either Pastina or Acini di Pepe work),of Pastina (Either Pastina or Acini di Pepe work)
pastina,2,WRITE,qty unit,"3-4 Cups of Chicken Broth or Brodo (3 for a thicker Pastina, 4 for a soupier)",3-4 cups,3-4 Cups,3-4,3-4,cups,Cups,"of Chicken Broth or Brodo (3 for a thicker Pastina, 4 for a soupier)","of Chicken Broth or Brodo (3 for a thicker Pastina, 4 for a soupier)"
pastina,3,WRITE,qty unit,1 Tablespoon of Unsalted Butter,1 tbsp,1 Tablespoon,1,1,tbsp,Tablespoon,of Unsalted Butter,of Unsalted Butter
pastina,4,WRITE,qty unit,1/4 Cup of Grated Parmigiano reggiano,1/4 cup,1/4 Cup,1/4,1/4,cup,Cup,of Grated Parmigiano reggiano,of Grated Parmigiano reggiano
pastina,5,WRITE,label,Salt and Pepper To taste,,,,,,,,Salt and Pepper To taste
pastina,6,WRITE,label,Extra Virgin Olive Oil,,,,,,,,Extra Virgin Olive Oil
pastina,8,WRITE,qty unit,3/4 Cup of Pastina (Either Pastina or Acini de Pepe work),3/4 cup,3/4 Cup,3/4,3/4,cup,Cup,of Pastina (Either Pastina or Acini de Pepe work),of Pastina (Either Pastina or Acini de Pepe work)
pastina,10,WRITE,qty unit,"1/2 Cup of Carrots, Small Dice",1/2 cup,1/2 Cup,1/2,1/2,cup,Cup,"of Carrots, Small Dice","of Carrots, Small Dice"
pastina,12,WRITE,qty unit,"1 Clove of Garlic, Diced",1 clove,1 Clove,1,1,clove,Clove,"Garlic, Diced","Garlic, Diced"
pastina,13,WRITE,label,A pinch of chili flakes,,,,,,,,A pinch of chili flakes
pastina,15,WRITE,qty unit,1 Tablespoon of Unsalted Butter,1 tbsp,1 Tablespoon,1,1,tbsp,Tablespoon,of Unsalted Butter,of Unsalted Butter
pastina,16,WRITE,qty unit,1/4 Cup of Grated Parmigiano reggiano,1/4 cup,1/4 Cup,1/4,1/4,cup,Cup,of Grated Parmigiano reggiano,of Grated Parmigiano reggiano
pastina,17,WRITE,label,Salt and Pepper To taste,,,,,,,,Salt and Pepper To taste
pastina,18,WRITE,label,Extra Virgin Olive Oil,,,,,,,,Extra Virgin Olive Oil
penne-alla-vodka,6,WRITE,qty unit,1 Can Whole Peeled Tomatoes,1 can,1 Can,1,1,can,Can,Whole Peeled Tomatoes,Whole Peeled Tomatoes
pepperoni-rolls,2,WRITE,qty unit,1 tablespoon active dry yeast,1 tbsp,1 tablespoon,1,1,tbsp,tablespoon,active dry yeast,active dry yeast
pepperoni-rolls,3,WRITE,qty unit,1 tablespoon honey,1 tbsp,1 tablespoon,1,1,tbsp,tablespoon,honey,honey
pepperoni-rolls,9,WRITE,qty unit,"1 pound pepperoni in stick form, spicy is nice",1 lb,1 pound,1,1,lb,pound,"pepperoni in stick form, spicy is nice","pepperoni in stick form, spicy is nice"
pepperoni-rolls,10,WRITE,qty unit,1 pound sliced provolone,1 lb,1 pound,1,1,lb,pound,sliced provolone,sliced provolone
pepperoni-rolls,12,WRITE,label,Fresh basil,,,,,,,,Fresh basil
pepperoni-rolls,14,WRITE,label,Fresh ricotta,,,,,,,,Fresh ricotta
prego-rolls-steak-and-piri-piri-sandwiches,4,WRITE,qty unit,Pinch of kosher salt,pinch,Pinch,,,pinch,Pinch,kosher salt,kosher salt
priya-s-dal,10,WRITE,qty unit,Pinch of red chile powder,pinch,Pinch,,,pinch,Pinch,red chile powder,red chile powder
priya-s-dal,11,WRITE,qty unit,"Pinch of asafetida (optional, but really great)",pinch,Pinch,,,pinch,Pinch,"asafetida (optional, but really great)","asafetida (optional, but really great)"
pumpkin-spice-sandwich-cookies-with-brown-butter-cream-cheese-frosting,3,WRITE,qty unit,2 tablespoons (15 grams) pumpkin pie spice,2 tbsp,2 tablespoons,2,2,tbsp,tablespoons,pumpkin pie spice,pumpkin pie spice
pumpkin-spice-sandwich-cookies-with-brown-butter-cream-cheese-frosting,4,WRITE,qty unit,½ teaspoon kosher salt,½ tsp,½ teaspoon,½,½,tsp,teaspoon,kosher salt,kosher salt
pumpkin-spice-sandwich-cookies-with-brown-butter-cream-cheese-frosting,5,WRITE,qty unit,¾ teaspoon baking powder,¾ tsp,¾ teaspoon,¾,¾,tsp,teaspoon,baking powder,baking powder
pumpkin-spice-sandwich-cookies-with-brown-butter-cream-cheese-frosting,6,WRITE,qty unit,¾ teaspoon baking soda,¾ tsp,¾ teaspoon,¾,¾,tsp,teaspoon,baking soda,baking soda
pumpkin-spice-sandwich-cookies-with-brown-butter-cream-cheese-frosting,9,WRITE,qty unit,1 tablespoon vanilla extract,1 tbsp,1 tablespoon,1,1,tbsp,tablespoon,vanilla extract,vanilla extract
pumpkin-spice-sandwich-cookies-with-brown-butter-cream-cheese-frosting,11,WRITE,qty unit,"4 ounces (½ block/113 grams) cold cream cheese, cut into large cubes",4 oz,4 ounces,4,4,oz,ounces,"cold cream cheese, cut into large cubes","cold cream cheese, cut into large cubes"
pumpkin-spice-sandwich-cookies-with-brown-butter-cream-cheese-frosting,13,WRITE,qty unit,1 teaspoon vanilla extract,1 tsp,1 teaspoon,1,1,tsp,teaspoon,vanilla extract,vanilla extract
pumpkin-spice-sandwich-cookies-with-brown-butter-cream-cheese-frosting,14,WRITE,qty unit,Pinch of kosher salt,pinch,Pinch,,,pinch,Pinch,kosher salt,kosher salt
rao-s-meatballs,6,WRITE,label qty unit,"1 small garlic clove, minced",1 small,1 small clove,1,1,small,small clove,"garlic clove, minced","garlic, minced"
red-wine-braised-short-ribs,0,WRITE,qty unit,6 Large Boneless Short Ribs (Or 6 Short Ribs with the bones removed),6 large,6 Large,6,6,large,Large,Boneless Short Ribs (Or 6 Short Ribs with the bones removed),Boneless Short Ribs (Or 6 Short Ribs with the bones removed)
red-wine-braised-short-ribs,4,WRITE,qty unit,6 Cloves of Garlic,6 cloves,6 Cloves,6,6,cloves,Cloves,Garlic,Garlic
red-wine-braised-short-ribs,6,WRITE,qty unit,"5 Sprigs of Thyme, plus some for garnish",5 sprigs,5 Sprigs,5,5,sprigs,Sprigs,"Thyme, plus some for garnish","Thyme, plus some for garnish"
red-wine-braised-short-ribs,7,WRITE,qty unit,2 Sprigs of Rosemary,2 sprigs,2 Sprigs,2,2,sprigs,Sprigs,Rosemary,Rosemary
shepherds-pie,0,WRITE,qty unit,2 pounds Ground beef (For Cottage Pie) or Lamb (For Shepherd’s Pie),2 lb,2 pounds,2,2,lb,pounds,Ground beef (For Cottage Pie) or Lamb (For Shepherd’s Pie),Ground beef (For Cottage Pie) or Lamb (For Shepherd’s Pie)
shepherds-pie,5,WRITE,qty unit,3 tablespoon tomato paste,3 tbsp,3 tablespoon,3,3,tbsp,tablespoon,tomato paste,tomato paste
shepherds-pie,6,WRITE,qty unit,2 tablespoons Worcestershire sauce,2 tbsp,2 tablespoons,2,2,tbsp,tablespoons,Worcestershire sauce,Worcestershire sauce
shepherds-pie,10,WRITE,qty unit,1 Can of Guinness,1 can,1 Can,1,1,can,Can,Guinness,Guinness
shepherds-pie,11,WRITE,label qty unit,1 Rosemary sprig,1,1 sprig,1,1,,sprig,Rosemary sprig,Rosemary
shepherds-pie,12,WRITE,label qty unit,3 Thyme Sprigs,3,3 Sprigs,3,3,,Sprigs,Thyme Sprigs,Thyme
shepherds-pie,14,WRITE,qty unit,1 tablespoon butter,1 tbsp,1 tablespoon,1,1,tbsp,tablespoon,butter,butter
shepherds-pie,15,WRITE,qty unit,2 tablespoon olive oil,2 tbsp,2 tablespoon,2,2,tbsp,tablespoon,olive oil,olive oil
shepherds-pie,16,WRITE,label,Sea Salt,,,,,,,,Sea Salt
shepherds-pie,17,WRITE,label,Pepper,,,,,,,,Pepper
shepherds-pie,18,WRITE,qty unit,2 Tablespoons AP Flour,2 tbsp,2 Tablespoons,2,2,tbsp,Tablespoons,AP Flour,AP Flour
shepherds-pie,20,WRITE,qty unit,4 pounds Russet potatoes,4 lb,4 pounds,4,4,lb,pounds,Russet potatoes,Russet potatoes
shepherds-pie,21,WRITE,qty unit,4 tablespoons butter,4 tbsp,4 tablespoons,4,4,tbsp,tablespoons,butter,butter
shepherds-pie,24,WRITE,label,Sea Salt,,,,,,,,Sea Salt
shrimp-scampi,2,WRITE,qty unit,"3 Large Cloves of Garlic, Sliced Thin",3 large cloves,3 Large Cloves,3,3,large cloves,Large Cloves,"Garlic, Sliced Thin","Garlic, Sliced Thin"
spicy-edamame,5,WRITE,label,"2 tsp garlic , finely minced",2 tsp,2 tsp,2,2,tsp,tsp,"garlic , finely minced","garlic, finely minced"
spicy-edamame,6,WRITE,label,"1 tbsp sambal oelek , adjust/omit to taste",1 tbsp,1 tbsp,1,1,tbsp,tbsp,"sambal oelek , adjust/omit to taste","sambal oelek, adjust/omit to taste"
spicy-edamame,7,WRITE,label,"2 tsp sesame oil , toasted",2 tsp,2 tsp,2,2,tsp,tsp,"sesame oil , toasted","sesame oil, toasted"
sweet-pumpkin-fritters,1,WRITE,qty unit,Pinch of salt,pinch,Pinch,,,pinch,Pinch,salt,salt
tacos,3,WRITE,label,"1 onion , finely chopped",1,1,1,1,,,"onion , finely chopped","onion, finely chopped"
tacos,4,WRITE,label,"500 g / 1 lb beef , ground / mince",500 g,500 g,500,500,g,g,"beef , ground / mince","beef, ground / mince"
tahini-brioche-loaves-and-dinner-rolls,2,WRITE,qty unit,2¼ teaspoons active dry yeast,2¼ tsp,2¼ teaspoons,2¼,2¼,tsp,teaspoons,active dry yeast,active dry yeast
tahini-brioche-loaves-and-dinner-rolls,3,WRITE,qty unit,½ teaspoon sugar,½ tsp,½ teaspoon,½,½,tsp,teaspoon,sugar,sugar
tahini-brioche-loaves-and-dinner-rolls,9,WRITE,qty unit,1 tablespoon salt,1 tbsp,1 tablespoon,1,1,tbsp,tablespoon,salt,salt
tahini-brioche-loaves-and-dinner-rolls,11,WRITE,qty unit,6 tablespoons tahini,6 tbsp,6 tablespoons,6,6,tbsp,tablespoons,tahini,tahini
tahini-brioche-loaves-and-dinner-rolls,14,WRITE,qty unit,"2 pounds Tahini Brioche Dough, cold",2 lb,2 pounds,2,2,lb,pounds,"Tahini Brioche Dough, cold","Tahini Brioche Dough, cold"
tahini-brioche-loaves-and-dinner-rolls,16,WRITE,qty unit,2 teaspoons whole milk,2 tsp,2 teaspoons,2,2,tsp,teaspoons,whole milk,whole milk
tahini-brioche-loaves-and-dinner-rolls,17,WRITE,qty unit,"2 to 3 tablespoons sesame seeds, toasted",2 to 3 tbsp,2 to 3 tablespoons,2 to 3,2 to 3,tbsp,tablespoons,"sesame seeds, toasted","sesame seeds, toasted"
thai-basil-chicken-2,0,WRITE,label,"225g / 7oz chicken thigh fillets , skinless boneless, cut into bite size pieces",225 g,225 g,225,225,g,g,"chicken thigh fillets , skinless boneless, cut into bite size pieces","chicken thigh fillets, skinless boneless, cut into bite size pieces"
thai-basil-chicken-2,1,WRITE,label,"1 green onion , cut into 4cm / 2"" lengths.",1,1,1,1,,,"green onion , cut into 4cm / 2"" lengths.","green onion, cut into 4cm / 2"" lengths."
thai-basil-chicken-2,2,WRITE,label,"1 cup Thai basil leaves , loosely packed",1 cup,1 cup,1,1,cup,cup,"Thai basil leaves , loosely packed","Thai basil leaves, loosely packed"
thai-basil-chicken-2,4,WRITE,label,"1 birds eye or Thai chilli , deseeded and finely chopped",1,1,1,1,,,"birds eye or Thai chilli , deseeded and finely chopped","birds eye or Thai chilli, deseeded and finely chopped"
three-cup-chicken,2,WRITE,label qty unit,"5 medium garlic cloves, smashed",5 medium,5 medium cloves,5,5,medium,medium cloves,"garlic cloves, smashed","garlic, smashed"
three-cup-tofu,13,WRITE,qty unit,Small bunch of Thai basil (about 1 cup packed leaves),small bunch,Small bunch,,,small bunch,Small bunch,Thai basil (about 1 cup packed leaves),Thai basil (about 1 cup packed leaves)
tseke-com-peix-frito-local-spinach-with-curry-sauce-and-crispy-fried-fish,0,WRITE,label qty unit,"3 garlic cloves, minced",3,3 cloves,3,3,,cloves,"garlic cloves, minced","garlic, minced"
tseke-com-peix-frito-local-spinach-with-curry-sauce-and-crispy-fried-fish,1,WRITE,qty unit,3 tablespoons freshly squeezed lime juice,3 tbsp,3 tablespoons,3,3,tbsp,tablespoons,freshly squeezed lime juice,freshly squeezed lime juice
tseke-com-peix-frito-local-spinach-with-curry-sauce-and-crispy-fried-fish,2,WRITE,qty unit,"½ teaspoon kosher salt, plus more as needed",½ tsp,½ teaspoon,½,½,tsp,teaspoon,"kosher salt, plus more as needed","kosher salt, plus more as needed"
tseke-com-peix-frito-local-spinach-with-curry-sauce-and-crispy-fried-fish,3,WRITE,label qty unit,4 small whole mackerel (about,4,4 small,4,4,,small,small whole mackerel (about,whole mackerel (about
tseke-com-peix-frito-local-spinach-with-curry-sauce-and-crispy-fried-fish,7,WRITE,label,"Canola oil, for frying",,,,,,,,"Canola oil, for frying"
tseke-com-peix-frito-local-spinach-with-curry-sauce-and-crispy-fried-fish,10,WRITE,qty unit,1 teaspoon curry powder or,1 tsp,1 teaspoon,1,1,tsp,teaspoon,curry powder or,curry powder or
tseke-com-peix-frito-local-spinach-with-curry-sauce-and-crispy-fried-fish,11,WRITE,label,Xawaash Spice Mix,,,,,,,,Xawaash Spice Mix
tseke-com-peix-frito-local-spinach-with-curry-sauce-and-crispy-fried-fish,12,WRITE,qty unit,"1 pound mature (not baby) spinach, coarsely chopped",1 lb,1 pound,1,1,lb,pound,"mature (not baby) spinach, coarsely chopped","mature (not baby) spinach, coarsely chopped"
vanilla-mug-cake,4,WRITE,label,"2 tablespoon butter, , melted (28 g)",2 tablespoon,2 tablespoon,2,2,tablespoon,tablespoon,"butter, , melted","butter, melted"
vietnamese-caramel-ginger-chicken,0,WRITE,label,"2 lb skinless chicken thigh fillets , cut into large 5cm/2″ pieces",2 lb,2 lb,2,2,lb,lb,"skinless chicken thigh fillets , cut into large 5cm/2″ pieces","skinless chicken thigh fillets, cut into large 5cm/2″ pieces"
vietnamese-caramel-ginger-chicken,2,WRITE,label,"1 bird’s eye chili or Thai chili , deseeded, finely minced",1,1,1,1,,,"bird’s eye chili or Thai chili , deseeded, finely minced","bird’s eye chili or Thai chili, deseeded, finely minced"
vietnamese-caramel-ginger-chicken,5,WRITE,label,"1/3 cup ginger , finely julienned (about 5 cm/2″ thick piece)",1/3 cup,1/3 cup,1/3,1/3,cup,cup,"ginger , finely julienned (about 5 cm/2″ thick piece)","ginger, finely julienned (about 5 cm/2″ thick piece)"
vietnamese-caramel-ginger-chicken,10,WRITE,label qty unit,green onion slices,,slices,,,,slices,green onion slices,green onion
vietnamese-caramel-ginger-chicken,11,WRITE,label,"Red chili , finely sliced (optional)",,,,,,,"Red chili , finely sliced (optional)","Red chili, finely sliced (optional)"
vietnamese-caramelised-pork,1,WRITE,label,"1/2 onion , finely diced (brown, white or yellow) (~1/2 cup)",1/2,1/2,1/2,1/2,,,"onion , finely diced (brown, white or yellow)","onion, finely diced (brown, white or yellow)"
vietnamese-caramelised-pork,2,WRITE,label,"2 tsp ginger , grated or minced",2 tsp,2 tsp,2,2,tsp,tsp,"ginger , grated or minced","ginger, grated or minced"
vietnamese-caramelised-pork,4,WRITE,label,"1 birds eye or Thai chili , deseeded and finely chopped",1,1,1,1,,,"birds eye or Thai chili , deseeded and finely chopped","birds eye or Thai chili, deseeded and finely chopped"
vietnamese-caramelised-pork,8,WRITE,label,"1 green onion stem , finely sliced",1,1,1,1,,,"green onion stem , finely sliced","green onion stem, finely sliced"
warm-buttered-hummus,2,WRITE,qty unit,Pinch of baking soda,pinch,Pinch,,,pinch,Pinch,baking soda,baking soda
acqua-pazza,5,"EXCLUDED: rule 6, the stored amount's count would change",label qty quantity,"large red chili (cayenne pepper) , seeds removed and finely chopped (I used 2 dried red chilis)",1/2 large,large,1/2,,large,large,"red chili (cayenne pepper) , seeds removed and finely chopped (I used 2 dried red chilis)","red chili (cayenne pepper), seeds removed and finely chopped (I used 2 dried red chilis)"
aloo-gobhi,2,"EXCLUDED: rule 6, the stored amount's count would change",label qty quantity unit,"3 tablespoons + 2 tablespoons olive oil, divided",3 + 2 tbsp,3 tablespoons,3 + 2 tbsp,3,,tablespoons,"olive oil, divided","+ 2 tablespoons olive oil, divided"
aloo-gobhi,6,"EXCLUDED: rule 2, the row carries a note",label quantity unit,"pinch asafetidaoptional, but really great",pinch,pinch,pinch,,,pinch,asafetida,"asafetidaoptional, but really great"
aloo-gobhi,9,"EXCLUDED: rule 2, the row carries a note",label,"1 tbsp lime juice about half a lime, plus more if needed",1 tbsp,1 tbsp,1,1,tbsp,tbsp,lime juice,"lime juice about half a lime, plus more if needed"
aloo-potato-parathas,6,"EXCLUDED: rule 6, the stored amount's count would change",qty quantity,"medium russet potatoes, boiled (How to Boil Potatoes), cooled, and peeled",2 medium,medium,2,,medium,medium,"russet potatoes, boiled (How to Boil Potatoes), cooled, and peeled","russet potatoes, boiled (How to Boil Potatoes), cooled, and peeled"
arkansas-style-cheese-dip,2,"EXCLUDED: rule 6, the stored amount's count would change",qty quantity,"medium white onion, cut into half-moon slivers about / inch thick",½ medium,medium,½,,medium,medium,"white onion, cut into half-moon slivers about / inch thick","white onion, cut into half-moon slivers about / inch thick"
arkansas-style-cheese-dip,4,"EXCLUDED: rule 6, the stored amount's count would change",label qty quantity unit,"large garlic clove, crushed",1 large,large clove,1,,large,large clove,"garlic clove, crushed","garlic, crushed"
arkansas-style-cheese-dip,7,"EXCLUDED: rule 6, the stored amount's count would change",qty quantity,"large tomato, diced (heaping cup), juices collected",1 large,large,1,,large,large,"tomato, diced (heaping cup), juices collected","tomato, diced (heaping cup), juices collected"
arkansas-style-cheese-dip,20,"EXCLUDED: rule 6, the stored amount's count would change",label qty quantity unit,"large bag of tortilla chips, for serving",1 large,large bag,1,,large,large bag,"bag of tortilla chips, for serving","tortilla chips, for serving"
baked-tofu,2,"EXCLUDED: rule 2, the row carries an edit",label qty unit,"1 tablespoon vegetable oil, plus more for baking sheet",1 tbsp,1 tablespoon,1,1,tbsp,tablespoon,vegetable oil,"vegetable oil, plus more for baking sheet"
baked-tofu,3,"EXCLUDED: rule 6, the stored amount's count would change",qty quantity unit,½ teaspoon garlic powder,1 tsp,½ teaspoon,1,½,tsp,teaspoon,garlic powder,garlic powder
baked-tofu,4,"EXCLUDED: rule 6, the stored amount's count would change",qty quantity unit,½ teaspoon onion powder,1 tsp,½ teaspoon,1,½,tsp,teaspoon,onion powder,onion powder
baked-tofu,5,"EXCLUDED: rule 6, the stored amount's count would change",qty quantity unit,3 tablespoons cornstarch,2 tbsp,3 tablespoons,2,3,tbsp,tablespoons,cornstarch,cornstarch
basic-hummus,3,"EXCLUDED: rule 7, the new name opens with junk",label,plus 2 tablespoons tahini (light roast),1 cup,1 cup,1,1,cup,cup,,plus 2 tablespoons tahini (light roast)
birria-tacos,5,"EXCLUDED: rule 2, the row carries an edit",label,"5 garlic cloves , peeled",5 cloves,5 cloves,5,5,cloves,cloves,"garlic , peeled","garlic, peeled"
bulgogi-bowls,0,"EXCLUDED: rule 6, the stored amount's count would change",qty quantity unit,500g / 1 lb beef mince (ground beef),500 g / 1 lb,500 g,500 g / 1 lb,500,,g,beef mince (ground beef),beef mince (ground beef)
bulgogi-bowls,1,"EXCLUDED: rule 2, the row carries a note",label,"1 tbsp vegetable oil, + 2 tsp (to wilt baby spinach)",1 tbsp,1 tbsp,1,1,tbsp,tbsp,vegetable oil,"vegetable oil, + 2 tsp (to wilt baby spinach)"
bulgogi-bowls,2,"EXCLUDED: rule 2, the row carries a note",label,"1 tbsp onion, finely grated ~¼ onion",1 tbsp,1 tbsp,1,1,tbsp,tbsp,"onion, finely grated ","onion, finely grated ~¼ onion"
bulgogi-bowls,6,"EXCLUDED: rule 2, the row carries a note",label,2½ tbsp soy sauceall-purpose or light,2½ tbsp,2½ tbsp,2½,2½,tbsp,tbsp,soy sauce,soy sauceall-purpose or light
bulgogi-bowls,10,"EXCLUDED: rule 6, the stored amount's count would change",qty quantity,1/8 tsp black pepper,⅛ tsp,1/8 tsp,⅛,1/8,tsp,tsp,black pepper,black pepper
bulgogi-bowls,17,"EXCLUDED: rule 2, the row carries a note",label,"white rice (medium or short grain, if you can)",,,,,,,white rice,"white rice (medium or short grain, if you can)"
bulgogi-bowls,18,"EXCLUDED: rule 2, the row carries a note",label,"4 large handfuls baby spinach or chopped greens — cabbage, kale",4 large handfuls,4 large handfuls,4,4,large handfuls,large handfuls,baby spinach,"baby spinach or chopped greens — cabbage, kale"
cauliflower-soup,1,"EXCLUDED: rule 6, the stored amount's count would change",qty quantity,"medium onion (6 ounces/ 170g), sliced thin",1 medium,medium,1,,medium,medium,"onion (6 ounces/ 170g), sliced thin","onion (6 ounces/ 170g), sliced thin"
cauliflower-soup,2,"EXCLUDED: rule 6, the stored amount's count would change",label qty quantity unit,"6 ounces very fresh cauliflower, broken into florets",1 pound,6 ounces,1,6,pound,ounces,,"very fresh cauliflower, broken into florets"
chicken-nachos,10,"EXCLUDED: rule 2, the row carries an edit",label,"2 garlic cloves , minced",2 cloves,2 cloves,2,2,cloves,cloves,"garlic , minced","garlic, minced"
coconut-curried-golden-lentils,5,"EXCLUDED: rule 6, the stored amount's count would change",qty quantity,small shallot (diced // optional),1 small,small,1,,small,small,shallot (diced // optional),shallot (diced // optional)
coconut-curried-golden-lentils,6,"EXCLUDED: rule 6, the stored amount's count would change",qty quantity,cloves garlic (minced),4 cloves,cloves,4,,cloves,cloves,garlic (minced),garlic (minced)
dan-dan-noodles,2,"EXCLUDED: rule 2, the row carries an edit",label qty unit,1 cinnamon stick,1 stick,1,1,1,stick,,cinnamon,cinnamon stick
gai-yang,13,"EXCLUDED: rule 2, the row carries a note",label,2 tbsp tamarind pastestore-bought or homemade,2 tbsp,2 tbsp,2,2,tbsp,tbsp,tamarind paste,tamarind pastestore-bought or homemade
gai-yang,14,"EXCLUDED: rule 2, the row carries a note",label,"1 tbsp palm sugar, finely choppedor light brown sugar",1 tbsp,1 tbsp,1,1,tbsp,tbsp,"palm sugar, finely chopped","palm sugar, finely choppedor light brown sugar"
garlic-rice,1,"EXCLUDED: rule 2, the row carries an edit",label,"5 garlic cloves , finely minced",5 cloves,5 cloves,5,5,cloves,cloves,"garlic , finely minced","garlic, finely minced"
kale-fennel-and-noodle-soup-rishta,5,"EXCLUDED: rule 2, the row carries an edit",label qty unit,"1 fennel bulb, finely chopped",1 bulb,1,1,1,bulb,,"fennel, finely chopped","fennel bulb, finely chopped"
kuku-paka-african-chicken-curry,1,"EXCLUDED: rule 2, the row carries an edit",label,"4 chicken thigh fillets , skin-on and bone-in (~250g/8oz each)",4 fillets,4 fillets,4,4,fillets,fillets,"chicken thigh , skin-on and bone-in (~250g/8oz each)","chicken thigh, skin-on and bone-in (~250g/8oz each)"
kuku-paka-african-chicken-curry,8,"EXCLUDED: rule 2, the row carries an edit",label,"3 garlic cloves , finely minced",3 cloves,3 cloves,3,3,cloves,cloves,"garlic , finely minced","garlic, finely minced"
leek-and-potato-soup,1,"EXCLUDED: rule 2, the row carries an edit",label,"2 garlic cloves , large, finely minced",2 cloves,2 cloves,2,2,cloves,cloves,"garlic , large, finely minced","garlic, large, finely minced"
leek-and-potato-soup,4,"EXCLUDED: rule 2, the row carries an edit",label,"1.5 litre / 1.5 qt chicken or vegetable stock , low sodium (6 cups)",1.5 litre,1.5 litre,1.5,1.5,litre,litre,"chicken or vegetable stock , low sodium","chicken or vegetable stock, low sodium"
mejadra,12,"EXCLUDED: rule 6, the stored amount's count would change",label qty quantity unit,"large or 4 onions , very finely sliced",3 small,large,3,,small,large,,"or 4 onions, very finely sliced"
mussakhan,0,"EXCLUDED: rule 6, the stored amount's count would change",qty quantity unit,"2 lb./1kg chicken thighs and drumsticks, skin on",2 lb / 1 kg,2 lb,2 lb / 1 kg,2,,lb,"chicken thighs and drumsticks, skin on","chicken thighs and drumsticks, skin on"
mussakhan,1,"EXCLUDED: rule 2, the row carries a note",label,extra-virgin olive oil,3 tbsp,3 tbsp,3,3,tbsp,tbsp,,extra-virgin olive oil
mussakhan,5,"EXCLUDED: rule 2, the row carries a note",label,1½ tbsp sumacplus more to dust,1½ tbsp,1½ tbsp,1½,1½,tbsp,tbsp,sumac,sumacplus more to dust
nandos-portuguese-chicken-and-rice,13,"EXCLUDED: rule 2, the row carries an edit",label,"2 garlic cloves , finely minced",2 cloves,2 cloves,2,2,cloves,cloves,"garlic , finely minced","garlic, finely minced"
palak-chicken-recipe-dhaba-style-saag-wala-chicken,7,"EXCLUDED: rule 6, the stored amount's count would change",qty quantity,large bunch spinach,1 large bunch,large bunch,1,,large bunch,large bunch,spinach,spinach
palak-chicken-recipe-dhaba-style-saag-wala-chicken,23,"EXCLUDED: rule 6, the stored amount's count would change",qty quantity,"medium onions, sliced",5 medium,medium,5,,medium,medium,"onions, sliced","onions, sliced"
panang-curry,8,"EXCLUDED: rule 2, the row carries an edit",label,"5 garlic cloves , finely minced",5 cloves,5 cloves,5,5,cloves,cloves,"garlic , finely minced","garlic, finely minced"
panang-curry,13,"EXCLUDED: rule 4, named in hand_repoints.csv",label,"1 1/4 cups coconut cream , full-fat",1 1/4 cups,1 1/4 cups,1 1/4,1 1/4,cups,cups,"coconut cream , full-fat","coconut cream, full-fat"
panang-curry,21,"EXCLUDED: rule 4, named in hand_repoints.csv",label,"2 tbsp unsalted peanuts , finely chopped",2 tbsp,2 tbsp,2,2,tbsp,tbsp,"unsalted peanuts , finely chopped","unsalted peanuts, finely chopped"
pepperoni-rolls,1,"EXCLUDED: rule 2, the row carries a note",label qty unit,"2 tablespoons olive oil, plus more for dough resting",2 tbsp,2 tablespoons,2,2,tbsp,tablespoons,olive oil,"olive oil, plus more for dough resting"
pepperoni-rolls,4,"EXCLUDED: rule 2, the row carries a note",label,"4 cups all-purpose flour, plus more for kneading and rolling 1½ teaspoons kosher salt",4 cups,4 cups,4,4,cups,cups,all-purpose flour,"all-purpose flour, plus more for kneading and rolling 1½ teaspoons kosher salt"
pepperoni-rolls,7,"EXCLUDED: rule 2, the row carries an edit",label,kosher salt,1½ tsp,1½ tsp,1½,1½,tsp,tsp,,kosher salt
spiced-scallops-with-saffron-beurre-blanc,8,"EXCLUDED: rule 2, the row carries an edit",qty unit,4 tosp white wine,4 tbsp,4 tosp,4,4,tbsp,tosp,white wine,white wine
tacos,2,"EXCLUDED: rule 2, the row carries an edit",label,"2 garlic cloves , minced",2 cloves,2 cloves,2,2,cloves,cloves,"garlic , minced","garlic, minced"
taiwanese-beef-noodle-soup,20,"EXCLUDED: rule 2, the row carries an edit",label qty unit,1 Chinese cinnamon stick,1 stick,1,1,1,stick,,Chinese cinnamon,Chinese cinnamon stick
thai-basil-chicken-2,3,"EXCLUDED: rule 2, the row carries an edit",label,"2 garlic cloves , large, finely chopped",2 cloves,2 cloves,2,2,cloves,cloves,"garlic , large, finely chopped","garlic, large, finely chopped"
tseke-com-peix-frito-local-spinach-with-curry-sauce-and-crispy-fried-fish,4,"EXCLUDED: rule 7, the new name opens with junk",label qty unit,"1½ pounds each), cleaned and cut in half crosswise",1½ lb,1½ pounds,1½,1½,lb,pounds,cleaned and cut in half crosswise,"each), cleaned and cut in half crosswise"
vietnamese-caramelised-pork,3,"EXCLUDED: rule 2, the row carries an edit",label,"2 garlic cloves , minced",2 cloves,2 cloves,2,2,cloves,cloves,"garlic , minced","garlic, minced"
