recipe_id,step_row_id,position,label,dash_style,steps_under_it,DECISION_make_heading_yes_no,current_text,text_without_label,NOTES
birria-tacos,1806,5,Deseed,en/em dash,0,yes,"Deseed – Trim and discard stems. Cut lengthwise, remove and discard the seeds. Roughly chop into 1 – 1.5cm / 1/4"" pieces.","Trim and discard stems. Cut lengthwise, remove and discard the seeds. Roughly chop into 1 – 1.5cm / 1/4"" pieces.",
birria-tacos,1807,6,Simmer,en/em dash,1,yes,"Simmer – Put chillis in a large saucepan of boiling water. Simmer rapidly for 10 minutes to soften, until flesh is mushy (skin stays intact but softens).","Put chillis in a large saucepan of boiling water. Simmer rapidly for 10 minutes to soften, until flesh is mushy (skin stays intact but softens).",
birria-tacos,1810,9,Birria Adobo (paste),en/em dash,0,yes,"Birria Adobo (paste) – Place cooked chillies, reserved 1/2 cup chilli water and remaining Adobo ingredients in a tall jug large enough to fit the head of a stick blender. Blitz for 20 seconds until as","Place cooked chillies, reserved 1/2 cup chilli water and remaining Adobo ingredients in a tall jug large enough to fit the head of a stick blender. Blitz for 20 seconds u",
birria-tacos,1811,10,Sear beef,en/em dash,0,yes,"Sear beef – Heat the oil in a large heavy based pot over high heat (I use my 24cm / 9.6"" dutch oven). Add half the beef and sear each side aggressively until it's dark golden brown (about 1 – 1 1/2 mi","Heat the oil in a large heavy based pot over high heat (I use my 24cm / 9.6"" dutch oven). Add half the beef and sear each side aggressively until it's dark golden brown (",
birria-tacos,1812,11,Cook off Adobo,en/em dash,0,yes,Cook off Adobo – Add the paste to same pan and stir for 2 minutes in oil (lower heat if spitting aggressively).,Add the paste to same pan and stir for 2 minutes in oil (lower heat if spitting aggressively).,
birria-tacos,1813,12,Slow cook 2 1/2 hours,en/em dash,0,yes,"Slow cook 2 1/2 hours – Add all Birria braising ingredients, stir, then add the beef. Bring to a boil then lower heat until it's simmering very gently (small gentle bubbles every now and then). Cover ","Add all Birria braising ingredients, stir, then add the beef. Bring to a boil then lower heat until it's simmering very gently (small gentle bubbles every now and then). ",
birria-tacos,1814,13,Shred,en/em dash,0,yes,Shred – Remove the beef to a clean pan and shred well. Add the 1/2 teaspoon of salt and toss meat to distribute.,Remove the beef to a clean pan and shred well. Add the 1/2 teaspoon of salt and toss meat to distribute.,
birria-tacos,1815,14,Birria oil,en/em dash,0,yes,"Birria oil – Skim off as much of the red oil floating on braising liquid surface as possible (ideally 6 tbsp+) and place in a separate bowl (this is the ""Birria Oil""). Precious stuff!","Skim off as much of the red oil floating on braising liquid surface as possible (ideally 6 tbsp+) and place in a separate bowl (this is the ""Birria Oil""). Precious stuff!",
birria-tacos,1816,15,Soak beef,en/em dash,0,yes,"Soak beef – Pour 1 cup of the braising liquid (""Birria Consommé"") into a large non-stick pan over medium-high heat. Let it simmer for 15 seconds, then add all the beef and toss in the sauce until it's","Pour 1 cup of the braising liquid (""Birria Consommé"") into a large non-stick pan over medium-high heat. Let it simmer for 15 seconds, then add all the beef and toss in th",
birria-tacos,1817,16,Birria Consommé,en/em dash,0,yes,"Birria Consommé – Taste and check for salt, add more if needed. It should be on the slightly salty side (because it's used for dipping) but not too salty to drink a small cup like soup. Keep warm to u","Taste and check for salt, add more if needed. It should be on the slightly salty side (because it's used for dipping) but not too salty to drink a small cup like soup. Ke",
birria-tacos,1819,18,Red tortillas,en/em dash,0,yes,"Red tortillas – Heat 1 teaspoon Birria Oil in the same non-stick pan over medium-low heat. Put a tortilla in and ""wipe"" around to make the underside red. Once the tortilla is soft (no need to flip) – ","Heat 1 teaspoon Birria Oil in the same non-stick pan over medium-low heat. Put a tortilla in and ""wipe"" around to make the underside red. Once the tortilla is soft (no ne",
birria-tacos,1820,19,Stuff,en/em dash,1,yes,"Stuff – Spread cheese on half of each tortilla, top with beef, then onion and coriander/cilantro.","Spread cheese on half of each tortilla, top with beef, then onion and coriander/cilantro.",
chicken-shawarma,2114,0,Marinade chicken,en/em dash,0,yes,"Marinade chicken – Combine the marinade ingredients in a large ziplock bag. Add the chicken, seal, the massage from the outside with your hands to make sure each piece is coated. Marinate 24 hours (mi","Combine the marinade ingredients in a large ziplock bag. Add the chicken, seal, the massage from the outside with your hands to make sure each piece is coated. Marinate 2",
chicken-shawarma,2115,1,Preheat stove or BBQ,en/em dash,0,yes,"Preheat stove or BBQ – Heat a large non-stick skillet with 1 tablespoon over medium high heat, or lightly brush a BBQ hotplate/grills with oil and heat to medium high.","Heat a large non-stick skillet with 1 tablespoon over medium high heat, or lightly brush a BBQ hotplate/grills with oil and heat to medium high.",
chicken-shawarma,2116,2,Cook chicken,en/em dash,0,yes,Cook chicken – Place chicken in the skillet or on the grill and cook the first side for 4 to 5 minutes until nicely charred. Turn and cook the other side for 3 to 4 minutes,Place chicken in the skillet or on the grill and cook the first side for 4 to 5 minutes until nicely charred. Turn and cook the other side for 3 to 4 minutes,
chicken-shawarma,2117,3,Rest,en/em dash,0,yes,Rest – Remove chicken from the grill and cover loosely with foil. Set aside to rest for 5 minutes.,Remove chicken from the grill and cover loosely with foil. Set aside to rest for 5 minutes.,
chickpea-rice-pilaf,2142,1,Spiced chickpeas,en/em dash,1,yes,"Spiced chickpeas – While rice is cooking, combine chickpeas, 1/4 tsp salt, cumin and garam masala in a bowl, toss to coat.","While rice is cooking, combine chickpeas, 1/4 tsp salt, cumin and garam masala in a bowl, toss to coat.",
chickpea-rice-pilaf,2144,3,Toss,en/em dash,1,yes,"Toss – After the rice has rested, combine with the chickpeas, parsley, cilantro, and a grind of black pepper.","After the rice has rested, combine with the chickpeas, parsley, cilantro, and a grind of black pepper.",
gai-yang-2,2455,0,Blitz,en/em dash,0,yes,Blitz – Place Marinade ingredients EXCEPT oil in a jug just large enough to fit the head of a stick blender. Blitz until lemongrass and garlic is fully pureed.,Place Marinade ingredients EXCEPT oil in a jug just large enough to fit the head of a stick blender. Blitz until lemongrass and garlic is fully pureed.,
gai-yang-2,2456,1,Marinate,en/em dash,1,yes,"Marinate – Pour in a bowl. Add oil, stir. Add chicken, toss to thoroughly coat. Cover and marinate overnight (my bare minimum is 3 hours). No marinating time? Finely slice, toss in marinade then cook ","Pour in a bowl. Add oil, stir. Add chicken, toss to thoroughly coat. Cover and marinate overnight (my bare minimum is 3 hours). No marinating time? Finely slice, toss in ",
gai-yang-2,2458,3,Cook,en/em dash,0,yes,"Cook – Remove chicken from the Marinade and discard the Marinade. Put chicken on the BBQ or in the pan, then turn heat down to medium (sweet marinade = prone to burning). Cook the chicken until golden","Remove chicken from the Marinade and discard the Marinade. Put chicken on the BBQ or in the pan, then turn heat down to medium (sweet marinade = prone to burning). Cook t",
gai-yang-2,2459,4,Rest and serve,en/em dash,0,yes,"Rest and serve – Rest for 3 minutes. Serve alongside a mound of steamy coconut rice with lime wedges, garnished with fresh chilies and coriander/cilantro, and your chosen sauce.","Rest for 3 minutes. Serve alongside a mound of steamy coconut rice with lime wedges, garnished with fresh chilies and coriander/cilantro, and your chosen sauce.",
garlic-rice,2466,0,Sauté garlic,en/em dash,0,yes,"Sauté garlic – Melt half the butter in a large saucepan over medium high heat. Once foamy, add the garlic and cook for 30 seconds until it turns light golden.","Melt half the butter in a large saucepan over medium high heat. Once foamy, add the garlic and cook for 30 seconds until it turns light golden.",
garlic-rice,2467,1,Coat rice,en/em dash,0,yes,Coat rice – Add the rice and stir for 30 seconds or until the grains turn translucent.,Add the rice and stir for 30 seconds or until the grains turn translucent.,
garlic-rice,2468,2,Simmer,en/em dash,0,yes,"Simmer – Add stock and salt. Turn heat up to high, then once the water starts bubbling, put the lid on and immediately turn the stove down to low (or medium low, if your stove is weak/small).","Add stock and salt. Turn heat up to high, then once the water starts bubbling, put the lid on and immediately turn the stove down to low (or medium low, if your stove is ",
garlic-rice,2469,3,Cook 15 minutes,en/em dash,0,yes,"Cook 15 minutes – Cook the rice for 15 minutes. No stirring, don't lift the lid.","Cook the rice for 15 minutes. No stirring, don't lift the lid.",
garlic-rice,2470,4,Rest 10 minutes,en/em dash,1,yes,"Rest 10 minutes – Tilt the saucepan and have a quick peek to ensure all the water is absorbed. Then remove off the stove, with the lid still on, and rest for 10 minutes.","Tilt the saucepan and have a quick peek to ensure all the water is absorbed. Then remove off the stove, with the lid still on, and rest for 10 minutes.",
hummus-2,2575,5,"Taste, and adjust as necessary",en/em dash,1,"no (a sentence, not a label)","Taste, and adjust as necessary—I almost always add another ¼ teaspoon salt for more overall flavor and another tablespoon of lemon juice for extra zing.",I almost always add another ¼ teaspoon salt for more overall flavor and another tablespoon of lemon juice for extra zing.,
jamaican-jerk-fish,2596,0,Jerk Spice Blend,en/em dash,0,yes,Jerk Spice Blend – Mix the Jerk Seasoning spices together in a bowl then spread in a small tray that is just large enough to fit one fish fillet.,Mix the Jerk Seasoning spices together in a bowl then spread in a small tray that is just large enough to fit one fish fillet.,
jamaican-jerk-fish,2597,1,Coat fish,en/em dash,0,yes,"Coat fish – Pat fish dry with a paper towel. Then coat both sides of each fillet with the jerk seasoning, pressing to adhere. Shake off excess, place on a clean plate and coat remaining fish.","Pat fish dry with a paper towel. Then coat both sides of each fillet with the jerk seasoning, pressing to adhere. Shake off excess, place on a clean plate and coat remain",
jamaican-jerk-fish,2598,2,Cook fish,en/em dash,0,yes,"Cook fish – Heat half the oil in a large non-stick pan over high heat. When you see small wisps of smoke, place 2 fillets presentation side down and cook for 2 minutes.","Heat half the oil in a large non-stick pan over high heat. When you see small wisps of smoke, place 2 fillets presentation side down and cook for 2 minutes.",
jamaican-jerk-fish,2599,3,Flip,en/em dash,1,yes,"Flip – the spice crust should be a deep bronze colour with a reddish tinge. Cook the other side for 1 minute until the target internal temperature is 130°F, or the fish flakes easily at the thickest p","the spice crust should be a deep bronze colour with a reddish tinge. Cook the other side for 1 minute until the target internal temperature is 130°F, or the fish flakes e",
jamaican-rice-and-peas-beans,2602,1,Sauté aromatics,en/em dash,2,yes,"Sauté aromatics – Melt butter over medium-high heat in a medium or large ovenproof pot. Cook garlic, onion, thyme, all spice, bay leaves, scotch bonnet until onion is translucent (~ 3 minutes).","Melt butter over medium-high heat in a medium or large ovenproof pot. Cook garlic, onion, thyme, all spice, bay leaves, scotch bonnet until onion is translucent (~ 3 minu",
jamaican-rice-and-peas-beans,2605,4,Rest,en/em dash,0,yes,Rest – Leave the pot on the counter with the lid on for 15 minutes.,Leave the pot on the counter with the lid on for 15 minutes.,
kuku-paka-african-chicken-curry,2703,0,Season chicken,en/em dash,0,yes,Season chicken – Pat chicken dry using paper towels then sprinkle with the salt and pepper.,Pat chicken dry using paper towels then sprinkle with the salt and pepper.,
kuku-paka-african-chicken-curry,2704,1,Brown chicken,en/em dash,0,yes,"Brown chicken – Heat oil in a large heavy based pot over high heat. Add the thighs, skin-side down, and cook for 4-5 minutes until golden brown. Turn and cook the other side for 1 minute. Transfer to ","Heat oil in a large heavy based pot over high heat. Add the thighs, skin-side down, and cook for 4-5 minutes until golden brown. Turn and cook the other side for 1 minute",
kuku-paka-african-chicken-curry,2705,2,Sauté aromatics,en/em dash,0,yes,"Sauté aromatics – Turn heat down to medium high. Add the onion and cook for 1 minute until softened. Add garlic and ginger, cook for 30 seconds. Add the coriander, cumin, turmeric and chilli. Stir for","Turn heat down to medium high. Add the onion and cook for 1 minute until softened. Add garlic and ginger, cook for 30 seconds. Add the coriander, cumin, turmeric and chil",
kuku-paka-african-chicken-curry,2706,3,Sauce,en/em dash,0,yes,"Sauce – Add coconut milk, tomato and salt. Stir, then return chicken into the pot (including juices on the plate). Submerge chicken as best you can.","Add coconut milk, tomato and salt. Stir, then return chicken into the pot (including juices on the plate). Submerge chicken as best you can.",
kuku-paka-african-chicken-curry,2707,4,Simmer 30 min,en/em dash,0,yes,"Simmer 30 min – Once the sauce comes to a simmer, reduce the heat so it’s bubbling gently. Cover and cook for 10 minutes. Remove the lid and simmer for a further 20 minutes, stirring occasionally to e","Once the sauce comes to a simmer, reduce the heat so it’s bubbling gently. Cover and cook for 10 minutes. Remove the lid and simmer for a further 20 minutes, stirring occ",
kuku-paka-african-chicken-curry,2708,5,Finish & serve,en/em dash,0,yes,Finish & serve – Stir in lemon and half of the coriander. Lade into bowls and serve garnished with the rest of the coriander.,Stir in lemon and half of the coriander. Lade into bowls and serve garnished with the rest of the coriander.,
nandos-portuguese-chicken-and-rice,2971,3,Season chicken,en/em dash,0,yes,"Season chicken – Mix the Portuguese Chicken Seasoning ingredients in a bowl. Add chicken and toss to coat. Set aside while you prepare the rest of the ingredients, or overnight if you want (though not","Mix the Portuguese Chicken Seasoning ingredients in a bowl. Add chicken and toss to coat. Set aside while you prepare the rest of the ingredients, or overnight if you wan",
nandos-portuguese-chicken-and-rice,2972,4,Sear,en/em dash,0,yes,Sear – Heat the 2 tablespoons of oil in a large heavy based pot over high heat. Add the chicken and cook until the outside is sealed and gets a bit of colour (it won't go golden). Remove with a slotte,Heat the 2 tablespoons of oil in a large heavy based pot over high heat. Add the chicken and cook until the outside is sealed and gets a bit of colour (it won't go golden,
nandos-portuguese-chicken-and-rice,2973,5,Sauté,en/em dash,0,yes,"Sauté – Add garlic and onion into the pot, cook for 1 minute. Add capsicum and cook for 1 1/2 minutes or until onion is translucent.","Add garlic and onion into the pot, cook for 1 minute. Add capsicum and cook for 1 1/2 minutes or until onion is translucent.",
nandos-portuguese-chicken-and-rice,2974,6,All in,en/em dash,0,yes,"All in – Add rice and stir to coat in the tasty oil. Add remaining rice ingredients, then scatter the chicken evenly across the surface. Also add any juices accumulated in the bowl. Stir, bring to a s","Add rice and stir to coat in the tasty oil. Add remaining rice ingredients, then scatter the chicken evenly across the surface. Also add any juices accumulated in the bow",
nandos-portuguese-chicken-and-rice,2975,7,Cook 15 minutes,en/em dash,0,yes,"Cook 15 minutes – Cook for 15 minutes, no peeking, no stirring! Liquid should be absorbed – tilt pot and lift lid for quick peek.","Cook for 15 minutes, no peeking, no stirring! Liquid should be absorbed – tilt pot and lift lid for quick peek.",
nandos-portuguese-chicken-and-rice,2976,8,Rest 10 minutes,en/em dash,0,yes,Rest 10 minutes – Remove pot from the stove and leave to rest for 10 minutes with the lid still on.,Remove pot from the stove and leave to rest for 10 minutes with the lid still on.,
panang-curry,3087,2,Peanuts,en/em dash,0,yes,Peanuts – Put peanuts in a tall jar that comfortably fits the head of a stick blender (or use a small blender). Cover the jar opening with your hand and pulse until finely ground.,Put peanuts in a tall jar that comfortably fits the head of a stick blender (or use a small blender). Cover the jar opening with your hand and pulse until finely ground.,
panang-curry,3088,3,Blitz paste,en/em dash,0,yes,"Blitz paste – Add drained chilies and remaining Curry Paste ingredients, along with 1/4 cup of the reserved chili soaking liquid. Blend, scraping down the sides as you go, for about 30 seconds until s","Add drained chilies and remaining Curry Paste ingredients, along with 1/4 cup of the reserved chili soaking liquid. Blend, scraping down the sides as you go, for about 30",
panang-curry,3089,4,Cook curry paste,en/em dash,0,yes,"Cook curry paste – Heat oil in a large deep frying pan over medium-low heat. Cook curry paste for 5 minutes, stirring constantly. The paste should be drier, darker, smelling aromatic and no longer raw","Heat oil in a large deep frying pan over medium-low heat. Cook curry paste for 5 minutes, stirring constantly. The paste should be drier, darker, smelling aromatic and no",
panang-curry,3090,5,Sauce,en/em dash,3,yes,"Sauce – Add 1 cup (250 ml) chicken broth, being careful to pour off just the clearer liquid and leaving the sediment behind. Stir in the coconut cream, sugar, fish sauce and salt. Mix in the green bea","Add 1 cup (250 ml) chicken broth, being careful to pour off just the clearer liquid and leaving the sediment behind. Stir in the coconut cream, sugar, fish sauce and salt",
pork-stir-fry-with-green-beans,3231,0,Sauce,en/em dash,1,yes,Sauce – Mix Sauce ingredients in a bowl.,Mix Sauce ingredients in a bowl.,
smashed-cucumber-salad,3568,2,Salt lightly,en/em dash,7,no (would sit over 7 unrelated steps),"Salt lightly – this is mainly to draw excess liquid out. We don’t squeeze out every drop of liquid, but we do want to draw some of the water out, otherwise it ends up really watery","this is mainly to draw excess liquid out. We don’t squeeze out every drop of liquid, but we do want to draw some of the water out, otherwise it ends up really watery",
spicy-edamame,3633,0,Spicy garlic sauce,en/em dash,0,yes,"Spicy garlic sauce – Heat the oil in a small pan over medium low heat. Cook the garlic until very light golden, then add everything else. Stir, then simmer on low for 1 minute. Remove from stove.","Heat the oil in a small pan over medium low heat. Cook the garlic until very light golden, then add everything else. Stir, then simmer on low for 1 minute. Remove from st",
spicy-edamame,3634,1,Edamame,en/em dash,0,yes,"Edamame – Bring a large pot of water to the boil and add the salt. Put the frozen edamame in the water. Bring it back up to the boil then cook for 2 minutes. Drain well, shaking off excess water.","Bring a large pot of water to the boil and add the salt. Put the frozen edamame in the water. Bring it back up to the boil then cook for 2 minutes. Drain well, shaking of",
spicy-edamame,3635,2,Toss,en/em dash,0,yes,"Toss – Transfer edamame into a bowl, pour over sauce, toss. Transfer into a serving bowl – scrape out every drop of sauce! Serve warm or at room temperature.","Transfer edamame into a bowl, pour over sauce, toss. Transfer into a serving bowl – scrape out every drop of sauce! Serve warm or at room temperature.",
vietnamese-caramel-ginger-chicken,3855,1,Caramel,en/em dash,0,yes,"Caramel – Mix oil and sugar in the cold pan, then turn onto medium high heat. As soon as the sugar is melted, remove the pan from the stove then carefully add the chicken. Add ginger and shallots, tos","Mix oil and sugar in the cold pan, then turn onto medium high heat. As soon as the sugar is melted, remove the pan from the stove then carefully add the chicken. Add ging",
vietnamese-caramel-ginger-chicken,3856,2,Cook outside of chicken,en/em dash,0,yes,"Cook outside of chicken – Then put the pan back on the stove and stir just until the chicken changes from pink to white all over, but not browned, and definitely not cooked through.","Then put the pan back on the stove and stir just until the chicken changes from pink to white all over, but not browned, and definitely not cooked through.",
vietnamese-caramel-ginger-chicken,3857,3,Simmer 10 min,en/em dash,0,yes,"Simmer 10 min – Add water, stir, bring to a simmer. Simmer very rapidly, still on medium high (or even high!), for 10 to 12 minutes, until the liquid reduces right down to a glaze. It might take longe","Add water, stir, bring to a simmer. Simmer very rapidly, still on medium high (or even high!), for 10 to 12 minutes, until the liquid reduces right down to a glaze. It mi",
kfc-spicy-chicken-rice-bowl,2656,10,Fry the chicken (the first time),"colon, missed by the phase 1 sweep (6 words, cap was 5)",0,yes,"Fry the chicken (the first time): Add about 1 inch of frying oil to a medium pot or wok and heat it to 350°F (175°C). Add the chicken, one at a time, but don't crowd the pot - you’ll need to fry in 2-","Add about 1 inch of frying oil to a medium pot or wok and heat it to 350°F (175°C). Add the chicken, one at a time, but don't crowd the pot - you’ll need to fry in 2-3 ba",
kfc-spicy-chicken-rice-bowl,2658,12,Fry the chicken again,"colon, missed by the phase 1 sweep (no space after the colon)",0,yes,"Fry the chicken again:(Only double-fry what you will eat now, the rest you can refrigerate for up to a week and fry or air-fry them again when ready to eat). Once the first batch of the chicken has co","(Only double-fry what you will eat now, the rest you can refrigerate for up to a week and fry or air-fry them again when ready to eat). Once the first batch of the chicke",
