recipe_id,step_row_id,position,label,steps_under_it,flag,current_text,text_without_label,wait_points_here,has_hand_edit,DECISION_make_heading_yes_no
acqua-pazza,4072,0,Sauté fennel and onion,0,per-step label (0 steps under it),"Sauté fennel and onion: Heat oil in a non-stick skillet over medium heat. Add fennel and onion, cook 4 minutes until softened but not golden.","Heat oil in a non-stick skillet over medium heat. Add fennel and onion, cook 4 minutes until softened but not golden.",,,yes
acqua-pazza,4073,1,Garlic and chili,0,per-step label (0 steps under it),"Garlic and chili: Add garlic and chili, cook for 1 minute until garlic is softened.","Add garlic and chili, cook for 1 minute until garlic is softened.",,,yes
acqua-pazza,4074,2,Tomatoes,0,per-step label (0 steps under it),"Tomatoes: Add cherry tomatoes, cook for 4 minutes.","Add cherry tomatoes, cook for 4 minutes.",,,yes
acqua-pazza,4075,3,Reduce wine,0,per-step label (0 steps under it),"Reduce wine: Turn stove up to high, add wine and simmer rapidly for 2 – 3 minutes until reduced by half.","Turn stove up to high, add wine and simmer rapidly for 2 – 3 minutes until reduced by half.",,,yes
acqua-pazza,4076,4,Simmer sauce,0,per-step label (0 steps under it),"Simmer sauce: Add water and salt, and the basil & parsley stems if you kept them. Bring to boil, then lower stove to medium and simmer for 20 – 25 minutes until sauce reduces by about 2/3 (it will thi","Add water and salt, and the basil & parsley stems if you kept them. Bring to boil, then lower stove to medium and simmer for 20 – 25 minutes until sauce reduces by about 2/3 (it will thicken from toma",,,yes
acqua-pazza,4077,5,Cook fish,0,per-step label (0 steps under it),"Cook fish: Sprinkle flesh side of fish with salt, then place on sauce skin side down (it will mostly sit above sauce). Cover with lid (or foil or tray) and cook for 6 minutes or until internal tempera","Sprinkle flesh side of fish with salt, then place on sauce skin side down (it will mostly sit above sauce). Cover with lid (or foil or tray) and cook for 6 minutes or until internal temperature regist",,,yes
acqua-pazza,4078,6,Remove fish,0,per-step label (0 steps under it),"Remove fish: Remove lid, transfer fish to plate.","Remove lid, transfer fish to plate.",,,yes
acqua-pazza,4079,7,Add herbs,0,per-step label (0 steps under it),"Add herbs: Remove basil and parsley stems. Stir basil and parsley into sauce. Taste sauce, add more salt if required.","Remove basil and parsley stems. Stir basil and parsley into sauce. Taste sauce, add more salt if required.",,,yes
baked-rosemary-chickpeas,1729,1,If using dried chickpeas,1,,If using dried chickpeas: Drain chickpeas from soaking water; boil in new water for about 20 minutes until soft.,Drain chickpeas from soaking water; boil in new water for about 20 minutes until soft.,,,yes
beans,1777,1,RINSE,0,per-step label (0 steps under it),"RINSE: Rinse dried beans well, discarding any dirt or rocks.","Rinse dried beans well, discarding any dirt or rocks.",,,yes
beans,1778,2,OVERNIGHT SOAK,0,per-step label (0 steps under it),OVERNIGHT SOAK: Put beans in a pot and cover with 2 inches of water at the top. Let soak for 8 hours or overnight. Drain beans before cooking.,Put beans in a pot and cover with 2 inches of water at the top. Let soak for 8 hours or overnight. Drain beans before cooking.,yes,,yes
beans,1779,3,QUICK SOAK,0,per-step label (0 steps under it),"QUICK SOAK: Put beans in a pot and cover with 2 inches of water at the top. Bring beans and water to boil on the stove and remove from heat. Let beans soak, covered, for 90 minutes. Drain beans before","Put beans in a pot and cover with 2 inches of water at the top. Bring beans and water to boil on the stove and remove from heat. Let beans soak, covered, for 90 minutes. Drain beans before cooking.",,,yes
beans,1780,4,Note,0,NOT-A-HEADING (note/tip),"Note: Some legumes, like lentils and split peas, do not need to be soaked. Also, if you don't have time to soak, you can still cook your beans on the stovetop or using the other methods below. You wil","Some legumes, like lentils and split peas, do not need to be soaked. Also, if you don't have time to soak, you can still cook your beans on the stovetop or using the other methods below. You will just",,,no (note/tip)
beans,1782,6,On the stovetop,1,,"On the stovetop: In a soup pot, bring beans and water to a boil. Use 3 to 4 cups of water for each cup of beans or legumes. Generally, larger beans will need 4 cups and smaller ones will need 3. So us","In a soup pot, bring beans and water to a boil. Use 3 to 4 cups of water for each cup of beans or legumes. Generally, larger beans will need 4 cups and smaller ones will need 3. So use 3 cups water fo",,,yes
beans,1784,8,PRESSURE COOKER,1,,"PRESSURE COOKER: Put soaked and drained beans in pressure cooker. Cover with hot or boiling water, making sure not to fill the cooker more than half full.","Put soaked and drained beans in pressure cooker. Cover with hot or boiling water, making sure not to fill the cooker more than half full.",,,yes
beans,1786,10,SLOW COOKER,0,per-step label (0 steps under it),"SLOW COOKER: Put soaked and drained beans in slow cooker. Cover with hot or boiling water. Cook for 2 to 4 hours on high, depending on the type of beans.","Put soaked and drained beans in slow cooker. Cover with hot or boiling water. Cook for 2 to 4 hours on high, depending on the type of beans.",,,yes
beans,1787,11,Note,0,NOT-A-HEADING (note/tip),Note: You can save your cooked bean liquid and use as a veggie stock.,You can save your cooked bean liquid and use as a veggie stock.,,,no (note/tip)
beans,1788,12,Tip,0,NOT-A-HEADING (note/tip),"Tip: While cooking your beans, you can add herbs to add flavor and aid in digestion. These herbs include cumin, bay leaves, fennel, and fresh epazote (available in Latin markets).","While cooking your beans, you can add herbs to add flavor and aid in digestion. These herbs include cumin, bay leaves, fennel, and fresh epazote (available in Latin markets).",,,no (note/tip)
bulgogi-bowls,5765,1,Wilt the spinach,0,per-step label (0 steps under it),"Wilt the spinach: heat 2 tsp oil in a large non-stick pan over high heat. Add half the spinach, toss with tongs until semi-wilted (~30 sec), then add the rest and toss until wilted (~1 min). Remove to","heat 2 tsp oil in a large non-stick pan over high heat. Add half the spinach, toss with tongs until semi-wilted (~30 sec), then add the rest and toss until wilted (~1 min). Remove to a bowl.",,,yes
bulgogi-bowls,5766,2,Cook the beef,0,per-step label (0 steps under it),"Cook the beef: add 1 tbsp oil to the pan. Still on high heat, add the beef and break it up until no longer raw. Add the bulgogi sauce and simmer rapidly, stirring now and then, until mostly evaporated","add 1 tbsp oil to the pan. Still on high heat, add the beef and break it up until no longer raw. Add the bulgogi sauce and simmer rapidly, stirring now and then, until mostly evaporated, then stir unt",,,yes
bulgogi-bowls,5767,3,Build the bowls,0,per-step label (0 steps under it),"Build the bowls: rice topped with the beef, spinach, carrot, avocado, lettuce, the drizzle sauce, sesame seeds and green onion.","rice topped with the beef, spinach, carrot, avocado, lettuce, the drizzle sauce, sesame seeds and green onion.",,,yes
butter-chicken,1943,0,Optional blitz,0,per-step label (0 steps under it),"Optional blitz: for an extra smooth sauce, combine the Marinade ingredients (except the chicken) in a food processor and blend until smooth. (I do not do this)","for an extra smooth sauce, combine the Marinade ingredients (except the chicken) in a food processor and blend until smooth. (I do not do this)",,,yes
butter-chicken,1944,1,Marinade,0,per-step label (0 steps under it),"Marinade: Combine the Marinade ingredients with the chicken in a bowl. Cover and refrigerate overnight, or up to 24 hours (minimum 3 hrs).","Combine the Marinade ingredients with the chicken in a bowl. Cover and refrigerate overnight, or up to 24 hours (minimum 3 hrs).",yes,,yes
butter-chicken,1945,2,Cook chicken,1,,Cook chicken: Heat the ghee (butter or oil) over high heat in a large fry pan. Take the chicken out of the Marinade but do not wipe or shake off the marinade from the chicken (but don’t pour the Marin,Heat the ghee (butter or oil) over high heat in a large fry pan. Take the chicken out of the Marinade but do not wipe or shake off the marinade from the chicken (but don’t pour the Marinade left in th,,,yes
butter-chicken,1947,4,Sauce,2,,"Sauce: Add the tomato passata, cream, sugar and salt. Also add any remaining marinade left in the bowl. Turn down to low and simmer for 20 minutes. Do a taste test to see if it needs more salt.","Add the tomato passata, cream, sugar and salt. Also add any remaining marinade left in the bowl. Turn down to low and simmer for 20 minutes. Do a taste test to see if it needs more salt.",,,yes
coconut-curried-golden-lentils,4207,0,Note,5,NOT-A-HEADING (note/tip),Note: Soaking lentils is optional but can improve digestibility and speed cook time.,Soaking lentils is optional but can improve digestibility and speed cook time.,,,no (note/tip)
country-ham-croquettes-with-parsley-salad,2266,12,Set up three mixing bowls,5,,"Set up three mixing bowls: 1) one with the remaining 1 cup flour, 2) one with the panko, and 3) one with the eggs whisked with 2 tablespoons water.","1) one with the remaining 1 cup flour, 2) one with the panko, and 3) one with the eggs whisked with 2 tablespoons water.",,,"no (instruction, not a label)"
fish-with-white-wine-sauce,2409,2,Season fish,0,per-step label (0 steps under it),Season fish: Sprinkle fish with salt and pepper.,Sprinkle fish with salt and pepper.,,,yes
fish-with-white-wine-sauce,2410,3,Cook fish,0,per-step label (0 steps under it),"Cook fish: Heat oil in a large non stick skillet over medium high heat. Cook fish in two batches until golden, 2 minutes on each side, or until the internal temperature is 55°C/131°F.","Heat oil in a large non stick skillet over medium high heat. Cook fish in two batches until golden, 2 minutes on each side, or until the internal temperature is 55°C/131°F.",,,yes
fish-with-white-wine-sauce,2411,4,Keep warm,0,per-step label (0 steps under it),"Keep warm: Place fish on rack, and place in the oven to keep warm.","Place fish on rack, and place in the oven to keep warm.",,,yes
fish-with-white-wine-sauce,2413,6,Discard oil,0,per-step label (0 steps under it),Discard oil: Tip out excess oil from the skillet but don't wipe clean.,Tip out excess oil from the skillet but don't wipe clean.,,,yes
fish-with-white-wine-sauce,2414,7,Reduce wine,0,per-step label (0 steps under it),"Reduce wine: Add eschalot, white wine, lemon juice, vinegar, salt, pepper, sugar to the pan. Bring to simmer (still on medium high) and reduce by half (~3 minutes).","Add eschalot, white wine, lemon juice, vinegar, salt, pepper, sugar to the pan. Bring to simmer (still on medium high) and reduce by half (~3 minutes).",,,yes
fish-with-white-wine-sauce,2415,8,Simmer cream,0,per-step label (0 steps under it),"Simmer cream: Add cream, simmer for 2 minutes.","Add cream, simmer for 2 minutes.",,,yes
fish-with-white-wine-sauce,2416,9,Finish with COLD butter,0,per-step label (0 steps under it),"Finish with COLD butter: Turn heat to low and add cold butter one cube at a time while mixing with wooden spoon. Once all the butter is incorporated, the sauce should be thickened, satiny and beautifu","Turn heat to low and add cold butter one cube at a time while mixing with wooden spoon. Once all the butter is incorporated, the sauce should be thickened, satiny and beautifully glossy.",,,yes
fish-with-white-wine-sauce,2417,10,Optional strain,0,per-step label (0 steps under it),"Optional strain: Strain the sauce through a sieve (discard eschalot), then pour it back into the pan.","Strain the sauce through a sieve (discard eschalot), then pour it back into the pan.",,,yes
fish-with-white-wine-sauce,2418,11,Fish in sauce,0,per-step label (0 steps under it),"Fish in sauce: Place fish back into the pan in the sauce. Spoon some sauce over the fish, leave for 30 seconds.","Place fish back into the pan in the sauce. Spoon some sauce over the fish, leave for 30 seconds.",,,yes
fish-with-white-wine-sauce,2419,12,Serve,0,per-step label (0 steps under it),"Serve: Transfer fish onto serving plates. Spoon sauce over each fish, sprinkled with parsley if desired. Pictured with a side of pea puree (great colour splash!).","Transfer fish onto serving plates. Spoon sauce over each fish, sprinkled with parsley if desired. Pictured with a side of pea puree (great colour splash!).",,,yes
french-fries,2439,0,Cut,1,,"Cut: Peel the potatoes. Cut into 6 mm / 1/4"" French fries using a serrated knife.","Peel the potatoes. Cut into 6 mm / 1/4"" French fries using a serrated knife.",,,yes
french-fries,2441,2,Rinse,0,per-step label (0 steps under it),Rinse: Transfer potatoes to a colander and rinse under tap water for 15 – 20 seconds.,Transfer potatoes to a colander and rinse under tap water for 15 – 20 seconds.,,,yes
french-fries,2442,3,Simmer,0,per-step label (0 steps under it),"Simmer: Place fries in a large pot with 2 quarts of cold tap water, vinegar and salt. Bring to a boil over high heat then immediately reduce stove to low so the surface is rippling gently, not big bub","Place fries in a large pot with 2 quarts of cold tap water, vinegar and salt. Bring to a boil over high heat then immediately reduce stove to low so the surface is rippling gently, not big bubbles. Co",,,yes
french-fries,2443,4,Dry 5 min,0,per-step label (0 steps under it),Dry 5 min: Spread the fries on 2 tea towel lined trays. Leave to steam dry for 5 minutes.,Spread the fries on 2 tea towel lined trays. Leave to steam dry for 5 minutes.,,,yes
french-fries,2444,5,Pot,1,,"Pot: Pour 3 cm / 1.2"" of oil in a pot that is at least 10cm/4"" high (⚠️for safety, need at least 7 cm / 3"" from oil surface to rim of pot)","Pour 3 cm / 1.2"" of oil in a pot that is at least 10cm/4"" high (⚠️for safety, need at least 7 cm / 3"" from oil surface to rim of pot)",,,yes
french-fries,2454,15,Fry #2,0,per-step label (0 steps under it),"Fry #2: Heat oil to 400°F. Fry half the French fries for 4 minutes, moving them around twice, or until golden brown and crispy. Drain in the lined bowl, then repeat with remaining fries.","Heat oil to 400°F. Fry half the French fries for 4 minutes, moving them around twice, or until golden brown and crispy. Drain in the lined bowl, then repeat with remaining fries.",,,yes
key-lime-pie,2650,24,SERVE,0,per-step label (0 steps under it),"SERVE: Top the pie with fresh lime zest, cut into slices, and serve.","Top the pie with fresh lime zest, cut into slices, and serve.",,,yes
kfc-spicy-chicken-rice-bowl,2651,0,Marinade,0,per-step label (0 steps under it),"Marinade: Combine the chicken in water, sugar and fish sauce. Mix well and marinade for at least 20 minutes and up to overnight.","Combine the chicken in water, sugar and fish sauce. Mix well and marinade for at least 20 minutes and up to overnight.",,,yes
kfc-spicy-chicken-rice-bowl,2652,1,Make the flour dredge,0,per-step label (0 steps under it),"Make the flour dredge: Whisk together all of the flour dredge ingredients in a large mixing bowl. Add all of the chicken, including the marinade, into the flour and use tongs to toss the chicken until","Whisk together all of the flour dredge ingredients in a large mixing bowl. Add all of the chicken, including the marinade, into the flour and use tongs to toss the chicken until all pieces are coated,",,,yes
kfc-spicy-chicken-rice-bowl,2653,2,Dredge the chicken,0,per-step label (0 steps under it),"Dredge the chicken: Use tongs to pick the chicken pieces out of the flour, one by one, and place them on a plate or tray in a single layer; this is to make sure no pieces are stuck together and theref","Use tongs to pick the chicken pieces out of the flour, one by one, and place them on a plate or tray in a single layer; this is to make sure no pieces are stuck together and therefore not properly coa",,,yes
kfc-spicy-chicken-rice-bowl,2654,3,Make the toasted rice powder,0,per-step label (0 steps under it),"Make the toasted rice powder: In a small skillet or pot, add the raw rice and the makrut lime leaves and toast over medium high heat, stirring constantly. Once the makrut lime leaves are dry and crisp","In a small skillet or pot, add the raw rice and the makrut lime leaves and toast over medium high heat, stirring constantly. Once the makrut lime leaves are dry and crisp, remove it, then continue to ",,,yes
kfc-spicy-chicken-rice-bowl,2655,4,Make the liquid dressing,4,,"Make the liquid dressing: Combine the fish sauce, lime juice, and sugar and stir until the sugar is completely dissolved.","Combine the fish sauce, lime juice, and sugar and stir until the sugar is completely dissolved.",,,yes
kfc-spicy-chicken-rice-bowl,2660,9,Note,2,NOT-A-HEADING (note/tip),"Note: This recipe is for 4 servings, but only toss the chicken you'll eat now with the dressing so it won't become soggy. I will give the dressing ingredient amounts for 1 portion, and you can scale i","This recipe is for 4 servings, but only toss the chicken you'll eat now with the dressing so it won't become soggy. I will give the dressing ingredient amounts for 1 portion, and you can scale it up a",,,no (note/tip)
king-arthur-s-original-cake-pan-cake,2688,6,To make the chocolate icing,2,,"To make the chocolate icing: In a medium saucepan over low heat, combine the chocolate chips and half-and-half. Heat stirring, until the chocolate melts.","In a medium saucepan over low heat, combine the chocolate chips and half-and-half. Heat stirring, until the chocolate melts.",,,yes
pepper-steak,3190,1,Then velvet the beef,8,,"Then velvet the beef: in a medium bowl, mix the beef with water, cornstarch, oil, oyster sauce, Shaoxing wine, and baking soda.","in a medium bowl, mix the beef with water, cornstarch, oil, oyster sauce, Shaoxing wine, and baking soda.",,,"no (instruction, not a label)"
quick-easy-hainanese-chicken-rice-khao-mun-gai,3300,10,To serve,0,per-step label (0 steps under it),"To serve: Slice chicken into thin pieces, and place on top of rice. Serve with dipping sauce, some fresh cucumber and extra chicken broth as soup. Enjoy!","Slice chicken into thin pieces, and place on top of rice. Serve with dipping sauce, some fresh cucumber and extra chicken broth as soup. Enjoy!",,,yes
sweet-potato-and-onion-hash,3672,3,Note,0,NOT-A-HEADING (note/tip),"Note: For a simpler version of this dish, steam purple, white, or orange sweet potatoes until soft. Toss with 1 tablespoon of vegetable oil, chopped scallions, and a dash of salt.","For a simpler version of this dish, steam purple, white, or orange sweet potatoes until soft. Toss with 1 tablespoon of vegetable oil, chopped scallions, and a dash of salt.",,,no (note/tip)
the-best-new-york-style-bagel,3780,2,Note,1,NOT-A-HEADING (note/tip),"Note: Please see directions on your brand of yeast. If it requires activation by adding water and/or sugar, use some from the amounts stated in the recipe. RedStar/SAF (instant or active yeast) does N","Please see directions on your brand of yeast. If it requires activation by adding water and/or sugar, use some from the amounts stated in the recipe. RedStar/SAF (instant or active yeast) does NOT req",,,no (note/tip)
the-best-new-york-style-bagel,3782,4,Do a window pane test,15,,"Do a window pane test: take a small walnut sized piece of dough and try to stretch it out very thinly until it is almost ""transparent"" – this suggests your dough has been kneaded enough.","take a small walnut sized piece of dough and try to stretch it out very thinly until it is almost ""transparent"" – this suggests your dough has been kneaded enough.",,,"no (instruction, not a label)"
