recipe_id,step_row_id,step_no,duration_text,min_minutes,max_minutes,verdict,waits_already_on_this_step,sentence,DECISION_add_wait_yes_no
agedashi-tofu,1659,2,2 hours,120,120,1 WAIT CANDIDATE,,Cover with clingfilm (plastic wrap) or a lid and leave for at least 2 hours or overnight.,yes
agedashi-tofu,1659,2,overnight,480,,1 WAIT CANDIDATE,,Cover with clingfilm (plastic wrap) or a lid and leave for at least 2 hours or overnight.,yes
apple-pie,1690,8,3 hours,180,180,1 WAIT CANDIDATE,,Cool at room temperature for at least 3 hours.,yes
blueberry-muffin-sugar-cookies,1841,1,30 minutes,30,30,1 WAIT CANDIDATE,,Immediately pour the butter into a large heatproof bowl and let cool at room temperature for 30 minutes.,yes
butter-chicken,1944,2,overnight,480,,1 WAIT CANDIDATE,"3–24 hr (180,1440)","Cover and refrigerate overnight, or up to 24 hours (minimum 3 hrs).",no (already covered by 3-24 hr wait)
earl-grey-tea-cake,2337,2,30 minutes,30,30,1 WAIT CANDIDATE,,"Stir in the tea, remove from the heat, cover and let stand for at least 30 minutes and up to 1 hour.",yes
earl-grey-tea-cake,2337,2,1 hour,60,60,1 WAIT CANDIDATE,,"Stir in the tea, remove from the heat, cover and let stand for at least 30 minutes and up to 1 hour.",yes
earthquake-cookies,2361,3,1 week,10080,10080,1 WAIT CANDIDATE,"at least overnight (480,None)","cover and refrigerate at least overnight, and up to 1 week.","no (storage, already a storage row)"
french-fries,2452,12,30 min,30,30,1 WAIT CANDIDATE,,30 min cool: Leaves fries to cool for 30 minutes.,yes
french-fries,2452,12,30 minutes,30,30,1 WAIT CANDIDATE,,30 min cool: Leaves fries to cool for 30 minutes.,yes
key-lime-pie,2643,13,1 hour,60,60,1 WAIT CANDIDATE,"at least 2 hr (120,None)","Remove from the oven and let cool completely at room temperature, about 1 hour, then transfer to the refrigerator and chill until cold, at least 2 hours.",yes
kfc-spicy-chicken-rice-bowl,2651,1,overnight,480,,1 WAIT CANDIDATE,,Mix well and marinade for at least 20 minutes and up to overnight.,yes
mocha-chocolate-chunk-cookies,2919,1,30 minutes,30,30,1 WAIT CANDIDATE,,Immediately pour the butter into a large heatproof bowl and let cool at room temperature for 30 minutes.,yes
no-knead-bread,4556,2,2–3 hours,120,180,1 WAIT CANDIDATE,"up to 3 days (0,4320); 45–60 min (45,60)","Cover with cling wrap or a plate and leave on the counter 2–3 hours, until doubled, wobbly like jelly, and bubbly on top.",yes
pepper-steak,3191,3,30 minutes,30,30,1 WAIT CANDIDATE,,Set aside for at least 30 minutes or overnight in the refrigerator.,yes
pepper-steak,3191,3,overnight,480,,1 WAIT CANDIDATE,,Set aside for at least 30 minutes or overnight in the refrigerator.,yes
pumpkin-scones,3275,10,30 minutes,30,30,1 WAIT CANDIDATE,,"Let scones cool until glaze is set, about 30 minutes.",yes
red-wine-braised-short-ribs,3339,1,2 hours,120,120,1 WAIT CANDIDATE,,Then salt them generously on all sides and let them sit in the fridge for a minimum of 2 hours and up to about 6 hours.,yes
red-wine-braised-short-ribs,3339,1,6 hours,360,360,1 WAIT CANDIDATE,,Then salt them generously on all sides and let them sit in the fridge for a minimum of 2 hours and up to about 6 hours.,yes
salt-and-pepper-tofu,3445,2,1 to 2 hours,60,120,1 WAIT CANDIDATE,,"After 1 to 2 hours, drain the liquid from the tofu completely, and let it sit for 5 minutes to drain.",yes
thai-tea-ice-cream-chatramues-thai-tea,3772,10,6-8 hours,360,480,1 WAIT CANDIDATE,,Put ice cream base in the fridge for 6-8 hours or overnight.,yes
thai-tea-ice-cream-chatramues-thai-tea,3772,10,overnight,480,,1 WAIT CANDIDATE,,Put ice cream base in the fridge for 6-8 hours or overnight.,yes
baked-tofu,5862,3,3 minutes,3,3,2 short rest <=20 min - EXCLUDED by the rule,,"Allow to cool for about 3 minutes before biting into them, as they will be very hot.",no
basic-dal,4760,2,5 minutes,5,5,2 short rest <=20 min - EXCLUDED by the rule,,"Remove from the heat, cover, and let sit for 5 minutes.",no
brown-butter-bourbon-snickerdoodles,1913,1,20 minutes,20,20,2 short rest <=20 min - EXCLUDED by the rule,,Immediately pour the butter into a medium heatproof bowl and let it cool at room temperature for 20 minutes.,no
caramelized-onion-dal,1996,1,10 minutes,10,10,2 short rest <=20 min - EXCLUDED by the rule,,Turn the heat off and let the dal sit for 10 minutes.,no
chicken-shawarma-with-garlic-sauce-and-greens,2122,5,10 minutes,10,10,2 short rest <=20 min - EXCLUDED by the rule,,Set aside for 10 minutes.,no
garlic-ginger-chicken-with-cilantro-and-mint,2476,5,10 to 15 minutes,10,15,2 short rest <=20 min - EXCLUDED by the rule,,"Turn off the heat (if you have an electric stove, take the pan off the heat) and let the chicken sit, covered, for 10 to 15 minutes, depending on the thickness of the breasts.",no
garlic-rice,2470,5,10 minutes,10,10,2 short rest <=20 min - EXCLUDED by the rule,,Rest 10 minutes – Tilt the saucepan and have a quick peek to ensure all the water is absorbed.,no
garlic-rice,2470,5,10 minutes,10,10,2 short rest <=20 min - EXCLUDED by the rule,,Rest 10 minutes – Tilt the saucepan and have a quick peek to ensure all the water is absorbed.,no
khaliat-nahal-honeycomb-bread,2675,13,10 minutes,10,10,2 short rest <=20 min - EXCLUDED by the rule,,"Allow to cool for about 10 minutes, then serve while still warm so the cheese is melty and delicious.",no
lotus-root-and-jammy-tomatoes,2759,2,10 minutes,10,10,2 short rest <=20 min - EXCLUDED by the rule,,"Taste and adjust the salt if needed, then remove the skillet from the heat and let the dish sit for 10 minutes.",no
mexican-rice,2899,4,5 minutes,5,5,2 short rest <=20 min - EXCLUDED by the rule,,Remove from heat and allow to rest for 5 minutes before fluffing with a fork.,no
nandos-portuguese-chicken-and-rice,2976,7,10 minutes,10,10,2 short rest <=20 min - EXCLUDED by the rule,,Rest 10 minutes – Remove pot from the stove and leave to rest for 10 minutes with the lid still on.,no
nandos-portuguese-chicken-and-rice,2976,7,10 minutes,10,10,2 short rest <=20 min - EXCLUDED by the rule,,Rest 10 minutes – Remove pot from the stove and leave to rest for 10 minutes with the lid still on.,no
no-knead-bread,4561,5,10 minutes,10,10,2 short rest <=20 min - EXCLUDED by the rule,,Cool on a rack 10 minutes before slicing.,no
prego-rolls-steak-and-piri-piri-sandwiches,3248,2,10 minutes,10,10,2 short rest <=20 min - EXCLUDED by the rule,,Transfer the steak to a cutting board and allow it to rest for 10 minutes.,no
priya-s-dal,3253,3,15 minutes,15,15,2 short rest <=20 min - EXCLUDED by the rule,,Remove from the heat and let sit for 15 minutes.,no
pumpkin-spice-sandwich-cookies-with-brown-butter-cream-cheese-frosting,4600,9,10 minutes,10,10,2 short rest <=20 min - EXCLUDED by the rule,,Immediately pour the butter over the cream cheese cubes and let sit for 10 minutes.,no
roasted-pumpkin,3434,4,10 minutes,10,10,2 short rest <=20 min - EXCLUDED by the rule,,"Then remove pan from the oven, let the pumpkin cool for 10 minutes, then scoop out",no
salt-and-pepper-tofu,3445,2,5 minutes,5,5,2 short rest <=20 min - EXCLUDED by the rule,,"After 1 to 2 hours, drain the liquid from the tofu completely, and let it sit for 5 minutes to drain.",no
spiced-fish-pilaf-with-caramelized-onions-sayadieh,3608,6,10 minutes,10,10,2 short rest <=20 min - EXCLUDED by the rule,,Take it off the heat and let it rest for 10 minutes.,no
spiced-pumpkin-olive-oil-and-orange-cake,3613,2,10 minutes,10,10,2 short rest <=20 min - EXCLUDED by the rule,,"Remove from the oven, let cool in the pan for 10 minutes, then tip it out onto a wire rack",no
tofu-basil-endive-leaves,3819,3,10 minutes,10,10,2 short rest <=20 min - EXCLUDED by the rule,,Remove from the heat and let the mixture cool for about 10 minutes.,no
birria-tacos,1802,1,10 min,10,10,2 slow-process word but <=20 min,,Simmer chopped chillies 10 min.,no
buttermilk-biscuits,1966,17,15 minutes,15,15,2 slow-process word but <=20 min,,"Place the tray in the freezer for 15 minutes, then transfer straight to the oven and bake for 15 to 17 minutes, rotating once at the 10-minute mark, until toasty and golden brown.",no
buttermilk-biscuits,1966,17,15 to 17 minutes,15,17,2 slow-process word but <=20 min,,"Place the tray in the freezer for 15 minutes, then transfer straight to the oven and bake for 15 to 17 minutes, rotating once at the 10-minute mark, until toasty and golden brown.",no
french-baguette,2434,6,15 minutes,15,15,2 slow-process word but <=20 min,"45 min (45,45)","After the last 45 minute rise, turn out the dough onto a well floured surface and divide the dough into 4 equal pieces and pre-shape them, cover them with a piece of oiled cling film / plastic wrap and let them relax for",no
greek-yogurt-pancakes,2512,4,2-3 minutes,2,3,2 slow-process word but <=20 min,,"Cook until the pancakes are puffed on top and golden brown on the bottom, 2-3 minutes, then flip and cook on the other side until risen and cooked through, 1-2 minutes more.",no
greek-yogurt-pancakes,2512,4,1-2 minutes,1,2,2 slow-process word but <=20 min,,"Cook until the pancakes are puffed on top and golden brown on the bottom, 2-3 minutes, then flip and cook on the other side until risen and cooked through, 1-2 minutes more.",no
hummus,4679,3,5 minutes,5,5,2 slow-process word but <=20 min,,"After 5 minutes of cooking, stir the chickpeas and skim off the foam that rises.",no
kfc-spicy-chicken-rice-bowl,2651,1,20 minutes,20,20,2 slow-process word but <=20 min,,Mix well and marinade for at least 20 minutes and up to overnight.,no
basic-dal,4760,2,10 minutes,10,10,"3 cooking time, not a wait",,"(Alternatively, in an electric multi-cooker like an Instant Pot, combine the lentils, turmeric, salt, and 3 cups water and cook on manual high pressure for 10 minutes, then allow the pressure to release naturally.",no
braised-swiss-chard,1861,3,2 to 3 minutes,2,3,"3 cooking time, not a wait",,"Stir in the leaves, cover, and cook until they start to wilt, 2 to 3 minutes.",no
flatbreads-with-za-atar-mana-eesh,2428,9,3 minutes,3,3,"3 cooking time, not a wait",,"Cook for about 3 minutes, until they start to puff up, then remove from the oven while you cook the rest.",no
french-fries,2443,5,5 minutes,5,5,"3 cooking time, not a wait",,Leave to steam dry for 5 minutes.,no
kale-fennel-and-noodle-soup-rishta,2610,1,10 minutes,10,10,"3 cooking time, not a wait",,"Stir to coat the vegetables in the oil, then cover and leave them to sweat over a low heat for 10 minutes.",no
matcha-amaretti-cookies,2842,3,2 to 3 minutes,2,3,"3 cooking time, not a wait",,") Mix on medium speed until slightly frothy, 2 to 3 minutes, then increase the speed to high and whip until doubled in volume and stiff peaks form, 1 to 2 minutes more.",no
matcha-amaretti-cookies,2842,3,1 to 2 minutes,1,2,"3 cooking time, not a wait",,") Mix on medium speed until slightly frothy, 2 to 3 minutes, then increase the speed to high and whip until doubled in volume and stiff peaks form, 1 to 2 minutes more.",no
mocha-chocolate-chunk-cookies,2929,11,1 hour,60,60,"3 cooking time, not a wait",,) Let the cookies cool for at least 1 hour on the baking sheets.,no
nandos-portuguese-chicken-and-rice,2969,1,15 minutes,15,15,"3 cooking time, not a wait",,"Steam 15 minutes covered, rest 10 minutes.",no
nandos-portuguese-chicken-and-rice,2969,1,10 minutes,10,10,"3 cooking time, not a wait",,"Steam 15 minutes covered, rest 10 minutes.",no
new-york-style-bagel,2989,13,1 minute,1,1,"3 cooking time, not a wait",,"Let them sit there for 1 minute, and then flip them over to boil for another minute.",no
orange-peel-fish,3026,5,10 to 14 minutes,10,14,"3 cooking time, not a wait",,"Transfer the pouch to a baking sheet and bake for 10 to 14 minutes, depending on the thickness of your fillets, then turn off the oven and let the fish sit in the oven for 1 minute more-the pouch should have puffed up at",no
orange-peel-fish,3026,5,1 minute,1,1,"3 cooking time, not a wait",,"Transfer the pouch to a baking sheet and bake for 10 to 14 minutes, depending on the thickness of your fillets, then turn off the oven and let the fish sit in the oven for 1 minute more-the pouch should have puffed up at",no
pork-stir-fry-with-green-beans,3235,4,1 minute,1,1,"3 cooking time, not a wait",,Leave for 1 minute.,no
pork-stir-fry-with-green-beans,3235,4,1/2 minutes,0,0,"3 cooking time, not a wait",,"Stir, then leave for 30 seconds, then repeat once more (so 2 1/2 minutes in total cook time) until beans are charred but tender crisp (not withered and floppy).",no
shrimp-scampi,3558,9,12 minutes,12,12,"3 cooking time, not a wait",,"The Rigati takes 12 minutes to make, so I let the pasta cook for the first 6 minutes and then make the sauce in the final 6 minutes.",no
shrimp-scampi,3558,9,6 minutes,6,6,"3 cooking time, not a wait",,"The Rigati takes 12 minutes to make, so I let the pasta cook for the first 6 minutes and then make the sauce in the final 6 minutes.",no
shrimp-scampi,3558,9,6 minutes,6,6,"3 cooking time, not a wait",,"The Rigati takes 12 minutes to make, so I let the pasta cook for the first 6 minutes and then make the sauce in the final 6 minutes.",no
baked-tofu,5862,3,5 days,7200,7200,"4 storage, not a wait",,Use immediately or cool completely and store in an airtight container in the fridge for up to 5 days.,no
dukkah-spice-mix,2334,1,1 week,10080,10080,"4 storage, not a wait",,Store in an airtight container for up to 1 week.,no
earthquake-cookies,2365,7,4 days,5760,5760,"4 storage, not a wait",,Serve right away or store in an airtight container for up to 4 days.,no
flatbreads-with-za-atar-mana-eesh,2428,9,24 hours,1440,1440,"4 storage, not a wait",,They will keep for about 24 hours.,no
homemade-pasta-dough,2533,6,3 days,4320,4320,"4 storage, not a wait","30 min – 1 hr (30,60)","(If storing overnight, refrigerate (up to 3 days) and bring it back up to room temperature before use.",no
homemade-pasta-dough,2533,6,overnight,480,,"4 storage, not a wait","30 min – 1 hr (30,60)","(If storing overnight, refrigerate (up to 3 days) and bring it back up to room temperature before use.",no
khaliat-nahal-honeycomb-bread,2675,13,1–2 days,1440,2880,"4 storage, not a wait",,"These are definitely best served freshly baked and warm, but will keep for 1–2 days in an airtight container.",no
morning-buns-with-orange-blossom-glaze,2960,20,4 days,5760,5760,"4 storage, not a wait","4 hr – overnight (240,480)",Squares can be frozen for 4 days and thawed in the refrigerator the night before you plan to prepare the buns.,no
oatmeal-sesame-cookies,3017,8,4 days,5760,5760,"4 storage, not a wait",,Store in an airtight container for up to 4 days.,no
pumpkin-scones,3275,10,3 days,4320,4320,"4 storage, not a wait",,Store in an airtight container at room temp for up to 3 days.,no
quick-easy-hainanese-chicken-rice-khao-mun-gai,3309,17,30 minutes,30,30,"4 storage, not a wait",,"However, if you want to keep the fat for your rice, I would not skim after about 30 minutes so you don't end up skimming off the fat.",no
tahini-shortbread-cookies,3730,7,5 days,7200,7200,"4 storage, not a wait",,Store in an airtight container for up to 5 days.,no
1-2-3-4-5-tofu,1629,2,1 minute,1,1,5 no unattended-time word in the sentence,,"Over medium heat, fry the ginger for 1 minute.",no
1-2-3-4-5-tofu,1629,2,10 minutes,10,10,5 no unattended-time word in the sentence,,"Add the tofu, and take 10 minutes to brown the tofu on at least 2-3 sides.",no
adventist-gumbo,1649,1,3 to 4 minutes,3,4,5 no unattended-time word in the sentence,,"Cook for 3 to 4 minutes, stirring often, and then turn heat down to low and cook for another 3 to 4 minutes, until roux has become golden in color.",no
adventist-gumbo,1649,1,3 to 4 minutes,3,4,5 no unattended-time word in the sentence,,"Cook for 3 to 4 minutes, stirring often, and then turn heat down to low and cook for another 3 to 4 minutes, until roux has become golden in color.",no
aloo-potato-parathas,4219,7,2 minutes,2,2,5 no unattended-time word in the sentence,,"Cook for 2 minutes, until the underside starts to brown and blister, then flip.",no
aloo-potato-parathas,4219,7,2 minutes,2,2,5 no unattended-time word in the sentence,,"Cook for 2 minutes, until the underside starts to brown and blister, then flip.",no
aloo-potato-parathas,4219,7,1 minute,1,1,5 no unattended-time word in the sentence,,"Add 1½ teaspoons of the oil to the top of the paratha, spread it around, and cook until the underside is golden brown with dark brown spots, about 1 minute, then flip again.",no
aloo-potato-parathas,4219,7,1 minute,1,1,5 no unattended-time word in the sentence,,"Add 1½ teaspoons of the oil to the top of the paratha, spread it around, and cook until the underside is golden brown with dark brown spots, about 1 minute, then flip again.",no
apple-pie,1690,8,25 minutes,25,25,5 no unattended-time word in the sentence,,Bake at 400°F for 25 minutes.,no
apple-pie,1690,8,30-35 minutes,30,35,5 no unattended-time word in the sentence,,"Carefully remove the pie shield, turn the oven down to 375° and continue to bake for an additional 30-35 minutes or until the top is golden brown and the juices are bubbly.",no
baked-tofu,5862,3,25 to 30 minutes,25,30,5 no unattended-time word in the sentence,,"Bake for 25 to 30 minutes, using a thin metal spatula to flip halfway through, until browned and crispy on the edges.",no
banana-bread,1750,4,1 hour,60,60,5 no unattended-time word in the sentence,,Bake 350 degrees for 1 hour and 10 minutes or until a toothpick inserted comes out clean,no
banana-bread,1750,4,10 minutes,10,10,5 no unattended-time word in the sentence,,Bake 350 degrees for 1 hour and 10 minutes or until a toothpick inserted comes out clean,no
basic-dal,4760,2,5 to 7 minutes,5,7,5 no unattended-time word in the sentence,,"Reduce the heat to medium-high, insert a large long-handled spoon into the pot (to break the surface tension and prevent boiling over), and cook with the spoon still inserted until the lentils are soft and a little mushy",no
birria-tacos,1802,1,1/2 hrs,30,30,5 no unattended-time word in the sentence,,"Brown beef, cook off adobo paste, slow-cook beef 2 1/2 hrs (lid on).",no
birria-tacos,1813,9,1/2 hours,30,30,5 no unattended-time word in the sentence,,"Slow cook 2 1/2 hours – Add all Birria braising ingredients, stir, then add the beef.",no
birria-tacos,1813,9,1/2 hours,30,30,5 no unattended-time word in the sentence,,"Slow cook 2 1/2 hours – Add all Birria braising ingredients, stir, then add the beef.",no
birria-tacos,1813,9,3 – 3.5 hrs,180,210,5 no unattended-time word in the sentence,,"Cover with a lid and cook for 2 1/2 hours, or until beef shreds easily (short ribs take 3 – 3.",no
blueberry-muffin-sugar-cookies,1841,1,3 to 4 minutes,3,4,5 no unattended-time word in the sentence,,"Continue cooking, stirring often to prevent the milk solids from burning, until the butter foams and then darkens in color slightly and is very fragrant, 3 to 4 minutes.",no
braised-swiss-chard,1861,3,3 minutes,3,3,5 no unattended-time word in the sentence,,"Add the Swiss chard stems and cook, stirring, until just tender, about 3 minutes.",no
brown-butter-bourbon-snickerdoodles,1913,1,3 to 4 minutes,3,4,5 no unattended-time word in the sentence,,"Continue cooking, stirring often to prevent the milk solids from burning, until the butter foams and then darkens in color slightly and is very fragrant, 3 to 4 minutes.",no
cantonese-pan-fried-noodles,1974,1,1 minute,1,1,5 no unattended-time word in the sentence,,Fresh noodles should be boiled for about 1 minute.,no
cantonese-pan-fried-noodles,1974,1,2 minutes,2,2,5 no unattended-time word in the sentence,,"For dried noodles, boil for 2 minutes.",no
caramelized-ginger-mushrooms,1994,1,1 minute,1,1,5 no unattended-time word in the sentence,,"Once the oil begins to shimmer, add the cumin seeds and cook until they turn a medium shade of brown, about 1 minute max.",no
caramelized-ginger-mushrooms,1994,1,5 to 7 minutes,5,7,5 no unattended-time word in the sentence,,"Add the onion, spread it out into an even layer in the pan, and cook until lightly browned and translucent, 5 to 7 minutes.",no
caramelized-ginger-mushrooms,1995,2,2 minutes,2,2,5 no unattended-time word in the sentence,,"Add the ginger and green chile and cook for 2 minutes, until the chile is slightly wilted.",no
caramelized-ginger-mushrooms,1995,2,7 to 10 minutes,7,10,5 no unattended-time word in the sentence,,"Cook until the mushrooms are browned and soft and the liquid they release has evaporated, 7 to 10 minutes.",no
caramelized-onion-dal,1996,1,20 minutes,20,20,5 no unattended-time word in the sentence,,"Reduce the heat to medium-low, cover, and cook for 20 minutes.",no
caramelized-onion-dal,1996,1,3 to 7 minutes,3,7,5 no unattended-time word in the sentence,,"Then increase the heat to medium-high and cook for 3 to 7 minutes more, until the lentils are soft and dry and the water has mostly evaporated.",no
cauliflower-cheese-steaks,2006,4,15 minutes,15,15,5 no unattended-time word in the sentence,,Put the tray in the oven and roast the cauliflower for 15 minutes.,no
cauliflower-cheese-steaks,2006,4,10 minutes,10,10,5 no unattended-time word in the sentence,,"Flip, then roast for a further 10 minutes.",no
chicken-and-broccoli-with-brown-sauce,2042,5,1 minute,1,1,5 no unattended-time word in the sentence,,Boil water in your wok and blanch the broccoli for 1 minute (or 2 minutes if you like your broccoli softer).,no
chicken-and-broccoli-with-brown-sauce,2042,5,2 minutes,2,2,5 no unattended-time word in the sentence,,Boil water in your wok and blanch the broccoli for 1 minute (or 2 minutes if you like your broccoli softer).,no
chicken-shawarma,2116,3,4 to 5 minutes,4,5,5 no unattended-time word in the sentence,,Cook chicken – Place chicken in the skillet or on the grill and cook the first side for 4 to 5 minutes until nicely charred.,no
chicken-shawarma,2116,3,3 to 4 minutes,3,4,5 no unattended-time word in the sentence,,Turn and cook the other side for 3 to 4 minutes,no
chicken-shawarma-with-garlic-sauce-and-greens,2122,5,40 to 45 minutes,40,45,5 no unattended-time word in the sentence,,"Transfer to the oven and roast until the edges are crisp and brown and the chicken is tender when squeezed with a pair of tongs, 40 to 45 minutes.",no
chickpea-falafel-patties,2139,7,4 minutes,4,4,5 no unattended-time word in the sentence,,"Cook for a total of around 4 minutes, 2 minutes on each side or until browned.",no
chickpea-falafel-patties,2139,7,2 minutes,2,2,5 no unattended-time word in the sentence,,"Cook for a total of around 4 minutes, 2 minutes on each side or until browned.",no
chocolate-chip-cookies,2175,16,18 to 22 minutes,18,22,5 no unattended-time word in the sentence,,"Bake the cookies on the upper and lower racks until they are dark golden brown around the edges, 18 to 22 minutes, switching racks and rotating the sheets front to back after 12 minutes.",no
chocolate-chip-cookies,2175,16,12 minutes,12,12,5 no unattended-time word in the sentence,,"Bake the cookies on the upper and lower racks until they are dark golden brown around the edges, 18 to 22 minutes, switching racks and rotating the sheets front to back after 12 minutes.",no
cinnamon-pancakes,2215,8,1 to 2 minutes,1,2,5 no unattended-time word in the sentence,,"After 1 to 2 minutes, the edges will look dry, and bubbles will form and pop on the surface.",no
cinnamon-pancakes,2215,8,1 to 2 minutes,1,2,5 no unattended-time word in the sentence,,"After 1 to 2 minutes, the edges will look dry, and bubbles will form and pop on the surface.",no
coconut-curried-golden-lentils,4209,3,2-3 minutes,2,3,5 no unattended-time word in the sentence,,"Sauté for 2-3 minutes, stirring frequently.",no
coconut-curried-golden-lentils,4209,3,1 minute,1,1,5 no unattended-time word in the sentence,,"Then add salt, curry powder, turmeric, and cayenne and cook for 1 minute more.",no
dukkah-spice-mix,2334,1,1 minute,1,1,5 no unattended-time word in the sentence,,"Place the nuts and seeds in a large pan, set over a medium heat and toast for 1 minute, or until the aromas are released and the nuts start to turn glossy.",no
earthquake-cookies,2360,2,5 minutes,5,5,5 no unattended-time word in the sentence,,"Mix on medium speed until light and very fluffy, about 5 minutes.",no
earthquake-cookies,2360,2,1 minute,1,1,5 no unattended-time word in the sentence,,"Mix until well combined, about 1 minute.",no
earthquake-cookies,2365,7,14 to 16 minutes,14,16,5 no unattended-time word in the sentence,,"Bake until puffed and cracked and just set around the edges, 14 to 16 minutes.",no
eleni-s-sourdough-bread,2378,7,20 minutes,20,20,5 no unattended-time word in the sentence,,"Bake in the oven for 20 minutes at 250 degrees, then 20 minutes at 200 degrees, and another 20 minutes at",no
eleni-s-sourdough-bread,2378,7,20 minutes,20,20,5 no unattended-time word in the sentence,,"Bake in the oven for 20 minutes at 250 degrees, then 20 minutes at 200 degrees, and another 20 minutes at",no
eleni-s-sourdough-bread,2378,7,20 minutes,20,20,5 no unattended-time word in the sentence,,"Bake in the oven for 20 minutes at 250 degrees, then 20 minutes at 200 degrees, and another 20 minutes at",no
falafel-crackers,2405,11,6 minutes,6,6,5 no unattended-time word in the sentence,,"Bake for 6 minutes, then rotate the pan and bake for an additional 6 to 7 minutes, until lightly browned.",no
falafel-crackers,2405,11,6 to 7 minutes,6,7,5 no unattended-time word in the sentence,,"Bake for 6 minutes, then rotate the pan and bake for an additional 6 to 7 minutes, until lightly browned.",no
flatbreads-with-za-atar-mana-eesh,2422,3,5 minutes,5,5,5 no unattended-time word in the sentence,,"Knead the dough for about 5 minutes on a medium setting in a mixer (or for 10 minutes by hand) until it has come together and is smooth, silky and pliable.",no
flatbreads-with-za-atar-mana-eesh,2422,3,10 minutes,10,10,5 no unattended-time word in the sentence,,"Knead the dough for about 5 minutes on a medium setting in a mixer (or for 10 minutes by hand) until it has come together and is smooth, silky and pliable.",no
french-baguette,2435,7,15 minutes,15,15,5 no unattended-time word in the sentence,,"After the 15 minutes form the pre-shapes into the baguettes and place them onto the well floured bakers Couche cloth, set the timer for 20 minutes",no
french-baguette,2435,7,20 minutes,20,20,5 no unattended-time word in the sentence,,"After the 15 minutes form the pre-shapes into the baguettes and place them onto the well floured bakers Couche cloth, set the timer for 20 minutes",no
french-baguette,2436,8,20 minutes,20,20,5 no unattended-time word in the sentence,,After the 20 minutes reset the time for a further 10 to 12 minutes while the oven heats up to 430°F also place a tray of hot water on the bottom shelf of the oven.,no
french-baguette,2436,8,10 to 12 minutes,10,12,5 no unattended-time word in the sentence,,After the 20 minutes reset the time for a further 10 to 12 minutes while the oven heats up to 430°F also place a tray of hot water on the bottom shelf of the oven.,no
french-fries,2443,5,5 min,5,5,5 no unattended-time word in the sentence,,Dry 5 min: Spread the fries on 2 tea towel lined trays.,no
gai-yang,5776,7,5 minutes,5,5,5 no unattended-time word in the sentence,,"Turn the heat to low / medium-low, close the lid, and cook, flipping every 5 minutes, for 18–30 minutes.",no
gai-yang,5776,7,18–30 minutes,18,30,5 no unattended-time word in the sentence,,"Turn the heat to low / medium-low, close the lid, and cook, flipping every 5 minutes, for 18–30 minutes.",no
garlic-ginger-chicken-with-cilantro-and-mint,2475,4,1 to 2 minutes,1,2,5 no unattended-time word in the sentence,,"Cook the breasts for 1 to 2 minutes (without moving them!), until they turn lightly golden on one side, then flip them and cook for 1 to 2 minutes, until they start to become golden on the second side.",no
garlic-ginger-chicken-with-cilantro-and-mint,2475,4,1 to 2 minutes,1,2,5 no unattended-time word in the sentence,,"Cook the breasts for 1 to 2 minutes (without moving them!), until they turn lightly golden on one side, then flip them and cook for 1 to 2 minutes, until they start to become golden on the second side.",no
garlic-ginger-chicken-with-cilantro-and-mint,2476,5,10 minutes,10,10,5 no unattended-time word in the sentence,,"Reduce the heat to low, cover, and cook the chicken for 10 minutes (without peeking).",no
garlic-kale-salad-with-crispy-chickpeas,2462,3,15-20 minutes,15,20,5 no unattended-time word in the sentence,,"Bake for 15-20 minutes (depending on the size of the garlic cloves), or until garlic is fragrant and slightly browned.",no
garlic-kale-salad-with-crispy-chickpeas,2462,3,10-15 minutes,10,15,5 no unattended-time word in the sentence,,Continue baking chickpeas for 10-15 minutes more or until slightly crispy and golden brown.,no
garlic-rice,2469,4,15 minutes,15,15,5 no unattended-time word in the sentence,,Cook 15 minutes – Cook the rice for 15 minutes.,no
garlic-rice,2469,4,15 minutes,15,15,5 no unattended-time word in the sentence,,Cook 15 minutes – Cook the rice for 15 minutes.,no
herbed-focaccia,2523,1,5 minutes,5,5,5 no unattended-time word in the sentence,,"Bring the mixture together with your hands to form a dough, then either knead the dough in an electric mixer fitted with a dough hook on a medium speed for 5 minutes, or knead it by hand for 10 minutes on an oiled surfac",no
herbed-focaccia,2523,1,10 minutes,10,10,5 no unattended-time word in the sentence,,"Bring the mixture together with your hands to form a dough, then either knead the dough in an electric mixer fitted with a dough hook on a medium speed for 5 minutes, or knead it by hand for 10 minutes on an oiled surfac",no
hummus,4679,3,30-40 minutes,30,40,5 no unattended-time word in the sentence,,"Depending on their freshness, this could take 30-40 minutes.",no
indian-ribollita,2581,1,1 minute,1,1,5 no unattended-time word in the sentence,,"Cook, stirring, for 1 minute, then increase the heat to medium-high and add the onion.",no
indian-ribollita,2581,1,5 to 7 minutes,5,7,5 no unattended-time word in the sentence,,"Cook until the onion becomes translucent, 5 to 7 minutes.",no
indian-ribollita,2581,1,8 to 10 minutes,8,10,5 no unattended-time word in the sentence,,"Reduce the heat to medium, add the zucchini and tomatoes, and cook until the zucchini is al dente and still bright green in color, 8 to 10 minutes.",no
italian-two-bean-soup,2595,4,5 minutes,5,5,5 no unattended-time word in the sentence,,"in the last 5 minutes (beans should be tender) add the chopped swiss chard, stir to combine, (at this point taste for salt you might need to add some extra) cook for the remaining 5 minutes",no
italian-two-bean-soup,2595,4,5 minutes,5,5,5 no unattended-time word in the sentence,,"in the last 5 minutes (beans should be tender) add the chopped swiss chard, stir to combine, (at this point taste for salt you might need to add some extra) cook for the remaining 5 minutes",no
kachumber-tilapia,2608,3,3 to 5 minutes,3,5,5 no unattended-time word in the sentence,,") Cook the fish for 3 to 5 minutes, until the fillets are becoming golden on the underside and the top is starting to flake, then flip and cook for 3 minutes on the second side-again, you should see flaking on top.",no
kachumber-tilapia,2608,3,3 minutes,3,3,5 no unattended-time word in the sentence,,") Cook the fish for 3 to 5 minutes, until the fillets are becoming golden on the underside and the top is starting to flake, then flip and cook for 3 minutes on the second side-again, you should see flaking on top.",no
kale-fennel-and-noodle-soup-rishta,2610,1,5 minutes,5,5,5 no unattended-time word in the sentence,,Fry the onion in the cooking oil for about 5 minutes over a medium heat.,no
kale-fennel-and-noodle-soup-rishta,2612,3,10 minutes,10,10,5 no unattended-time word in the sentence,,"Add the lentils and 1 2/3 cups/400ml just-boiled water, then cover and simmer over a medium heat for 10 minutes.",no
kale-fennel-and-noodle-soup-rishta,2612,3,15 minutes,15,15,5 no unattended-time word in the sentence,,Pour in the stock and cook for another 15 minutes.,no
kale-fennel-and-noodle-soup-rishta,2613,4,10 minutes,10,10,5 no unattended-time word in the sentence,,"Break the strands of linguine into thirds, add them to the pot with ½ teaspoon salt and cook for 10 minutes.",no
kale-fennel-and-noodle-soup-rishta,2613,4,5 minutes,5,5,5 no unattended-time word in the sentence,,"Finally, add the kale and cook for 5 minutes.",no
khaliat-nahal-honeycomb-bread,2667,5,10–12 minutes,10,12,5 no unattended-time word in the sentence,,"Knead until the dough is soft and smooth – this will take 10–12 minutes in a mixer, or 15–17 minutes by hand.",no
khaliat-nahal-honeycomb-bread,2667,5,15–17 minutes,15,17,5 no unattended-time word in the sentence,,"Knead until the dough is soft and smooth – this will take 10–12 minutes in a mixer, or 15–17 minutes by hand.",no
khichdi,2677,2,20 to 25 minutes,20,25,5 no unattended-time word in the sentence,,"Reduce the heat to medium, cover, and simmer until the mung beans and rice are fully cooked and the mixture resembles a thick stew, 20 to 25 minutes, scraping down the sides and giving the mixture a stir 15 minutes in.",no
khichdi,2677,2,15 minutes,15,15,5 no unattended-time word in the sentence,,"Reduce the heat to medium, cover, and simmer until the mung beans and rice are fully cooked and the mixture resembles a thick stew, 20 to 25 minutes, scraping down the sides and giving the mixture a stir 15 minutes in.",no
kuku-paka-african-chicken-curry,2704,2,4-5 minutes,4,5,5 no unattended-time word in the sentence,,"Add the thighs, skin-side down, and cook for 4-5 minutes until golden brown.",no
kuku-paka-african-chicken-curry,2704,2,1 minute,1,1,5 no unattended-time word in the sentence,,Turn and cook the other side for 1 minute.,no
kuku-paka-african-chicken-curry,2704,2,2 minutes,2,2,5 no unattended-time word in the sentence,,"I do 3 sides, 2 minutes each side.",no
kuku-paka-african-chicken-curry,2707,5,30 min,30,30,5 no unattended-time word in the sentence,,"Simmer 30 min – Once the sauce comes to a simmer, reduce the heat so it’s bubbling gently.",no
kuku-paka-african-chicken-curry,2707,5,10 minutes,10,10,5 no unattended-time word in the sentence,,Cover and cook for 10 minutes.,no
kuku-paka-african-chicken-curry,2707,5,20 minutes,20,20,5 no unattended-time word in the sentence,,"Remove the lid and simmer for a further 20 minutes, stirring occasionally to ensure the base doesn't catch.",no
lentil-soup-with-walnut-and-cilantro-smash-shorbat-adas,2750,1,15 minutes,15,15,5 no unattended-time word in the sentence,,"Boil the lentils in a saucepan of water for 15 minutes, or until they have just softened.",no
lentil-soup-with-walnut-and-cilantro-smash-shorbat-adas,2750,1,5 minutes,5,5,5 no unattended-time word in the sentence,,"Boil the lentils in a saucepan of water for 15 minutes, or until they have just softened.",no
lentil-soup-with-walnut-and-cilantro-smash-shorbat-adas,2750,1,5 minutes,5,5,5 no unattended-time word in the sentence,,"Boil the lentils in a saucepan of water for 15 minutes, or until they have just softened.",no
lotus-root-and-jammy-tomatoes,2758,1,1 minute,1,1,5 no unattended-time word in the sentence,,"Once the oil begins to shimmer, add the cumin seeds and cook until they turn a medium shade of brown, about 1 minute max.",no
lotus-root-and-jammy-tomatoes,2758,1,6 to 8 minutes,6,8,5 no unattended-time word in the sentence,,"Spread the onion in an even layer in the pan and cook until it just starts to caramelize, 6 to 8 minutes.",no
lotus-root-and-jammy-tomatoes,2759,2,4 to 6 minutes,4,6,5 no unattended-time word in the sentence,,"Increase the heat to high, add the tomatoes and chile, and cook, stirring continuously, until the tomatoes become soft and mushy, 4 to 6 minutes.",no
lotus-root-and-jammy-tomatoes,2759,2,30 to 35 minutes,30,35,5 no unattended-time word in the sentence,,"Cover and cook for 30 to 35 minutes, until the lotus root is slightly soft and has a texture resembling a barely cooked potato (note that the lotus root will never become completely soft).",no
matar-paneer,2836,1,1 minute,1,1,5 no unattended-time word in the sentence,,"Add the cardamom and coriander and cook, stirring, for about 1 minute, until they have lightly browned.",no
matar-paneer,2836,1,5 to 6 minutes,5,6,5 no unattended-time word in the sentence,,"Stir in the onion, ginger, and chile and cook until the onion is translucent, 5 to 6 minutes.",no
matar-paneer,2836,1,5 to 6 minutes,5,6,5 no unattended-time word in the sentence,,"Stir in the onion, ginger, and chile and cook until the onion is translucent, 5 to 6 minutes.",no
meat-lasagna,2862,5,1.5 – 2 hours,90,120,5 no unattended-time word in the sentence,,Place the lid on and cook for 1.,no
meat-lasagna,2862,5,30 minutes,30,30,5 no unattended-time word in the sentence,,"5 – 2 hours, stirring every now and then, then remove the lid and simmer for 30 minutes.",no
mexican-rice,2899,4,20 minutes,20,20,5 no unattended-time word in the sentence,,"Bring to a boil, then cover, reduce heat to low and cook for about 20 minutes or until the water is completely absorbed.",no
miso-tofu-recipe,5893,4,5-6 minutes,5,6,5 no unattended-time word in the sentence,,"Cook for about 5-6 minutes on each side, or until they develop a golden-brown crust.",no
miso-tofu-recipe,5893,4,12-15 minutes,12,15,5 no unattended-time word in the sentence,,"Air fry at 400 F for 12-15 minutes, gently shaking halfway through.",no
mocha-chocolate-chunk-cookies,2919,1,4 to 6 minutes,4,6,5 no unattended-time word in the sentence,,"Continue cooking, stirring often to prevent the milk solids from burning, until the butter foams and then darkens in color slightly and is very fragrant, 4 to 6 minutes.",no
mocha-chocolate-chunk-cookies,2929,11,12 to 15 minutes,12,15,5 no unattended-time word in the sentence,,"Bake 2 sheets at the same time, swapping the top sheet to the bottom rack and bottom sheet to the top midway through, until the tops of the cookies lose their sheen but the cracks still appear slightly wet, 12 to 15 minu",no
mocha-chocolate-chunk-cookies,2929,11,15 minutes,15,15,5 no unattended-time word in the sentence,,"Bake 2 sheets at the same time, swapping the top sheet to the bottom rack and bottom sheet to the top midway through, until the tops of the cookies lose their sheen but the cracks still appear slightly wet, 12 to 15 minu",no
nandos-portuguese-chicken-and-rice,2973,4,1 minute,1,1,5 no unattended-time word in the sentence,,"Sauté – Add garlic and onion into the pot, cook for 1 minute.",no
nandos-portuguese-chicken-and-rice,2973,4,1/2 minutes,0,0,5 no unattended-time word in the sentence,,Add capsicum and cook for 1 1/2 minutes or until onion is translucent.,no
nandos-portuguese-chicken-and-rice,2975,6,15 minutes,15,15,5 no unattended-time word in the sentence,,"Cook 15 minutes – Cook for 15 minutes, no peeking, no stirring! Liquid should be absorbed – tilt pot and lift lid for quick peek.",no
nandos-portuguese-chicken-and-rice,2975,6,15 minutes,15,15,5 no unattended-time word in the sentence,,"Cook 15 minutes – Cook for 15 minutes, no peeking, no stirring! Liquid should be absorbed – tilt pot and lift lid for quick peek.",no
new-york-style-bagel,2989,13,2 minutes,2,2,5 no unattended-time word in the sentence,,"Extend the boiling times to 2 minutes each, if you’d prefer a chewier bagel (results will give you a more New York-Style bagel with this option).",no
new-york-style-bagel,2992,16,20 - 25 minutes,20,25,5 no unattended-time word in the sentence,,"Bake for 20 - 25 minutes, or until golden brown (I usually err on the side of 20 minutes).",no
new-york-style-bagel,2992,16,20 minutes,20,20,5 no unattended-time word in the sentence,,"Bake for 20 - 25 minutes, or until golden brown (I usually err on the side of 20 minutes).",no
no-knead-bread,4561,5,30 minutes,30,30,5 no unattended-time word in the sentence,,"Bake 30 minutes covered, then 12 minutes uncovered, until deep golden and crisp.",no
no-knead-bread,4561,5,12 minutes,12,12,5 no unattended-time word in the sentence,,"Bake 30 minutes covered, then 12 minutes uncovered, until deep golden and crisp.",no
oatmeal-sesame-cookies,3017,8,15 to 16 minutes,15,16,5 no unattended-time word in the sentence,,"Bake the cookies until they appear slightly darkened around edges but still underbaked, 15 to 16 minutes.",no
osmanthus-cake,3032,5,25 minutes,25,25,5 no unattended-time word in the sentence,,"Immediately place into your preheated oven, and bake for 25 minutes.",no
osmanthus-cake,3032,5,10-15 minutes,10,15,5 no unattended-time word in the sentence,,Bake for another 10-15 minutes.,no
oven-baked-quesadillas,3048,12,8 minutes,8,8,5 no unattended-time word in the sentence,,Bake for 8 minutes.,no
oven-baked-quesadillas,3048,12,5 minutes,5,5,5 no unattended-time word in the sentence,,"Flip the quesadillas, bake for 5 minutes, flip again then bake for a further 2 minutes or until crispy.",no
oven-baked-quesadillas,3048,12,2 minutes,2,2,5 no unattended-time word in the sentence,,"Flip the quesadillas, bake for 5 minutes, flip again then bake for a further 2 minutes or until crispy.",no
palak-chicken-recipe-dhaba-style-saag-wala-chicken,4372,11,4-5 minutes,4,5,5 no unattended-time word in the sentence,,"Add the chicken, stir well to coat it with the masala & cook over high flame for 4-5 minutes, then add the spinach puree, stir again & cook until the puree changes it color & becomes dark, this process will take up to 10",no
palak-chicken-recipe-dhaba-style-saag-wala-chicken,4372,11,10-12 minutes,10,12,5 no unattended-time word in the sentence,,"Add the chicken, stir well to coat it with the masala & cook over high flame for 4-5 minutes, then add the spinach puree, stir again & cook until the puree changes it color & becomes dark, this process will take up to 10",no
pan-fried-cabbage-with-bacon-and-green-onions,3077,8,2 minutes,2,2,5 no unattended-time word in the sentence,,"Continue to cook, stirring once or twice every 2 minutes thereafter, until the cabbage is wilted and tender, 5 to 6 minutes.",no
pan-fried-cabbage-with-bacon-and-green-onions,3077,8,5 to 6 minutes,5,6,5 no unattended-time word in the sentence,,"Continue to cook, stirring once or twice every 2 minutes thereafter, until the cabbage is wilted and tender, 5 to 6 minutes.",no
pasta-alla-zozzona,3114,10,10 minutes,10,10,5 no unattended-time word in the sentence,,"Then after 10 minutes, fish out the pasta and add it directly to the sauce, stir it into the sauce and then we want to simmer it directly in the sauce for an additional 3-4 minutes as it cooks more slowly in the sauce th",no
pasta-alla-zozzona,3114,10,3-4 minutes,3,4,5 no unattended-time word in the sentence,,"Then after 10 minutes, fish out the pasta and add it directly to the sauce, stir it into the sauce and then we want to simmer it directly in the sauce for an additional 3-4 minutes as it cooks more slowly in the sauce th",no
pasta-with-parsnips-and-bacon,3165,3,5 minutes,5,5,5 no unattended-time word in the sentence,,"Cook in remaining bacon fat until softened, about 5 minutes.",no
pasta-with-parsnips-and-bacon,3165,3,2 to 3 minutes,2,3,5 no unattended-time word in the sentence,,"Simmer mixture until slightly thickened, 2 to 3 minutes.",no
pastina,4586,10,9 minutes,9,9,5 no unattended-time word in the sentence,,"Then add the acini di Pepe, which cooks in 9 minutes.",no
pastina,4586,10,9 minutes,9,9,5 no unattended-time word in the sentence,,"Then add the acini di Pepe, which cooks in 9 minutes.",no
prego-rolls-steak-and-piri-piri-sandwiches,3248,2,3 minutes,3,3,5 no unattended-time word in the sentence,,"Grill the steak, turning it every so often, until charred in spots and cooked to your liking (about 3 minutes per side for medium-rare).",no
priya-s-dal,3253,3,20 to 30 minutes,20,30,5 no unattended-time word in the sentence,,"Cook with the spoon still inserted until the lentils are soft but still retain their shape and the entire mixture resembles a thick soup, 20 to 30 minutes.",no
pumpkin-spice-sandwich-cookies-with-brown-butter-cream-cheese-frosting,4600,9,3 to 4 minutes,3,4,5 no unattended-time word in the sentence,,"Continue cooking, stirring often, until the butter foams and then darkens in color slightly and is very fragrant, 3 to 4 minutes.",no
quick-easy-hainanese-chicken-rice-khao-mun-gai,3309,17,1 hour,60,60,5 no unattended-time word in the sentence,,"Gently simmer chicken bones for 1 hour in the water, skimming off foam and scum as they come up.",no
quick-easy-hainanese-chicken-rice-khao-mun-gai,3310,18,1 hour,60,60,5 no unattended-time word in the sentence,,"After 1 hour of simmering, add all the vegetables/aromatics and simmer for another 45 minutes to 1 hour.",no
quick-easy-hainanese-chicken-rice-khao-mun-gai,3310,18,45 minutes,45,45,5 no unattended-time word in the sentence,,"After 1 hour of simmering, add all the vegetables/aromatics and simmer for another 45 minutes to 1 hour.",no
quick-easy-hainanese-chicken-rice-khao-mun-gai,3310,18,1 hour,60,60,5 no unattended-time word in the sentence,,"After 1 hour of simmering, add all the vegetables/aromatics and simmer for another 45 minutes to 1 hour.",no
rao-s-meatballs,3314,3,5 to 6 minutes,5,6,5 no unattended-time word in the sentence,,"Working in batches and taking care not to crowd the pan, add meatballs and fry until undersides are brown and slightly crisp, 5 to 6 minutes.",no
rao-s-meatballs,3314,3,5 minutes,5,5,5 no unattended-time word in the sentence,,"Turn and brown the other sides, about 5 minutes more.",no
raspberry-pie-6-year-anniversary-pie,3326,4,15 minutes,15,15,5 no unattended-time word in the sentence,,Bake pie in the preheated oven for 15 minutes.,no
raspberry-pie-6-year-anniversary-pie,3326,4,30 to 40 minutes,30,40,5 no unattended-time word in the sentence,,"Reduce the heat to 375 degrees F and bake until crust is golden and filling is bubbly, about 30 to 40 minutes more.",no
red-pepper-potato-and-peanut-sabzi,3336,1,1 minute,1,1,5 no unattended-time word in the sentence,,"Once the oil begins to shimmer, add the cumin seeds and cook until they turn a medium shade of brown, about 1 minute max.",no
red-pepper-potato-and-peanut-sabzi,3336,1,4 to 6 minutes,4,6,5 no unattended-time word in the sentence,,"Add the onion and cook until translucent, 4 to 6 minutes.",no
red-pepper-potato-and-peanut-sabzi,3337,2,7 to 10 minutes,7,10,5 no unattended-time word in the sentence,,"Cover and cook for 7 to 10 minutes, until the potato is tender but not mushy (a little charring on the bottom is A-OK).",no
red-pepper-potato-and-peanut-sabzi,3337,2,5 to 7 minutes,5,7,5 no unattended-time word in the sentence,,"Cover and cook for 5 to 7 minutes, until the peppers are slightly softened.",no
red-wine-braised-short-ribs,3351,13,1/2 hours,30,30,5 no unattended-time word in the sentence,,"After 2 1/2 hours, if they are clearly tender, take the lid off the pot and then continue to cook, uncovered in the oven for another 20-30 minutes.",no
red-wine-braised-short-ribs,3351,13,20-30 minutes,20,30,5 no unattended-time word in the sentence,,"After 2 1/2 hours, if they are clearly tender, take the lid off the pot and then continue to cook, uncovered in the oven for another 20-30 minutes.",no
rhubarb-cake,3378,17,60 minutes,60,60,5 no unattended-time word in the sentence,,"Sprinkle the top generously with demerara sugar and bake, reducing the oven temperature to 325°F after 60 minutes, until the top is golden and crisp and a cake tester inserted into the center comes out clean, 80 to 90 mi",no
rhubarb-cake,3378,17,80 to 90 minutes,80,90,5 no unattended-time word in the sentence,,"Sprinkle the top generously with demerara sugar and bake, reducing the oven temperature to 325°F after 60 minutes, until the top is golden and crisp and a cake tester inserted into the center comes out clean, 80 to 90 mi",no
rigatoni-amatriciana,3388,7,2-3 minutes,2,3,5 no unattended-time word in the sentence,,"Drop the pasta, which will take 2-3 minutes to cook, if using dry, pull the pasta about 1-2 minutes before al dente.",no
rigatoni-amatriciana,3388,7,1-2 minutes,1,2,5 no unattended-time word in the sentence,,"Drop the pasta, which will take 2-3 minutes to cook, if using dry, pull the pasta about 1-2 minutes before al dente.",no
roasted-pumpkin,3434,4,45-50 minutes,45,50,5 no unattended-time word in the sentence,,Bake for 45-50 minutes or until a fork easily pierces the skin.,no
southwest-tofu-scramble,3594,6,2 minutes,2,2,5 no unattended-time word in the sentence,,"Sauté for 2 minutes, then add sauce, pouring it mostly over the tofu and a little over the veggies.",no
southwest-tofu-scramble,3594,6,5-7 minutes,5,7,5 no unattended-time word in the sentence,,Cook for another 5-7 minutes until tofu is slightly browned.,no
spiced-fish-pilaf-with-caramelized-onions-sayadieh,3608,6,2 minutes,2,2,5 no unattended-time word in the sentence,,"When the onions are ready, add the crushed garlic and fry for 2 minutes.",no
spiced-fish-pilaf-with-caramelized-onions-sayadieh,3608,6,15 minutes,15,15,5 no unattended-time word in the sentence,,"Pour in the stock, bring to the boil, then cover, reduce the heat to low and cook the rice for 15 minutes.",no
spiced-pumpkin-olive-oil-and-orange-cake,3613,2,50 minutes,50,50,5 no unattended-time word in the sentence,,"Pour the batter into the prepared pan and bake in the center of the oven for around 50 minutes, or until a skewer inserted into the cake comes out clean.",no
spinach-and-feta-parcels-fatayer-sabanekh,3637,2,6-8 minutes,6,8,5 no unattended-time word in the sentence,,"Knead the dough in an electric mixer fitted with a dough hook for 6-8 minutes on a medium setting, or for 10-15 minutes by hand, until it comes together and is smooth, silky and pliable.",no
spinach-and-feta-parcels-fatayer-sabanekh,3637,2,10-15 minutes,10,15,5 no unattended-time word in the sentence,,"Knead the dough in an electric mixer fitted with a dough hook for 6-8 minutes on a medium setting, or for 10-15 minutes by hand, until it comes together and is smooth, silky and pliable.",no
tahini-shortbread-cookies,3730,7,12 to 15 minutes,12,15,5 no unattended-time word in the sentence,,"Bake until firm around the edges and not colored, 12 to 15 minutes.",no
the-best-new-york-style-bagel,3797,19,15 to 20 minutes,15,20,5 no unattended-time word in the sentence,,Place bagels into the oven and bake for 15 to 20 minutes until golden (begin checking bagels at about 13 minutes).,no
the-best-new-york-style-bagel,3797,19,13 minutes,13,13,5 no unattended-time word in the sentence,,Place bagels into the oven and bake for 15 to 20 minutes until golden (begin checking bagels at about 13 minutes).,no
tofu-basil-endive-leaves,3819,3,5 minutes,5,5,5 no unattended-time word in the sentence,,"Reduce the heat to medium-low and cook for about 5 minutes, until the rice and onion have nicely mixed and mingled.",no
tofu-green-bean-breakfast-scramble,3814,1,1 minute,1,1,5 no unattended-time word in the sentence,,"Once the oil begins to shimmer, add the cumin seeds and cook until they turn a medium shade of brown, about 1 minute max.",no
tofu-green-bean-breakfast-scramble,3814,1,5 to 7 minutes,5,7,5 no unattended-time word in the sentence,,"Reduce the heat to low, cover, and cook for 5 to 7 minutes, until the green beans are just barely soft (they should still retain a bit of firmness).",no
tseke-com-peix-frito-local-spinach-with-curry-sauce-and-crispy-fried-fish,4697,5,5 minutes,5,5,5 no unattended-time word in the sentence,,"Add the onion and cook, stirring occasionally, until just beginning to soften, about 5 minutes.",no
tseke-com-peix-frito-local-spinach-with-curry-sauce-and-crispy-fried-fish,4697,5,10 minutes,10,10,5 no unattended-time word in the sentence,,"Cover and simmer until the spinach is very tender, about 10 minutes.",no
vietnamese-caramel-ginger-chicken,3857,4,10 min,10,10,5 no unattended-time word in the sentence,,"Simmer 10 min – Add water, stir, bring to a simmer.",no
vietnamese-caramel-ginger-chicken,3857,4,10 to 12 minutes,10,12,5 no unattended-time word in the sentence,,"Simmer very rapidly, still on medium high (or even high!), for 10 to 12 minutes, until the liquid reduces right down to a glaze.",no
warm-buttered-hummus,3892,8,6 minutes,6,6,5 no unattended-time word in the sentence,,"Continue to cook until the bits of lamb are golden brown and cooked through, about 6 minutes.",no
warm-buttered-hummus,3892,8,4 minutes,4,4,5 no unattended-time word in the sentence,,"Add the allspice, black pepper, tomato, and any remaining chickpea cooking liquid and continue to cook until half the liquid is absorbed, about 4 minutes.",no
white-bean-stuffed-poblanos,3909,2,1 minute,1,1,5 no unattended-time word in the sentence,,"Once the oil begins to shimmer, add the cumin seeds and cook until they turn a medium shade of brown, about 1 minute max.",no
white-bean-stuffed-poblanos,3909,2,5 to 7 minutes,5,7,5 no unattended-time word in the sentence,,"Add the onions and coriander and cook, stirring, until the onions are translucent, 5 to 7 minutes.",no
zanzibar-pilau-rice-pilaf,3932,1,1 minute,1,1,5 no unattended-time word in the sentence,"10–30 min (10,30)","Place the rice in a fine-mesh sieve and rinse with cold tap water, stirring the rice gently with your hands, until the water runs clear, about 1 minute.",no
zanzibar-pilau-rice-pilaf,3934,3,1 minute,1,1,5 no unattended-time word in the sentence,,"Add the cardamom, cinnamon, and cloves and cook, stirring, until the mixture smells very fragrant, about 1 minute.",no
zanzibar-pilau-rice-pilaf,3934,3,15 minutes,15,15,5 no unattended-time word in the sentence,,"Reduce the heat to low, cover, and cook until the rice has absorbed the liquid and is tender, about 15 minutes.",no
