keep,word,proposed,flags,rank,n_sample,est_corpus,sample_1,sample_2
y,salad,dish,,1,7096,131938,Pistachio Salad,Marshmallow Salad
y,cake,dish,coarse,2,5933,110314,Rhubarb Coffee Cake,Banana Split Cake
y,pie,dish,,3,4110,76419,Toll House Pie,Cheeseburger Pie
y,soup,dish,,4,3658,68014,Carrie'S Cabbage Soup,Garden Patch Soup
y,casserole,dish,,5,3655,67959,Tuna Macaroni Casserole,Summer Squash Casserole
y,cookie,dish,,6,3248,60391,Toll House Cookies,Strawberry Cream Cheese Cookies
,chicken,ingredient,,7,2706,50314,Pepsi Chicken,Crock-Pot Chicken
y,bread,dish,dual-use,8,2355,43787,Pumpkin Bread,Pumpkin Bread
y,sauce,dish,dual-use,9,1916,35625,White Clam Sauce,Coney Island Sauce
y,dip,dish,dual-use,10,1839,34193,Caramel Dip,Fruit Dip
,potato,ingredient,,11,1313,24413,Scalloped Potatoes,Candied Sweet Potatoes
y,muffin,dish,,12,1280,23799,Biscuit Muffins,Blueberry Muffins
y,bar,dish,coarse,13,1133,21066,Toffee Bars,Cherry Pie Bars
y,pudding,dish,,14,1047,19467,Sour Cream Banana Pudding,Rice Pudding
y,roll,dish,coarse,15,1036,19263,Never Fail Rolls,3 Hour Sunday Rolls
y,sandwich,dish,coarse,16,979,18203,Vegetable Sandwiches,Turkey Barbecue(40 Mini Sandwiches)  
,rice,ingredient,,17,972,18073,Pepper Steak And Rice,Broccoli And Rice
y,stew,dish,,18,956,17775,Slavic Oven Stew,Chicken Stew
y,ball,dish,coarse,19,832,15470,Spinach Balls,Sausage Balls
,beans,ingredient,,20,810,15061,Baked Beans,Beefy Baked Beans
y,pizza,dish,,21,808,15023,Little Pizzas,Chocolate Pizza
,pasta,ingredient,,22,772,14354,Chicken Parmesan Pasta,Skillet Pasta
,bake,vague,,23,715,13294,Broccoli Bake,Chili Rellenos Bake
y,dressing,dish,dual-use,24,709,13183,Salad Dressing,French Dressing
y,steak,dish,,25,705,13108,Oven-Barbecued Round Steak,Flank Steak
y,chili,dish,,26,673,12513,Chili,Arizona Chicken Chili
y,cheesecake,dish,,27,659,12253,Cheeseless Cheesecake,The Best Cheesecake
y,pancake,dish,dual-use,28,656,12197,Grandma'S Potato Pancakes,Swiss Potato Pancakes
y,brownie,dish,,29,648,12048,Butterscotch Brownies,Chocolate Mint Brownies
,cream,ingredient,,30,632,11751,Layered Ice Cream,Nonfat Dry Milk Sour Cream
y,chop,dish,coarse,31,614,11416,Glorified Pork Chops,Hungarian Pork Chops
y,tart,dish,,32,594,11044,Pecan Tarts,Gizzadas(Jamaican Coconut Tart)  
y,burger,dish,,33,583,10840,Pizza Burgers,Skillet Burgers
y,loaf,dish,coarse,34,539,10022,Pepperoni Loaf,Yum Yum Meat Loaf
,cheese,ingredient,,35,539,10022,Mac And Cheese,Macaroni And Cheese
,dessert,vague,,36,520,9669,Robert Redford Dessert,Leche Flan(Dessert)  
y,punch,dish,,37,519,9650,Easy Punch,Shower Punch
,egg,ingredient,,38,475,8832,Raw Eggs On Toast,Sour Cream Deviled Eggs
y,meatball,dish,dual-use,39,462,8590,Sweet And Sour Meatballs,Barbecue Meatballs
y,lasagna,dish,,40,449,8348,Mexican Lasagna,One Pot Lasagna
y,biscuit,dish,dual-use,41,446,8293,Wholesome Oatmeal Biscuits,Sausage And Cheese Biscuits
y,smoothie,dish,,42,443,8237,Fruit Smoothies,Pink Smoothie
,salmon,ingredient,,43,436,8107,Scalloped Salmon For Two,Canned Salmon
y,cupcake,dish,,44,433,8051,Surprise Cupcakes,Wacky Cupcakes
,shrimp,ingredient,,45,432,8032,Pan Sauteed Spicy Shrimp,"Cajun ""Barbecued"" Shrimp"
y,square,dish,coarse,46,430,7995,Pecan Pie Squares,Spinach Squares
y,fudge,dish,,47,427,7939,Fudge,Peanut Butter Fudge
y,salsa,dish,dual-use,48,420,7809,Salsa,Chi Chi'S Mild Salsa
y,chowder,dish,,49,403,7493,Corn Chowder,Split Pea Chowder
y,roast,dish,dual-use,50,392,7289,Mushroom Pot Roast In Red Wine,Slow Cooker Barbecue Pot Roast
y,spread,dish,,51,383,7121,Vegetable Spread,Olive Spread
,mix,vague,,52,364,6768,Party Mix,Hot Chocolate Mix
,beef,ingredient,,53,339,6303,Worm Meat(Shredded Barbecue Beef)  ,Carbonnade Of Beef
,breast,ingredient,,54,332,6173,Baked Chicken Breast,Baked Chicken Breasts
y,toast,dish,,55,326,6061,Peanut Butter French Toast,Peanut Butter And Marshmallow Toast
y,quiche,dish,,56,320,5950,Mini Spinach Quiches,Appetizer Quiche
,pork,ingredient,,57,318,5913,Beer Stew(Pork)  ,Ginger Pork
y,crisp,dish,coarse,58,317,5894,Speedy Apple Crisp,Apple Crisp
,spaghetti,ingredient,,59,316,5875,Chicken Spaghetti,Easy Spaghetti
y,cobbler,dish,,60,313,5820,Peach Cobbler,Lemon Cobbler
y,frosting,dish,,61,313,5820,Cream Cheese Frosting,Quick Caramel Frosting
,noodles,ingredient,,62,311,5783,Fried Noodles,Noodles With Mushrooms
y,curry,dish,,63,302,5615,Pakistani Chicken Curry,Easy Chicken Curry
,corn,ingredient,,64,300,5578,Scalloped Corn,Mexican Corn
y,taco,dish,,65,290,5392,Indian Tacos,Turkey Tacos
,mushroom,ingredient,,66,288,5355,Potatoes And Mushrooms,Mushrooms
y,slaw,dish,,67,285,5299,Italian Cole Slaw,Freezer Slaw
y,pickle,dish,,68,282,5243,Crisp Bread And Butter Pickles,Pear Pickles
,pepper,ingredient,,69,280,5206,Auntie Mickey'S Italian Stuffed Peppers,Tuna Stuffed Bell Peppers
y,cornbread,dish,,70,274,5095,Cajun Crawfish Cornbread,Texas Style Cornbread
y,ribs,dish,,71,271,5039,Short Ribs,Barbecue Ribs
y,wings,dish,,72,271,5039,Buffalo Wings,Polynesian Chicken Wings
,delight,vague,,73,264,4909,Dieter'S Delight,Butterfinger Delight
y,wrap,dish,coarse,74,264,4909,Pickle Wraps,Sausage Lasagna Wraps
y,meatloaf,dish,,75,259,4816,Meatloaf,Barbecued Meatloaf
,tomato,ingredient,,76,256,4760,Stuffed Cherry Tomatoes,Tomatoes With Corn Pudding
y,enchilada,dish,,77,255,4741,Enchiladas,Creamy Chicken Enchiladas
y,dumpling,dish,,78,252,4686,Dumplings,Never Fail Dumplings
y,relish,dish,dual-use,79,250,4648,Zucchini Relish,Corn Relish
,carrot,ingredient,,80,250,4648,Glazed Carrots,Arame (Sea Vegetable) And Carrots
y,risotto,dish,,81,248,4611,Smoked Turkey Risotto,Chicken Mushroom Risotto
y,gratin,dish,,82,247,4593,Chicken And Broccoli Au Gratin,"Potatoes, Onion, Mushroom Au Gratin"
,bite,vague,,83,240,4462,Barbecue Meatball Bites,Pita Pizza Bites
,vegetable,ingredient,,84,236,4388,Primavera Vegetables With Linguine,Pickled Vegetables
,cup,vague,,85,232,4314,Fey Family Fruit Cups,Mom'S Frozen Fruit Cups
,tenderloin,ingredient,,86,231,4295,Marinated Pork Tenderloin,Pork Tenderloins
,tea,ingredient,,87,228,4239,Instant Spiced Tea,Hot Apple Spiced Tea
y,cocktail,dish,,88,224,4165,Shrimp Cocktail,V-8 Tomato Cocktail
y,scone,dish,,89,222,4128,Scotch Scones,Cream Scones
,squash,ingredient,,90,219,4072,Sylvia'S Stuffed Acorn Squash,Pickled Squash
,butter,ingredient,,91,218,4053,Apple Butter,Pumpkin Butter
y,mousse,dish,,92,213,3960,Frozen Peach Mousse,Salmon Loaf Mousse
y,candy,dish,,93,213,3960,Rocky Road Candy,Strawberry Candy
y,crust,dish,,94,212,3942,Freezer Pie Crust,Rice Krispies Crust For Ice Cream Pie
y,stir-fry,dish,,95,210,3905,Hawaiian Stir-Fry,Venison Stir-Fry
y,marinade,dish,dual-use,96,205,3812,Easy Marinade,Flank Steak Marinade
,fish,ingredient,,97,198,3681,Dieters Fish,Smoked Fish
,cabbage,ingredient,,98,194,3607,Red Cabbage,German-Style Red Cabbage
y,stuffing,dish,,99,194,3607,Bread Stuffing For Turkey,Oyster Stuffing
y,souffle,dish,,100,193,3589,Cranberry Souffle,Potato Souffle
y,dough,dish,,101,191,3551,Fun Dough,Play Dough
,dish,vague,,102,190,3533,Egg And Cheese Brunch Dish,Yam And Sweet Potato Dish
y,waffle,dish,,103,183,3403,Raised Waffles,Bisquick Waffles
y,puff,dish,coarse,104,183,3403,Spinach Puffs,Cheese Puff
y,frittata,dish,,105,180,3347,Gilda'S Italian Omelet(Frittata)  ,Garden Frittata
y,fritter,dish,,106,178,3310,Cheese Fritters,Vegetable Fritters
y,jam,dish,dual-use,107,176,3272,Apricot-Pineapple Jam,Kristen'S Strawberry Jam
y,patty,dish,,108,175,3254,Cheese Patties With Pecans,Eggplant Patties
,asparagus,ingredient,,109,171,3179,Asparagus Supreme,Almond Asparagus
y,torte,dish,,110,169,3142,Cranberry Torte,Strawberry Brownie Torte
y,stroganoff,dish,style-not-form,111,168,3124,Jiffy Beef Stroganoff,Easy Beef Stroganoff
,turkey,ingredient,,112,168,3124,Chicken Pie (Or Turkey),Barbecue Turkey
,sausage,ingredient,,113,168,3124,Boudin Or Cajun Sausage,Beef Summer Sausage
,lamb,ingredient,,114,168,3124,Roast Spring Lamb,*Lamb With Orzo(Ghela Cu Manestra)  
y,gravy,dish,dual-use,115,164,3049,Chopped Sirloin And Mushroom Gravy,Delicious Meatballs And Gravy
,dinner,vague,,116,162,3012,Sausage And Salsa Skillet Dinner,Six Layer Dinner
,scallop,ingredient,,117,161,2994,Microwave Scallops In Mushroom-Cream Sauce,Broiled Scallops
,skillet,vague,,118,161,2994,Pork Chop And Potato Skillet,Beef Stew(Electric Skillet)  
,bowl,vague,,119,159,2956,Spinach Dip Bread Bowl,Fruit Bowl
,appetizer,vague,,120,157,2919,Light Confetti Appetizer,Crunchy Pickle And Ham Appetizer
,broccoli,ingredient,,121,157,2919,Chicken And Broccoli,Foolproof Beef And Broccoli
,onion,ingredient,,122,156,2901,Stuffed Onions,Fried Squash And Onions
y,quesadilla,dish,,123,156,2901,Broccoli Quesadilla,Quesadillas
y,crepe,dish,,124,150,2789,Molly'S Seafood Crepes,Crepes
,apple,ingredient,,125,149,2770,Carrots And Apples,Microwave Caramel Apples
y,vinaigrette,dish,dual-use,126,147,2733,Black-Eyed Peas Vinaigrette,Another Basic Vinaigrette
,sprouts,ingredient,,127,144,2677,California Style Brussels Sprouts,Brussels Sprouts With Almonds
y,bun,dish,,128,143,2659,Raisin Or Currant Buns,Sandy'S Sticky Buns
y,shake,dish,,129,143,2659,Lo-Fat Strawberry Shake,Banana Shake
y,icing,dish,,130,142,2640,Decorating Icing,German Chocolate Icing
y,fries,dish,,131,141,2622,Cheese Fries,Hot Fries
,ring,vague,,132,139,2584,Celery Ring,Creamy Raspberry Ring
,pea,ingredient,,133,139,2584,Shrimp And Peas With Linguine,Party Peas
,chocolate,ingredient,,134,139,2584,Creamy Hot Chocolate,Hot Chocolate
,fry,vague,,135,139,2584,Pineapple Chicken Stir Fry,Brown Rice Veggie Stir Fry
,ham,ingredient,,136,137,2547,South Maryland Stuffed Ham,Zesty Grilled Ham
y,hash,dish,,137,137,2547,Heavenly Hash,Texas Hash
,chips,ingredient,,138,135,2510,Buffalo Chips,7 Calorie Pita Chips
y,pilaf,dish,,139,132,2454,Carrot Pilaf,Chicken-Rice Pilaf
y,kabob,dish,,140,130,2417,Beef Kabobs,Sirloin Kabobs
y,burrito,dish,,141,130,2417,Mock Burrito,Alavna'S E Z Burritos
,treat,vague,,142,129,2399,Caramel Crispy Treats,Crab Treats
y,coleslaw,dish,,143,128,2380,Green And Red Coleslaw,Shirley'S Coleslaw
y,parfait,dish,,144,127,2361,Luscious Lime-Berry Parfait,Pumpcream Parfait
,stuffed,vague,,145,126,2343,Pork Tenderloin Stuffed With Sausage,Potatoes Stuffed With Turkey Ham
y,granola,dish,dual-use,146,126,2343,Granola,John'S Olde Timey Granola
y,pesto,dish,dual-use,147,125,2324,Stephan'S Broiled Salmon Pesto,Dandelion Pesto
y,trifle,dish,,148,123,2287,Chocolate Trifle,Black Forest Trifle
y,sorbet,dish,,149,123,2287,Green Apple Sorbet,Peach-Champagne Sorbet
y,truffle,dish,,150,122,2268,Mocha Truffles,Pumpkin Truffle
y,custard,dish,,151,121,2250,Egg Custard,Coconut Custard
y,skewer,dish,,152,121,2250,Asian Steak Skewers,Easy Beef Heart Skewers
y,filling,dish,,153,120,2231,Pecan Pie Filling,Pineapple Cake Filling
y,penne,dish,,154,119,2213,Chicken Penne,Penne With Spicy Vodka Tomato Cream Sauce
y,hummus,dish,dual-use,155,116,2157,Split Pea Hummus,Hummus
y,chutney,dish,dual-use,156,116,2157,Pineapple Chutney,Peach Chutney
,cauliflower,ingredient,,157,115,2138,Parmesan Cauliflower,Baked Curried Cauliflower
,brisket,ingredient,,158,114,2120,Barbecue Brisket,Barbecued Brisket
y,roll-up,dish,,159,113,2101,Chicken Roll-Ups,Burrito Roll-Ups
,fillet,ingredient,,160,113,2101,Tomato-Topped Fish Fillets,Fish Fillet With Spinach
,pot,vague,,161,113,2101,Bean Pot For A Crowd,Mexicali Bean Pot
y,bruschetta,dish,,162,113,2101,Bruschetta,Bruschetta
,zucchini,ingredient,,163,112,2082,Sauteed Zucchini With Raisins,Elegant Zucchini
y,omelet,dish,,164,112,2082,Okra Omelet,Sausage Omelet
,dog,vague,,165,112,2082,Bourbon Hot Dogs,Corn Dog
y,syrup,dish,dual-use,166,112,2082,Table Syrup,Spiced Apple Syrup
y,melt,dish,coarse,167,111,2064,English Cheese Melts,Open-Faced Vegetable Melt
,parmesan,ingredient,,168,110,2045,Eggplant Parmesan,20 Minute Chicken Parmesan
,shell,vague,,169,109,2027,Turtle Shells,Beef-Filled Macaroni Shells
,tofu,ingredient,,170,109,2027,Scrambled Tofu,Tofu With Ginger Peanut Sauce
y,margarita,dish,,171,109,2027,Beer Margaritas,Martin'S Margarita
,pop,vague,,172,107,1989,Frozen Pops,Peanut Butter Pops
y,joe,dish,,173,106,1971,Sloppy Joes For 60,Sloppy Joes
y,guacamole,dish,,174,105,1952,Guacamole,Great Guacamole
y,biscotti,dish,,175,104,1934,Anise Almond Biscotti,Jamaica Orange Amaretto Biscotti
,crunch,vague,,176,103,1915,Apple Crunch,Rhubarb Crunch
,greens,ingredient,,177,103,1915,Collard Greens,Top Of The Mountain Poke Salate Greens
y,gumbo,dish,,178,102,1897,Easy Chicken Gumbo,Cajun Gumbo
y,lemonade,dish,,179,102,1897,Fresh And Frosty Lemonade,Overnighter Fresh Lemonade
y,fondue,dish,,180,102,1897,Quick Cheese Fondue,Pizza Fondue
y,brittle,dish,,181,102,1897,Peanut Brittle,Peanut Brittle
y,oatmeal,dish,dual-use,182,102,1897,Creamy Oatmeal,Baked Oatmeal
y,couscous,dish,dual-use,183,101,1878,Moroccan Chicken And Whole Grain Couscous,Baked Couscous With Tomato And Pesto
,stick,vague,,184,100,1859,Sweet Pickle Sticks,Sweet Pickle Sticks
,slice,vague,,185,99,1841,Bacon-Cheese Cucumber Slices,Bohemian Peach Slices
y,pastry,dish,,186,99,1841,Crisco Pastry For Double Crust,Stir And Roll Pastry
y,linguine,dish,,187,99,1841,Chicken Linguine,Tomato And Basil Linguine
,mold,vague,,188,98,1822,Orange Fruit Mold,Shrimp Mold
y,topping,dish,,189,98,1822,Broiled Coconut Topping,Grandma'S Lazy Daisy Cake Topping
y,alfredo,dish,style-not-form,190,97,1804,Fettuccine Alfredo,Clete'S Fettuccine Alfredo
y,jelly,dish,dual-use,191,97,1804,Dandelion Jelly,Rex Jelly
,coffee,ingredient,,192,97,1804,Ice Coffee,Hot Buttered Coffee
y,kebab,dish,,193,97,1804,Kebab With Eggplant(Lebanese)  ,Beef Shish Kebabs For Freezer Cooking
y,bisque,dish,,194,96,1785,Crab Meat Bisque,Lobster Bisque
,free,vague,,195,95,1766,Frog'S Eye Salad(May Be Prepared Fat Free)  ,Orange Delight - Fat Free
y,popcorn,dish,,196,92,1711,Oven Caramel Popcorn,Good And Easy - Caramel Popcorn
,eggplant,ingredient,,197,92,1711,Baked Stuffed Eggplant,Scalloped Eggplant
y,cracker,dish,dual-use,198,91,1692,Crunchy Graham Crackers,Ranch Style Snack Crackers
,spinach,ingredient,,199,91,1692,A Crock Of Spinach,*Baked Spinach
y,nachos,dish,,200,90,1673,Santa Fe Nachos,Nachos
y,shortcake,dish,,201,90,1673,Berry Shortcake,Broccoli-Ham Shortcake
y,fettuccine,dish,,202,90,1673,Buttered Fettuccine With Shrimp,Sicilian-Style Meatballs And Fettuccine
y,pinwheel,dish,,203,88,1636,Tortilla Pinwheels,Liverwurst Pinwheels
y,jambalaya,dish,,204,88,1636,Texas Jambalaya,Shrimp Jambalaya
y,doughnut,dish,,205,88,1636,Molasses Doughnuts,Doughnuts
y,polenta,dish,dual-use,206,88,1636,Creamy Parmesan Polenta,Oven Polenta
y,grits,dish,,207,87,1618,Baked Grits,Pimento Cheese Baked Grits
y,stock,dish,dual-use,208,87,1618,Vegetable Stock *,Basic Beef Stock
,ever,vague,,209,86,1599,Easiest Chicken And Dumpling Recipe Ever,The Greatest Brisket Ever
,snack,vague,,210,85,1580,Easy Nachos(Kids Snacks)  ,Pinwheel Snacks
y,tortilla,dish,,211,84,1562,Flour Tortillas,Cream Cheese Tortillas
,beet,ingredient,,212,84,1562,Sweet And Sour Beets,Sour Cream Beets
y,saute,dish,,213,82,1525,Italian Garden Saute,Chicken Broccoli Vegetable Saute
y,glaze,dish,dual-use,214,82,1525,Cake Or Pie Glaze,Pineapple Glaze For Ham
y,rub,dish,dual-use,215,82,1525,Traditional Rub For St. Louis Ribs,Mah'S Jerk Rub
,tuna,ingredient,,216,81,1506,Chopstick Tuna,Confetti Tuna In Celery Sticks
y,crostini,dish,,217,80,1487,Manchego And Serrano Crostini,Prosciutto & Sage Crostini
y,shortbread,dish,,218,79,1469,Scotch Shortbread,Scottish Shortbread
y,martini,dish,,219,79,1469,Thai Basil Martini,Big Apple Martini
y,cutlet,dish,,220,78,1450,Swiss Chicken Cutlets,Breaded Turkey Cutlets
,cider,ingredient,,221,77,1432,Hot Mulled Cider,Coss Hot Cider
,drink,vague,,222,77,1432,Fresh Citrus Cooler(Spa Drink)  ,Orange Julius Drink
,bacon,ingredient,,223,77,1432,Apples And Bacon,Water Chestnuts And Bacon
y,sangria,dish,,224,76,1413,Olive Garden Sangria,Sangria For A Crowd
y,ravioli,dish,,225,76,1413,Won Ton Mushroom Ravioli With Mushroom Sauce,Inside-Out Ravioli
,serve,vague,,226,75,1394,Raspberry Nut Perfection(Serves 8)  ,Sour Cream Noodle Bake(Serves 6)  
,toss,vague,,227,75,1394,Italian Deli Ziti Toss,Cheddar-Pasta Toss
y,gnocchi,dish,,228,75,1394,Gnocchi,Wasabi Pea Gnocchi
,thigh,ingredient,,229,75,1394,Crispy Panko Chicken Thighs,Juicy Asian Steamed Chicken Thighs
y,strata,dish,,230,74,1376,"Sausage, Egg And Cheese Strata",Sausage Strata
,medley,vague,,231,74,1376,Mushroom Medley,Cauliflower And Broccoli Medley
,cod,ingredient,,232,74,1376,Parmesan Baked Cod,Baked Cod
y,lasagne,dish,,233,73,1357,Cheesy Lasagne,Zucchini Lasagne
,yogurt,ingredient,,234,73,1357,Whipped Honey Lemon Yogurt,Homemade Yogurt In A Thermos
y,gazpacho,dish,,235,73,1357,Gazpacho,Jellied Gazpacho
,cucumber,ingredient,,236,72,1339,Frozen Cucumber,Sweet-Sour Cucumbers
y,goulash,dish,,237,72,1339,Girl Scout Goulash,Mom'S Goulash
,oyster,ingredient,,238,72,1339,Scalloped Oysters,Scalloped Corn And Oysters
,pecan,ingredient,,239,71,1320,Pecan Supreme,Candied Pecans
,juice,ingredient,,240,71,1320,Hot Spiced Apple Juice,Tomato Juice
,mussel,ingredient,,241,71,1320,Bob'S Mussels,Mussels In Cilantro & Serrano Cream
,vegan,vague,,242,71,1320,"Medium Cheddar Cheese Sauce (Live, Raw, And Vegan)",Teese Baked Mac & Cheese (Vegan)
y,puppy,dish,,243,70,1302,Hush Puppies,Hush Puppies
y,fajita,dish,,244,70,1302,Beef And Chicken Fajitas,Fajitas
,loin,ingredient,,245,70,1302,Stuffed Venison Loin,Cajun Pork Loin
y,hamburger,dish,,246,69,1283,Chinese Hamburger,Barbecued Hamburger
y,mayonnaise,dish,dual-use,247,69,1283,3 Minute Mayonnaise,Red Pepper Mayonnaise
,hen,ingredient,,248,68,1264,Cornish Hens With Wild Rice Casserole,Baked Cornish Hen With Honey Sauce
,primavera,vague,,249,68,1264,Chicken Primavera,Shrimp Primavera
y,macaroon,dish,,250,68,1264,Chocolate Almond Macaroon,"Cornflake ""Macaroons"""
y,sundae,dish,,251,68,1264,Fresh Fruit Sundae,Strawberry Sundae
,made,vague,,252,68,1264,Vegetable Soup Made With Ground Beef,Methodist Punch Made For Presbyterians
y,puree,dish,dual-use,253,68,1264,Prune Puree,Frozen Zucchini Puree
y,crumble,dish,,254,67,1246,Rhubarb Crumble,Apple Crumble
,surprise,vague,,255,67,1246,Cheddar Chicken Surprise,Bean Surprise
,cooler,vague,,256,67,1246,Pineapple-Orange Cooler,Madress Cooler
,pear,ingredient,,257,66,1227,Ginger Pears,Pickled Pears
y,croquette,dish,,258,66,1227,Salmon Croquettes,Easy Salmon Croquettes
,tilapia,ingredient,,259,66,1227,Almond-Crusted Tilapia,Baked And Poached Tilapia
y,cacciatore,dish,style-not-form,260,65,1209,Easy Chicken Cacciatore,Chicken Cacciatore
,snapper,ingredient,,261,65,1209,Chocolate Mint Snappers,Caramel Snappers
,fruit,ingredient,,262,65,1209,Brandied Fruit,Perpetual Pot Of Fruit With Rum Or Brandy
y,brulee,dish,,263,65,1209,Burnt Cream Brulee,Creme Brulee
,supper,vague,,264,63,1171,Hobo Supper,Tex'S Economy Supper
,drop,vague,,265,62,1153,Prune Oat Drops,Big Brownie Oatmeal Drops
,strawberry,ingredient,,266,62,1153,Miniature Fruit Strawberries,Spiked Strawberries
,slush,vague,,267,61,1134,Fruit Slush,Fruit Slush
,peach,ingredient,,268,61,1134,Spiced Peaches,Broiled Peaches
y,slider,dish,,269,61,1134,Turkey Sliders,"Bacon, Egg, And Pimento Cheese Breakfast Sliders"
,nut,ingredient,,270,60,1116,Toasted Mixed Nuts,Spiced Nuts
,breakfast,vague,,271,60,1116,No Fry French Toast(Served At Prayer Breakfast)  ,Paris Breakfast
,wedge,vague,,272,60,1116,Crunchy Potato Wedges,Crispy Parmesan Potato Wedges
,halibut,ingredient,,273,60,1116,Grilled Halibut,Herbed Baked Halibut
,lentil,ingredient,,274,60,1116,Bean Pot Baked Lentils,Slow Cooker Mild Curry Split Black Lentils
y,compote,dish,,275,59,1097,Hot Fruit Compote,Amaretto Compote
y,tiramisu,dish,,276,59,1097,Raspberry Peach Tiramisu,Tiramisu
y,macaroni,dish,,277,58,1078,Crock-Pot Macaroni,Over The Stove Macaroni
,log,vague,,278,58,1078,Cheese Logs,Salmon Log
y,bark,dish,,279,58,1078,White Chocolate Bark,Chocolate Covered Pretzels Or White Almond Bark
y,pretzel,dish,,280,58,1078,Ranch Pretzels,Soft Pretzels
,strip,vague,,281,58,1078,Zesty Carrot Strips,Marinated Pork Strips
,serving,vague,,282,57,1060,Bread Pudding(Makes 6 Servings)  ,Baked Pineapple Chicken(6 Servings)  
,finger,vague,,283,57,1060,Corn Fingers,Steak Fingers
y,pate,dish,dual-use,284,57,1060,Crab Pate,Chicken Liver Pate
y,sparerib,dish,,285,56,1041,Spareribs In A Bag,Chinese Style Spareribs
y,flan,dish,,286,56,1041,Brandied Caramel Flan,Flan
y,milkshake,dish,,287,56,1041,Chocolate Peanut Butter Milkshake,Strawberry Banana Milkshake
y,tetrazzini,dish,style-not-form,288,55,1023,Turkey Tetrazzini,Chicken Tetrazzini
,way,vague,,289,55,1023,German Veranicks(Easy Way)  ,"""Frozen Strawberries Aram Yesh'S Way"""
y,mein,dish,style-not-form,290,55,1023,Chicken Chow Mein,Chicken Chow Mein
y,pita,dish,,291,55,1023,Sausage Pitas,Turkey And Roast Beef Pita
,verde,vague,,292,55,1023,Chili Verde,Chili Verde
,milk,ingredient,,293,55,1023,Eagle Brand Milk,Sweetened Condensed Milk
y,tartlet,dish,,294,55,1023,Cheese Tartlets,Lemon Berry Tartlets
,quinoa,ingredient,,295,55,1023,Coconut Quinoa With Harissa-Roasted Sweet Potatoes,Quinoa With Chickpeas And Tomatoes
y,galette,dish,,296,55,1023,Tomato And Feta Galette,Apple Marzipan Galette
y,snickerdoodle,dish,,297,54,1004,Snickerdoodles,Snickerdoodles
y,omelette,dish,,298,54,1004,24 Hour Omelette,Omelette
y,minestrone,dish,,299,54,1004,Minestrone,Minestrone
y,carbonara,dish,style-not-form,300,54,1004,Spaghetti Carbonara,Fettuccine Carbonara
,caramel,ingredient,,301,53,985,Brazil Nut Caramels,Caramels
,okra,ingredient,,302,53,985,Crispy Fried Okra,Fried Okra
,easy,vague,,303,53,985,Baked Beans (Easy),Turkey Rolls(Quick And Easy)  
,microwave,vague,,304,52,967,Cream Pie And Pudding(Microwave)  ,Penuche(Microwave)  
y,ziti,dish,,305,52,967,"Quick And Easy ""Lite"" Baked Ziti",Ziti With Scallops And Peppers
y,meringue,dish,,306,52,967,Meringue,Creamy Lemon Meringue
y,blondie,dish,,307,52,967,Blondies,Coconut Pecan Blondies
y,orzo,dish,,308,52,967,"Smoked Sausage, Kale And Orzo",Greek Orzo With Feta
y,ceviche,dish,,309,52,967,Salmon Ceviche,Vegan Hearts Of Palm Ceviche
,prawn,ingredient,,310,52,967,Thai-Style Grapefruit And Prawn,Broiled Lemon And Garlic Tiger Prawns
y,manicotti,dish,,311,51,948,Vegetable Manicotti,Stuffed Manicotti
y,seasoning,dish,dual-use,312,51,948,Salt Free Diet Seasoning,Cajun Or Creole Seasoning
y,gingerbread,dish,,313,51,948,Buttermilk Gingerbread,Ginny'S Gingerbread
,jello,brand,,314,51,948,Finger Jello,Strawberry Jello
,machine,vague,,315,51,948,Rolls Using Bread Machine,Light Spelt  Herb Bread (Bread Machine)
y,flatbread,dish,,316,51,948,Flatbread,Stovetop Grilled Mint Flatbreads
y,nugget,dish,,317,50,930,Sesame Chicken Nuggets,Sweet-N-Sour Chicken Nuggets
,banana,ingredient,,318,50,930,Coconut Bananas,Heavenly Bananas
,baked,vague,,319,50,930,Chicken Baked In White Wine,Beef Baked In Foil
,trout,ingredient,,320,50,930,Broiled Trout,Trout With Hazelnuts
y,fruitcake,dish,,321,50,930,Noreen'S Fruitcake,Icebox Fruitcake
,artichoke,ingredient,,322,50,930,Artichokes With Mustard Sauce,Stuffed Artichokes With Roasted Pecans
y,paella,dish,,323,50,930,Easy Skillet Paella,Skillet Chicken Paella
y,donut,dish,,324,49,911,Fun Donuts,Donuts
y,panini,dish,,325,49,911,Hatch Chile Turkey Panini,"Bacon, Apple And Brie Panini"
y,praline,dish,,326,48,892,Queen'S Pralines,Sesame Pralines
,pineapple,ingredient,,327,48,892,Baked Pineapple For Baked Ham,Baked Pineapple
,bass,ingredient,,328,48,892,Chilean Sea Bass,Chinese Steamed Sea Bass
,version,vague,,329,48,892,Banana  Bread(Low Fat Version)  ,Cheese Potato And Onion Pie(English Version)  
y,paste,dish,dual-use,330,48,892,Library Paste,Cornstarch Paste
,twist,vague,,331,47,874,Honey Twists,Sour Cream Twists
,sauerkraut,ingredient,,332,46,855,Spareribs And Sauerkraut,Pete'S Sauerkraut
,creole,vague,,333,46,855,Chicken Creole,Shrimp Creole
,veggie,vague,,334,46,855,Veggies With Horseradish Cream,Stir-Fry Veggies
y,scampi,dish,,335,46,855,Shrimp Scampi,Halibut Scampi
,meal,vague,,336,46,855,Pork Chop Skillet Meal,Lo-Cal Meal
,clam,ingredient,,337,46,855,Salsa Di Vongoli(Spaghetti And Clams)  ,Deviled Clams
,marsala,vague,,338,46,855,Chicken Marsala,Veal Or Chicken Marsala
,florentine,vague,,339,46,855,Flounder Florentine,Pasta Florentine
,shank,ingredient,,340,46,855,Lambrosian Shanks,Superb Lamb Shanks
y,eggnog,dish,,341,45,837,Eggnog,Tom'S Perfect Eggnog
,cluster,vague,,342,45,837,Chocolate Peanut Clusters,Peanut Clusters
,brie,ingredient,,343,45,837,Candied Brie,Brie In Puffed Pastry
,fat,ingredient,,344,45,837,Minestrone Soup(No Cholesterol; No Fat)  ,"Fudgy Brownies(Quick, Low Saturated Fat)  "
,pocket,vague,,345,45,837,Ham And Cheese Pockets,Chicken Salad Pockets
y,empanada,dish,,346,45,837,Valencian Savory Empanadas,Empanada Dough Recipe - Masa Para Empanadas
,up,vague,,347,44,818,Ham Roll Ups,Strawberry Fill Ups
y,turnover,dish,,348,44,818,Peach Turnovers,Turnovers
,catfish,ingredient,,349,44,818,Fried Catfish,Quick Cajun Catfish
y,focaccia,dish,,350,44,818,"Baked "" Bread Machine"" Focaccia With The Works",Easy Grilled Focaccia
y,marmalade,dish,,351,43,800,Sweet Red Pepper Marmalade,Peach Marmalade
,swordfish,ingredient,,352,42,781,Honey-Mustard Swordfish,Grilled Swordfish With Fresh Tomato-Herb Salsa
,stack,vague,,353,42,781,Chili Stacks,Fish Stacks
,drumstick,ingredient,,354,42,781,Baked Turkey Drumsticks,Honey Dijon Drumsticks
y,tagine,dish,,355,42,781,"Chicken Tagine From Morocco(Tagine Means ""Stew"")  ",Moroccan Fish Tagine
,masala,vague,,356,42,781,Chicken Tikka Masala,Paneer Butter Masala
y,barbecue,dish,,357,41,762,Chinese Spareribs (Barbecue),Barbecue
,olive,ingredient,,358,41,762,Spiced Olives,Cherry Tomatoes And Olives
,divan,vague,,359,40,744,Chicken Divan,Chicken Divan
y,tostada,dish,,360,40,744,Tostadas,Butternut Tostada
,round,vague,,361,40,744,Pretzel Rounds,Pizza Rounds
y,rigatoni,dish,,362,40,744,Rigatoni With Sausage,Rigatoni With Ham Sauce
,wrapped,vague,,363,40,744,Winnies Wrapped In Bacon,Meatballs Wrapped In Bacon
y,popsicle,dish,,364,40,744,Strawberry Popsicles,Nutella® Popsicles®
y,creme,dish,,365,40,744,Irish Creme,Napoleon Cremes
,popper,vague,,366,40,744,Loaded Stuffed Jalapeno Poppers,Baked Jalapeno Poppers
,copycat,vague,,367,40,744,Girl Scout Mint Cookies (Copycat),Popeye'S Fried Chicken - Copycat
y,popover,dish,,368,39,725,English Popovers,Popovers
,brown,vague,,369,39,725,Cheezy Hash Browns,Scalloped Hash Browns
,mustard,ingredient,,370,39,725,Beer Mustard,Lamb Mustard
y,bagel,dish,,371,39,725,Pizza Bagels,Bagels I
,boat,vague,,372,39,725,Supper Boats,Potato Boats
y,strudel,dish,,373,39,725,Apple Strudel,Apple Strudel
y,kugel,dish,,374,39,725,Yolanda'S Passover Apple Kugel *,Spinach Noodle Kugel
y,broth,dish,dual-use,375,39,725,Authentic Scotch Broth,Krauter Klosschen(Meat Broth With Herb Dumplings)  
y,granita,dish,,376,39,725,Watermelon Granita With Sweet Lemon Cream,Fresh Ginger Granita
,fluff,vague,,377,38,707,Lemon Fluff,Pineapple Pistachio Fluff
,crab,ingredient,,378,38,707,Crab On Deck,Hot Creamed Crab
y,calzone,dish,,379,38,707,Vegetarian Calzones,Carrie'S Spinach And Cheese Calzone
,oil,ingredient,,380,38,707,Pepper Oil,Broccoli Aglio Olio (With Garlic And Olive Oil)
,thai,vague,,381,38,707,Shrimp Pad Thai,Authentic Pad Thai
y,wafer,dish,,382,37,688,Cheese Wafer,Cheese Wafers
,bleu,vague,,383,37,688,Baked Flounder Cordon Bleu,Chicken Cordon Bleu
y,parmigiana,dish,style-not-form,384,37,688,Eggplant Parmigiana,Sal'S Eggplant Parmigiana
,liver,ingredient,,385,37,688,Vegetarian Chopped Liver *,Liver With Onions
y,mojito,dish,,386,37,688,Summertime Strawberry Mojito,Fruity Mojitos
,kale,ingredient,,387,37,688,Kale With Pine Nuts And Shredded Parmesan,Aoc'S Long Cooked Cavolo Nero (Tuscan Kale)
,chickpea,ingredient,,388,37,688,Pakistani Spicy Chickpeas,Tasty Chickpeas
y,tortellini,dish,,389,36,669,Judy'S Vegetable Tortellini,Tortellini In Cream Sauce
,blossom,vague,,390,36,669,Onion Blossoms,Peanut Butter Blossoms
,duck,ingredient,,391,36,669,Stuffed Wild Duck,Baked Duck
,meat,ingredient,,392,36,669,Barbecue Meats,Taco Meat
y,fizz,dish,,393,36,669,Strawberry Iced Tea Fizz,Strawberry Yogurt Fizz
y,bolognese,dish,style-not-form,394,36,669,Veggie-Packed Bolognese,Red Wine Bolognese
,shoulder,ingredient,,395,35,651,Glazed Boston Shoulder,Deer Roast Or Shoulder
y,pavlova,dish,,396,35,651,Pavlova,Chef John'S Pavlova With Strawberries
y,latte,dish,,397,35,651,Spicy Chocolate Latte,Hot Chai Latte
y,cheeseburger,dish,,398,35,651,Mexcellent Cheeseburgers,Hot 'N Spicy Cheeseburgers
,special,vague,,399,34,632,W.W. Tuna And Bean Special,Souper Special
,good,vague,,400,34,632,Pineapple Sheet Cake(Easy And Good For Potlucks!)  ,Fruitcake Cookies(Very Good)  
,applesauce,ingredient,,401,34,632,Sugarless Applesauce,Chunky Applesauce
y,benedict,dish,style-not-form,402,34,632,Easy Eggs Benedict,Eggs Benedict
,medallion,ingredient,,403,34,632,Sweet Onion Pork Medallions,Beef Medallions With Fresh Horseradish Sauce
,teriyaki,vague,,404,33,614,Steak Teriyaki,Steak Teriyaki
,batter,ingredient,,405,33,614,Batter,Jamie'S Onion Ring Batter
,food,vague,,406,33,614,Grandma'S Red Devil'S Food,Tamale Pie(My Husband'S Favorite Food.)  
,low-fat,vague,,407,33,614,Raspberry Coffee Ring(Low-Fat)  ,No Bake Cheesecake(Low-Fat)  
,skin,vague,,408,33,614,Potato Skins,Crispy Salsa Potato Skins
,cooker,vague,,409,33,614,Vegetable Beef Soup(Slow Cooker)  ,Sausage Jambalaya(Rice Cooker)  
y,piccata,dish,style-not-form,410,33,614,Chicken Piccata,Pork Piccata
,leg,ingredient,,411,33,614,Tangy Chicken Legs,Oven Fried Chicken Legs
,favorite,vague,,412,32,595,Sweet And Sour Slaw(Teacher Favorite)  ,A Favorite Recipe
y,porridge,dish,,413,32,595,"Grandma Hillesland'S ""Romme Grod""(Cream Porridge)  ",Pentecostal Porridge
y,suey,dish,style-not-form,414,32,595,Baked Chop Suey,Chow Mein Chop Suey
,carne,vague,,415,32,595,Chili Con Carne,Chili Con Carne
,bundle,vague,,416,32,595,Green Bean Bundles,Burger Bundles
,blend,ingredient,,417,32,595,No-Salt Dried Herb Blend,Mil'S California Blend
,packet,vague,,418,32,595,Stuffed Green Peppers(Method:  Foil Packet)  ,Parmigiana Chicken Packets
y,sushi,dish,,419,32,595,Cucumber And Avocado Sushi,Sarah'S Special Sushi
,mary,vague,,420,32,595,Bill'S Bloody Mary,Creole Bloody Mary
y,wonton,dish,,421,32,595,Sausage Wontons,Applebee'S Chicken Wonton
y,jerky,dish,,422,31,576,Cuban Beef Jerky,Venison Jerky
,peanut,ingredient,,423,31,576,Chocolate Covered Peanuts,Candied Peanuts
,diabetic,vague,,424,31,576,Low-Fat Potato Salad(Diabetic Recipe)  ,Creamed Spinach(Diabetic)  
y,preserve,dish,dual-use,425,31,576,Fig - Strawberry Preserves,Strawberry Preserves
,heart,vague,,426,31,576,Sugar Cookie Hearts,Scalloped Tomatoes And Artichoke Hearts
,walnut,ingredient,,427,31,576,Spiced Walnuts,Port-Glazed Walnuts With Stilton
,tender,vague,,428,31,576,Deep Fried Chicken Tenders,Turkey Tenders
,crinkle,vague,,429,31,576,Chocolate Crinkles,Chocolate Crinkles
y,canape,dish,,430,31,576,Hot Crab Canapes,Mushroom Canapes
,lobster,ingredient,,431,31,576,Poor Man'S Lobster,Cheese Garlic Biscuits(Red Lobster)  
,caviar,ingredient,,432,31,576,Lone Star Caviar,Texas Caviar
y,croissant,dish,,433,31,576,Quick Croissants,Cream Cheese Filled Croissants
,leek,ingredient,,434,31,576,Creamed Leeks,Crab & Leeks Over Linguine
y,cotta,dish,style-not-form,435,31,576,Chef John'S Buttermilk Panna Cotta,Panna Cotta With Fresh Berries And Chocolate Sauce
y,satay,dish,style-not-form,436,31,576,Easy Chicken Satay,Thai Chicken Satay With Peanut Sauce
y,mash,dish,,437,31,576,"Avocado, Egg, And Crab Mash",Egg And Peach Mash
,sp,vague,,438,31,576,Roasted Cauliflower & Mashed Potato Bites #Sp5,Potato Stuffed Poblano Peppers #Sp5
y,linguini,dish,,439,30,558,Easy Clams And Linguini,Linguini With Scallops
y,chow,dish,,440,30,558,Chow Chow,Ripe Tomato Chow Chow
y,stromboli,dish,,441,30,558,Stromboli,Stromboli
,tip,vague,,442,30,558,Tasty Tipsy Tips,Easy Beef Tips
,mint,ingredient,,443,30,558,Cream Cheese Mints,Mints
,triangle,vague,,444,30,558,Sweet Tortilla Triangles,Spinach-Phyllo Triangles
,scramble,vague,,445,30,558,Scrambles,Cabbage Scramble
,pig,ingredient,,446,30,558,Quick Pigs In A Blanket,Pigs In A Blanket
,quail,ingredient,,447,30,558,Fried Quail,Quail With Mushrooms
y,ragout,dish,,448,30,558,Turkey Ragout,Venison Ragout
y,breadstick,dish,,449,30,558,Leigh'S Breadsticks,Buttery Breadsticks
,fix,vague,,450,30,558,Corned Beef Dish(Quick Fix)  ,Potato Crusted Catfish #5Fix
y,aioli,dish,,451,30,558,Easy Aioli,Quick And Easy Garlic Aioli
y,latke,dish,,452,29,539,Potato Latkes,Potato Latkes
y,curd,dish,dual-use,453,29,539,Bean Curd With Oyster Sauce,Lemon Curd
y,crescent,dish,,454,29,539,Spinach Crescents,Almond Crescents
,cherry,ingredient,,455,29,539,Cherries In The Snow,Chocolate-Covered Cherries
y,farfalle,dish,,456,29,539,Farfalle With Asparagus And Smoked Salmon,Grilled Chicken And Pesto Farfalle
y,ragu,dish,,457,29,539,Ravioli Beef Ragu,Spicy Italian Mexican Chili #Ragu
y,snowball,dish,,458,28,521,Chocolate (Star Cookie) Filled Snowballs,Lemon Snowballs
y,sherbet,dish,,459,28,521,Orange Sherbet,Apricot Sherbet
,ice,ingredient,,460,28,521,Lemon Ice,Italian Tangerine Ice
,vegetarian,vague,,461,28,521,Tuscan Cannellini Bean Soup (Vegetarian),Spinach Zucchini Lasagna (Vegetarian)
,italiano,vague,,462,27,502,Skillet Chicken Italiano,Baked Chicken Italiano
,mac,vague,,463,27,502,Chili Mac,Chili Mac
,kiss,vague,,464,27,502,Mini Kisses,Peanut Butter Kisses
y,gingersnap,dish,,465,27,502,Gingersnaps,Gingersnaps
y,ratatouille,dish,,466,27,502,Ratatouille,Ratatouille
,substitute,vague,,467,27,502,Salt Substitute,Sour Cream Substitute
,swirl,vague,,468,27,502,Katie'S Peanut Butter Swirl,Miniature Cinnamon Swirls
,soda,ingredient,,469,27,502,Orange Dream Soda,Ww 1 Point Ww Cake - Diet Soda
,garlic,ingredient,,470,27,502,Roast Garlic,Grilled Green Garlic
,avocado,ingredient,,471,27,502,Chicken Blt By Avocados From Mexico,Avocado With Scrambled Eggs
y,tatin,dish,style-not-form,472,27,502,Grape Tarte Tatin,Peach Tarte Tatin
y,tabbouleh,dish,,473,27,502,Tabbouleh With Fruit,Spinach Tabbouleh
,crispy,vague,,474,26,483,Scotch Crispies,Graham Cracker Crispies
,pumpkin,ingredient,,475,26,483,Sandra Faye'S Stuffed Pumpkin,Double Layer Pumpkin
,fig,ingredient,,476,26,483,Tapioca And Figs,Bacon Wrapped Figs
,gluten-free,vague,,477,26,483,"Scottish Shortbread, Gluten-Free",Pumpkin Bread (Gluten-Free)
y,lorraine,dish,style-not-form,478,25,465,Maloney'S Baked Chicken (Lorraine),Gail'S Quiche Lorraine
,broil,vague,,479,25,465,London Broil,London Broil
,dream,vague,,480,25,465,Mayme'S Cheese Dreams,Chocolate Dream
,to,vague,,481,25,465,Summer Vegetable Tian(Serves 6 To 8)  ,Apple Lasagna(Serves 12 To 15)  
y,ambrosia,dish,,482,25,465,Heavenly Ambrosia,Pistachio Ambrosia
,chew,vague,,483,25,465,Coconut Chews,*Pecan Chews
,king,vague,,484,25,465,Turkey Or Chicken Mushroom A La King,Chicken A La King
y,relleno,dish,,485,25,465,Baked Chili Rellenos,Chili Rellenos
,yam,ingredient,,486,25,465,Candied Yams,Pork Chops And Yams
,point,vague,,487,25,465,Ice Cream Sandwich(Lighter Eating - 3 Points)  ,Sicilian Style Halibut  - Weight Watchers 3 Points
,sour,vague,,488,25,465,Peach Stone Sour,Meatballs Sweet And Sour
,carb,vague,,489,25,465,Cheesy Chicken And Green Bean Casserole(Low Carb)  ,No Sugar Chocolate Mousse(Low Carb)  
,powder,ingredient,,490,25,465,Cream Biscuits (Baking Powder),Roasted Curry Powder #2
,vinegar,ingredient,,491,25,465,Raspberry Vinegar,Herb Vinegar
y,cassoulet,dish,,492,25,465,Cassoulet,Chef John'S Cassoulet
y,sub,dish,,493,25,465,Steak Subs,Toasted Italian Subs
y,buttercream,dish,,494,25,465,Limoncello Buttercream,Low Fat Chocolate Buttercream
,starter,vague,,495,24,446,Sourdough Starter,Sourdough Starter
,leaf,ingredient,,496,24,446,Dolmathes(Stuffed Grape Leaves)  ,Rice Stuffed Cabbage Leaves
y,ranchero,dish,style-not-form,497,24,446,Will'S Huevos Rancheros,Salsa Ranchero
y,divinity,dish,,498,24,446,Microwave Divinity,Dependable Divinity
,whip,vague,,499,24,446,Raspberry Whip,Cherry Cool Whip
y,crouton,dish,,500,24,446,Soyameat And Croutons,Sourdough Croutons
,filled,vague,,501,24,446,Crepes Filled With Laban,Snowballs(Chocolate Filled)  
,berry,ingredient,,502,24,446,Cherries And Berries On A Cloud,Sweet Potatoes And Berries
,shot,vague,,503,24,446,Pina Colada Pudding Shots!,Peppermint Patty Shot
y,terrine,dish,,504,24,446,Salmon Terrine,Roquefort Terrine
y,mignon,dish,,505,24,446,Filet Mignon With Mushroom-Cabernet Gravy,Bacon-Wrapped Filet Mignon With Horseradish Sauce
,oamc,vague,,506,24,446,Sausage Breakfast Muffins (Oamc),Crock Pot Spaghetti Sauce - Mmmm Oamc
y,roulade,dish,,507,24,446,Chicken Roulade,Smoked Salmon Roulade
y,falafel,dish,,508,24,446,Falafel,Crock Pot Falafel
,style,vague,,509,24,446,Gumbo..... Georgia Style!,"Tacos, American Style !"
,almond,ingredient,,510,24,446,Microwave Blanched Almonds,Chicken & Almonds
,healthy,vague,,511,23,428,Chicken And Broccoli Au Gratin(Heart Healthy)  ,Oat Bran Raisin Muffins(Heart Healthy)  
,freeze,vague,,512,23,428,Strawberry Freeze,Pink Arctic Freeze
y,toffee,dish,,513,23,428,English Toffee,English Toffee
,sugar,ingredient,,514,23,428,Vanilla Sugar,Jam Without Sugar
,water,ingredient,,515,23,428,Spoonburgers(Club Member: John Waters)  ,Sweet Potato Casserole(Club Member: John Waters)  
y,haystack,dish,,516,23,428,Haystacks,Haystacks
y,etouffee,dish,,517,23,428,Shrimp Etouffee,Shrimp Or Crawfish Etouffee
,braised,vague,,518,23,428,Pork Chops Braised In Wine,Brisket Braised With Dried Fruit
,oats,ingredient,,519,23,428,Mango Overnight Oats,Easy Make-Ahead Steel-Cut Oats
y,tapenade,dish,,520,23,428,Roasted Red Pepper Tapenade,Tapenade From The Silver Palate Cookbook
,orange,ingredient,,521,23,428,1-2-3-4 Cake (Orange),Glazed Oranges
,fennel,ingredient,,522,23,428,Steamed Fennel With Dill,Braised Fennel
,stuff,vague,,523,22,409,Fluffy Pink Stuff,That Green Stuff
,wine,ingredient,,524,22,409,Mom'S Dandelion Wine,Dandelion Wine
,grill,vague,,525,22,409,Cheesey Ham Grill,Chicken 'N' Rice(On The Grill)  
,flounder,ingredient,,526,22,409,Stuffed Flounder,Baked Flounder
,venison,ingredient,,527,22,409,Spiced Venison,Venison
,delicious,vague,,528,22,409,Orange Cake(Delicious!)  ,"Chocolate Chip Pie(So Easy, But So Delicious!)  "
,light,vague,,529,22,409,Vegetable Lasagna(Eating Light)  ,Herbed Vegetable Toss(Cooking Light)  
,veal,ingredient,,530,22,409,Veal On Green Rice,Veal With Mushroom Sauce
y,tamale,dish,,531,22,409,Tamale Recipe,Tamales
y,nog,dish,,532,22,409,Orange Nog,Orange Nog
y,danish,dish,,533,22,409,Vanilla Wreaths(Danish)  ,Cream Cheese Danish
,wreath,vague,,534,22,409,Cheese Wreath,Bird'S Bread Wreath
,rabbit,ingredient,,535,22,409,Welsh Rabbit,Fried Rabbit
,beer,ingredient,,536,22,409,Beef 'N Beer,Welsh Rarebit (With Beer)
,star,vague,,537,22,409,Christmas Cheese Star,Stained Glass Gingerbread Stars
y,schnitzel,dish,,538,22,409,Liverwurst Schnitzel,Chicken Schnitzel
y,marinara,dish,style-not-form,539,22,409,Turkey Fettuccini Marinara,Danny Boy'S Seafood Marinara
,sole,ingredient,,540,22,409,Stuffed Fillet Of Sole,Stuffed Sole With Imitation Crab
,cube,ingredient,,541,22,409,Jello Cubes,Christmas Cubes
,date,ingredient,,542,22,409,Hot Date With A Chicken,Cheese Stuffed Medjool Dates
y,baguette,dish,,543,22,409,French Baguette,Roast Vegetable Picnic Baguettes
,rsc,vague,,544,22,409,Lobster And Shrimp Ranch Frittata #Rsc,Parmesan Garlic Ranch Beer Bread #Rsc
,platter,vague,,545,22,409,Grilled Tuna Nicoise Platter,Nippy Pork Chop Platter
y,gelato,dish,,546,22,409,Cassata Gelato,Espresso Gelato
y,crostata,dish,,547,22,409,Peach Crostata,Fig Crostata 
,italian,vague,,548,21,390,Chicken Italian Supreme,Skillet Meal(Italian Style)  
,great,vague,,549,21,390,Delicious Dairy Dip(Great For Fresh Fruit!)  ,Barbecue Sauce(Great On Ribs)  
,paprika,ingredient,,550,21,390,Chicken Paprika,Veal Paprikas
,cereal,ingredient,,551,21,390,Granola Cereal,Low-Fat Raisin-Rice Cereal
,gallo,vague,,552,21,390,Pico De Gallo,Scallop Ceviche De Gallo
,tassy,vague,,553,21,390,Pecan Tassies,Pecan Tassies
y,split,dish,coarse,554,21,390,Selah'S No Guilt Banana Split,6 English Muffin Split
y,eclair,dish,,555,21,390,Chocolate Eclair,Low-Fat Mini Eclairs
y,limeade,dish,,556,21,390,Limeade,Grilled Lemon Limeade
y,frappe,dish,,557,21,390,Coffee Frappe,Cantaloupe Frappe
y,samosa,dish,,558,21,390,Traditional Beef Samosas,Yogurt Samosas
y,spritzer,dish,,559,21,390,Earl Grey Champagne Spritzer,Sparkling Rhubarb Spritzer
y,s'mores,dish,,560,20,372,Golden Grahams S'Mores,S'Mores
y,wassail,dish,,561,20,372,Wassail,Wassail
,straw,ingredient,,562,20,372,Cheese Straws,Cheese Straws
,marshmallow,ingredient,,563,20,372,Yummy Marshmallows,Spooky Homemade Marshmallows
,tail,ingredient,,564,20,372,Grilled Rock Lobster Tails,Lobster Tails
y,adobo,dish,style-not-form,565,20,372,Chicken Adobo,Chicken Adobo
y,queso,dish,,566,20,372,Chile Con Queso,Chile Con Queso
y,float,dish,,567,20,372,Devil'S Float,Orange Floats
,turnip,ingredient,,568,20,372,Fried Turnips,Grandma'S Turnips
,rib,ingredient,,569,20,372,Mock Prime Rib,Easy Prime Rib
,jalapeno,ingredient,,570,20,372,Black Beans And Jalapenos,Pickled Jalapenos
,nest,vague,,571,20,372,Nests,Grapefruit Meringue Nests With Mixed Berries
y,caprese,dish,,572,20,372,Chicken Caprese,Roasted Chicken Caprese
y,cannelloni,dish,,573,20,372,Chicken Cannelloni With Cream Sauce,Chicken Cannelloni
y,pappardelle,dish,,574,20,372,Pappardelle With Tuna And Artichoke,Pesto Pappardelle With Pork
y,buckeye,dish,,575,19,353,Buckeyes,Buckeyes
,lettuce,ingredient,,576,19,353,Wilted Lettuce,Beatrice Griffin'S Dutch Lettuce
,burgundy,vague,,577,19,353,Beef Burgundy,Beef Burgundy
y,wellington,dish,style-not-form,578,19,353,Easy Beef Wellington,Baked Stuffed Shrimp Wellington
y,chimichanga,dish,,579,19,353,Easy Chicken Chimichangas Supreme,Chicken Chimichanga
,eat,vague,,580,19,353,Molding Clay(Not To Eat)  ,Coal Plant(Do Not Eat)  
y,scaloppine,dish,style-not-form,581,19,353,Chicken Scaloppine With Mushrooms,Pork Scaloppine With Mustard And Rosemary
,honey,ingredient,,582,19,353,Pear Honey,Pear Honey
y,moussaka,dish,,583,19,353,Moussaka,Skinny Chicken Moussaka
,crockpot,vague,,584,19,353,Baked Beans Crockpot Style,Creamy Augratin Potatoes {Crockpot}
,base,vague,,585,19,353,Cream Soup Base,No Cook Banana Pudding Base
,chard,ingredient,,586,19,353,Italian-Style Swiss Chard,Lemon-Garlic Rainbow Chard
y,challah,dish,,587,19,353,High-Altitude Challah,Challah Ii
,cranberry,ingredient,,588,19,353,Spiced Sweet Potatoes And Cranberries,Beets And Cranberries
,seed,ingredient,,589,19,353,Spicy Roasted Pumpkin Seeds,"Muesli Cookies (No Flour, Just Seeds)"
,parsnip,ingredient,,590,19,353,Mashed Parsnips,Scalloped Parsnips
,ww,vague,,591,19,353,Easy Cheese Lasagna(Ww),Chicken Fajita Soup  Ww
y,napoleon,dish,,592,19,353,Crab Appetizer Napoleons,Cannoli Napoleons
y,semifreddo,dish,,593,19,353,Vanilla Semifreddo,Citrus Semifreddo
,lush,vague,,594,18,335,Chocolate Lush,Lemon Lush
y,mole,dish,style-not-form,595,18,335,Curried Chicken Mole,Chicken Mole
y,d'oeuvre,dish,,596,18,335,Artichoke Hors D'Oeuvres,Disappearing Hors D'Oeuvres
y,hominy,dish,,597,18,335,Homemade Hominy,Hominy Deluxe
,chewy,vague,,598,18,335,Butternut Chewies,Lemon Chewies
,kielbasa,ingredient,,599,18,335,Kielbasa With Noodles,Sweet-Sour Kielbasa
y,rarebit,dish,,600,18,335,Corn Rarebit,Bean Rarebit
y,succotash,dish,,601,18,335,Dutch Succotash,Misaquatash(American Indian Succotash)  
y,nicoise,dish,style-not-form,602,18,335,Chicken Nicoise,Pedestrian Salad Nicoise
,sweet,vague,,603,18,335,Nut-Cracker Sweets,Too Sweet For Me!
y,bourguignon,dish,style-not-form,604,18,335,Beef Bourguignon,Boeuf Bourguignon For The Crock Pot
y,borscht,dish,,605,18,335,Italian Hebrew Soup(Borscht)  ,Slow Cooker Borscht
y,ketchup,dish,dual-use,606,18,335,Cranberry Ketchup,Old Green Tomato Ketchup
y,madeleine,dish,,607,18,335,Spinach Madeleine,Orange-Blossom-Honey Madeleines 
y,daiquiri,dish,,608,18,335,Frozen Daiquiri,Frozen Peach Daiquiri
y,panzanella,dish,,609,18,335,Panzanella,Steak Panzanella
y,posole,dish,,610,18,335,Slow Cooker Turkey Posole,Shrimp And Scallop Posole
,squid,ingredient,,611,18,335,Stuffed Squid Served With Honey Mustard Sauce.,Calamari Ripieni (Stuffed Squid)
y,puttanesca,dish,style-not-form,612,18,335,Pasta Puttanesca,Linguine Puttanesca With Smoked Mussels And Crab
y,club,dish,coarse,613,18,335,Blt Club With Tangy Garlic Mayo,Club 
,wilbur,vague,,614,18,335,Chicken Club - Copycat Carl Jrs by Todd Wilbur,Little Caesar's Crazy Bread by Todd Wilbur
,flower,ingredient,,615,17,316,Coal Flowers,Antiqued Flowers
y,meltaway,dish,,616,17,316,Meltaways,Lemon Meltaways
,yummy,vague,,617,17,316,Frozen Strawberry Yummy,Yummies
,gelatin,ingredient,,618,17,316,Jello Gelatin,Coffee Gelatin
,julius,vague,,619,17,316,Mama'S Orange Julius,Orange Julius
y,braid,dish,coarse,620,17,316,Tuna Cheese Braid,Almond Filled Braid
,celery,ingredient,,621,17,316,Creamed Celery,Sensational Celery
,boy,vague,,622,17,316,Gingerbread Boys,Pierogi Lazy Boy
y,colada,dish,,623,17,316,Coconut Colada,Pina Colada Iii
y,raita,dish,,624,17,316,Creamy Corn Raita,Cucumber Raita
y,thumbprint,dish,,625,17,316,Santa'S Thumbprints,Chocolate-Cherry Thumbprints
,a,vague,,626,17,316,Elephant Stew(A Recipe For A Large Gathering)  ,A Recipe For A Home
,choy,ingredient,,627,17,316,Miso-Glazed Salmon And Bok Choy,Bok Choy With Walnuts In Wine Sauce
y,dal,dish,,628,17,316,Punjabi Sukha Urad Dal,Sour Dal
y,lassi,dish,,629,17,316,Mango Lassi Ii,Yogurt Lassi With  Sweet Or Savory Variations
,aubergine,ingredient,,630,17,316,Parma Eggplant (Aubergine),Eggplant (Aubergine) With Raw Garlic
,marinated,vague,,631,17,316,Mussels Marinated In Garlic And Herbs,Olives Marinated 
,fresca,vague,,632,17,316,Salsa Fresca,Mexican - Agua Fresca
y,macaron,dish,,633,17,316,Heart-Shaped French Macarons,French Macarons With Raspberry Filling 
,radish,ingredient,,634,17,316,Roasted Radishes With Soy And Honey Vinegarette,Radishes
,cocoa,ingredient,,635,16,297,Brazilian Cocoa,Camper'S Cocoa
,frank,ingredient,,636,16,297,Hawaiian Baked Beans And Franks,Barbecued Franks
,pollo,ingredient,,637,16,297,Easy Arroz Con Pollo,Enchiladas De Pollo
y,kiev,dish,style-not-form,638,16,297,Chicken Kiev,Country Style Chicken Kiev
,brunch,vague,,639,16,297,Morning Brunch,Sausage Brunch
,tree,vague,,640,16,297,Popcorn Tree,Pie Tree
,make,vague,,641,16,297,Bran Rolls(Makes 16)  ,Applesauce Pie(Makes 2)  
,cooked,vague,,642,16,297,Chuck Roast Cooked In Foil,Layered Sandwich Cooked In A Bundt Pan
,salt,ingredient,,643,16,297,Seasoned Salt,Ranch Dressing - Low Salt
y,reuben,dish,,644,16,297,Baked Chicken Reuben,Chicken Reuben
,calorie,vague,,645,16,297,Apple Muffins(Low Calorie)  ,Spinach Quiche(Low Calorie)  
y,conserve,dish,,646,16,297,Cranberry Conserve,Fruit Conserve
y,mocha,dish,,647,16,297,Cafe Bavarian Mint Mocha,Simple Coconut Mocha
y,biryani,dish,,648,16,297,Biryani,Hyderabad Dum Biryani
y,fricassee,dish,,649,16,297,Chicken Fricassee,Racoon Fricassee
y,paprikash,dish,,650,16,297,Chicken Paprikash,Chicken Paprikash
y,pastie,dish,,651,16,297,Finnish Pasties,Pesto Chicken Puff Pasties
y,tagliatelle,dish,,652,16,297,Creamy Ham And Asparagus Tagliatelle,"Tagliatelle With Garlic, Gorgonzola And Basil"
y,mimosa,dish,,653,16,297,Mimosa,Strawberry Shortcake Mimosas
,ray,vague,,654,16,297,Cordon Croquettes - Rachael Ray,Waffle Brownies Rachael Ray
,ricotta,ingredient,,655,16,297,Easy Lasagna - No Ricotta,Lime Ricotta
y,fusilli,dish,,656,16,297,Turkey Fusilli,Salmon Fusilli With Zucchini & Sun-Dried Tomatoes
,deen,vague,,657,16,297,Wayne'S Cranberry Sauce (Paula Deen),Potato Tot Casserole (Paula Deen)
y,saltimbocca,dish,style-not-form,658,16,297,Veal Saltimbocca,Buca Di Beppo Chicken Saltimbocca
,poached,vague,,659,16,297,Eggs Poached In Spicy Tomato Sauce (Shakshouka),Apricots And Plums Poached In Rosé Wine
,goody,vague,,660,15,279,Company Goodies,Billie'S Goodies
y,bonbon,dish,,661,15,279,Peanut Butter Bonbons,Coconut Bonbons
y,kuchen,dish,,662,15,279,Roll Kuchen,Blueberry Kuchen
,penny,vague,,663,15,279,Pennies From Heaven,Copper Penny
,no,vague,,664,15,279,Baked Pizza No. 2,Cheese Ball No. 2
y,coffeecake,dish,,665,15,279,Pumpkin-Filled Coffeecake,Cherry Coffeecake
y,remoulade,dish,,666,15,279,Shrimp Remoulade,Shrimp Remoulade
y,fettuccini,dish,,667,15,279,Annie'S Shrimp Fettuccini,Chicken Fettuccini
,tater,ingredient,,668,15,279,Cajun Taters,Easy Taters
y,baklava,dish,,669,15,279,Baklava,Christmas Baklava
y,tempura,dish,,670,15,279,Tempura,Vegetable Tempura
y,julep,dish,,671,15,279,Clove Julep,Alcohol-Free Mint Julep
,variation,vague,,672,15,279,Hamburger Casserole(Variation)  ,Variation For An Apple Pie
y,cone,dish,coarse,673,15,279,Snow Cones,Bird Feed Cones
y,hoagie,dish,,674,15,279,Bacon And Cheese Hoagie,Shredded Bbq Beef Hoagies
y,milanese,dish,style-not-form,675,15,279,Brown Rice Milanese,Fish Milanese
,croute,vague,,676,15,279,Baked Gouda En Croute,Gouda En Croute
y,royale,dish,style-not-form,677,15,279,Tuna Royale,Couscous Royale
,iv,vague,,678,15,279,Dishpan Cookies Iv,Banana Cake Iv
y,confit,dish,style-not-form,679,15,279,Duck Confit,Duck Or Chicken Gizzard Confit
y,chilaquile,dish,,680,15,279,Chicken Chilaquiles From Campbell'S Kitchen,Chilaquiles Iii
,bomb,vague,,681,15,279,White Chocolate Nut-Free Keto And Vegan Fat Bombs,Jager Bomb
y,cioppino,dish,,682,15,279,Southern California Cioppino,Shrimp Cioppino
,chile,ingredient,,683,15,279,Chicken Stuffed Chiles,Wayne Thayers Chile Recipe 
,chocolat,vague,,684,15,279,Pots De Creme Au Chocolat,Mini Pain Au Chocolat
y,blt,dish,,685,15,279,Not Your Average Blt,Fried Green Tomato Blt With Basil Mayo
,paint,vague,,686,14,260,Finger Paint,Uncooked Finger Paints
,mozzarella,ingredient,,687,14,260,Chicken Mozzarella,Chicken Mozzarella
,kraut,ingredient,,688,14,260,Homemade Kraut,Missouri Kraut
y,boil,dish,coarse,689,14,260,"Shrimp, Crab And Crawfish Boil",Cajun Shrimp And Sausage Boil With Garlic Mayo
,dijon,ingredient,,690,14,260,Chicken Supreme Dijon,Chicken Dijon
,home,vague,,691,14,260,Happy Home Recipe,A Warm Home
y,wiener,dish,,692,14,260,Cocktail Wieners,Meatballs And Wieners
y,tzatziki,dish,,693,14,260,Tzatziki,Avocado Tzatziki
,sparkler,vague,,694,14,260,Berry Sparkler,Cranberry Citrus Sparkler
,s,vague,,695,14,260,S O S,Lime Jello Salad(Country:  U. S.)  
y,liqueur,dish,,696,14,260,Brian'S Kahlua Liqueur,Homemade Irish Cream Liqueur
y,blintz,dish,,697,14,260,Blintzes,Cinnamon Blintzes
,mahi,ingredient,,698,14,260,Mahi Mahi On The Grill,Mahi Mahi In Banana Crust
,ornament,vague,,699,14,260,Christmas Applesauce And Cinnamon Ornaments,Dough Ornaments
y,fraiche,dish,style-not-form,700,14,260,Creme Fraiche,Creme Fraiche
y,snap,dish,coarse,701,14,260,Licorice Snaps,Mom'S Ginger Snaps
y,vichyssoise,dish,,702,14,260,Vichyssoise,Vichyssoise
,it,vague,,703,14,260,What Is It?,Kolaches(Easy Does It)  
y,charlotte,dish,,704,14,260,Orange Charlotte,Mango Creamy Cheese Charlotte
,chorizo,ingredient,,705,14,260,Quinoa Chorizo,Morisqueta Con Chorizo
y,shooter,dish,,706,14,260,Berry Shooters,Spiced Pumpkin Puree Shooters
y,rollup,dish,,707,14,260,Tortilla Rollups I,Garlic Cheese Chicken Rollups
,brew,vague,,708,14,260,Island Spice Cold Brew,Summer Brew
y,tartare,dish,,709,14,260,Coconut Cashew Tuna Tartare,Tuna Tartare
y,chai,dish,,710,14,260,White Chocolate Chai With Baileys,Coffeebar Chai
,eye,vague,,711,14,260,Spooky Halloween Eyes,Apple Pie My Eye
,feta,ingredient,,712,14,260,Arica'S Green Beans And Feta,Sliced Feta With Oregano And Olive Oil
y,fagioli,dish,,713,14,260,Easy Pasta Fagioli,Karyn'S Pasta Fagioli 
y,bouillabaisse,dish,,714,14,260,Canadian Bouillabaisse,Bouillabaisse 
,mayo,ingredient,,715,14,260,Vegan French Dressing No Mayo,Sesame And Ginger Coleslaw (No Mayo)
,abm,vague,,716,14,260,Soft Italian Breadsticks (Abm),Garlic Parmesan Bread (Abm)
y,calamari,dish,,717,14,260,Black Shells & Calamari With Zesty Sauce,Lemon And Mustard Calamari
y,spanakopita,dish,,718,14,260,Spanakopita,Spanakopita
y,taquito,dish,,719,14,260,Vegan Taquitos,Fruit-Filled Taquitos
y,clafoutis,dish,,720,14,260,Peach Clafoutis,Silky Smooth Chocolate Cherry Clafoutis
,mackerel,ingredient,,721,14,260,Mackerel With Halloumi And Corn Salad,Roasted Mackerel With Garlic And Paprika 
,muesli,ingredient,,722,14,260,Bircher Muesli,Good Morning Muesli
,minute,vague,,723,13,242,Western Burritos(Ten Minutes)  ,Pumpkin Squares(Bake At 350~; 35 To 45 Minutes)  
,time,vague,,724,13,242,Perfect Noodles Every Time,Snack Time
,chestnut,ingredient,,725,13,242,Bacon Wrapped Water Chestnuts,Bacon-Wrapped Chestnuts
y,fettucine,dish,,726,13,242,Fettucine With Chicken In Parmesan Cream,Lil'S Crawfish Or Shrimp Fettucine
y,scallopini,dish,style-not-form,727,13,242,Veal Scallopini,Turkey Breast Scallopini With Marsala
,family,vague,,728,13,242,My Favorite Banana Bread(Heals Family Recipes)  ,Ore Dinner Hot Rolls(For A Big Family!)  
y,betty,dish,,729,13,242,Apple Betty,Easy Hot Apple Betty
,mexicana,vague,,730,13,242,Microwave Chicken Mexicana,Pasta Mexicana
,sandy,vague,,731,13,242,Sandies,Pecan Sandies
y,guisada,dish,,732,13,242,Carne Guisada,Carne Guisada Ii
,mixture,vague,,733,13,242,Mixture For A Hangover,Mexican Spice Mixture
,topper,vague,,734,13,242,Barbecue Pork Potato Topper,Yummy Ice Cream Topper
,vodka,ingredient,,735,13,242,Rigatoni Alla Vodka,Chili Infused Vodka
y,cappuccino,dish,,736,13,242,Coffee Cappuccino,Chocolate Cappuccino
,plum,ingredient,,737,13,242,Dessert Plums,Plums With Amaretto And Vanilla Ice Cream
y,ramen,dish,,738,13,242,Fancy Ramen,Creamy Chicken And Mushroom Ramen
,edamame,ingredient,,739,13,242,Sweet And Spicy Edamame,Edamame In Kung Pao Sauce
,friendly,vague,,740,13,242,Zero Points Veggie Soup (Weight Watcher Friendly),Curried Shrimp & Tomato Soup- Hcg Friendly!
,vin,vague,,741,13,242,Alton Brown'S Coq Au Vin,Marchand De Vin
,rabe,ingredient,,742,13,242,Shrimp And Broccoli Rabe With Angel Hair,Stewed Bulgur And Broccoli Rabe With Poached Eggs
y,brochette,dish,,743,13,242,Moroccan-Style Grilled Chicken Brochettes,Thai Pepper Chicken Brochettes
,bbq,vague,,744,13,242,Lemon Mint Butter (Bbq),Slow Cooker Korean Bbq
,simmered,vague,,745,13,242,Chicken and Vegetables Simmered In Ponzu Sauce,Chikuwa Simmered in Mentsuyu
,sirloin,ingredient,,746,13,242,Garlic Stuffed Sirloin,Herb Marinated Grilled Top Sirloin
,french,vague,,747,13,242,GeraldineS  Chicken French ,French In A Flash: Bouillabaisse Pasta Recipe
y,rotini,dish,,748,13,242,Mung Bean Rotini With Peas And Mint,"Rotini With Artichoke, Smoked Salmon, And Anchovies"
,jack,vague,,749,12,223,Beans And Hungry Jacks,Cracker Jacks
,beverage,vague,,750,12,223,Banana Flip(Beverage)  ,Pineapple Banana Smoothee(Beverage)  
y,aspic,dish,,751,12,223,Tomato Aspic,Tomato Aspic
,rum,ingredient,,752,12,223,Hot Buttered Rum,Hot Buttered Rum
y,pizzelle,dish,,753,12,223,Pizzelle,Aunt Mae'S Pizzelle
,thin,vague,,754,12,223,Wafer Thins,Joev'S Multi-Grain Honey Whole Wheat Sandwich Thins
,cooking,vague,,755,12,223,Salmon Bake(Crock-Pot Cooking)  ,Scalloped Potatoes(Microwave Cooking)  
,plate,vague,,756,12,223,"Individual Pot Roast(No Pot, No Plate)  ",Shrimp Plate
,hot,vague,,757,12,223,Appetizer Hots,Pease Porridge Hot
,clay,vague,,758,12,223,Play Clay,Peanut Butter Clay
y,sauerbraten,dish,,759,12,223,Round Steak Sauerbraten,Venison Sauerbraten
y,leche,dish,style-not-form,760,12,223,Cafe Con Leche,Dulce De Leche
,john,vague,,761,12,223,Turkey A La John,Hopping John
,cutout,vague,,762,12,223,Cookie Cutouts,Cream Cheese Cutouts
,day,vague,,763,12,223,Beefy Baked Beans(Prepare 1 Day In Advance)  ,Sweet Pickles(14 Days)  
y,picadillo,dish,,764,12,223,Picadillo,Cuban Picadillo
,pillow,vague,,765,12,223,Chicken Pillows,Pink Pillows
,homemade,vague,,766,12,223,Pizza Dough Homemade,Hominy (Homemade)
,provencal,vague,,767,12,223,Sole Provencal,Shrimp Provencal
y,carnita,dish,,768,12,223,Slow Cooker Chicken Carnitas,Pork Carnitas With Caramelized Onions And Chipotle
,baby,vague,,769,12,223,Pregnant Doll (Easter Baby),Spinach And Scallion Dutch Baby
y,halwa,dish,,770,12,223,Besan (Gram Flour) Halwa,Besan Ka Halwa
,lemon,ingredient,,771,12,223,Citrons Confits Express (Quick Preserved Lemons),Moroccan Preserved Lemons
y,flapjack,dish,,772,12,223,English Flapjack,Chewy Or Crunchy Flapjacks
y,brine,dish,dual-use,773,12,223,Grandma'S Farmhouse Turkey Brine,Chicken Brine
,root,ingredient,,774,12,223,Coconut Chicken And Taro Root,French Pureed Celeriac Root
y,orecchiette,dish,,775,12,223,Orecchiette With Broccoli Rabe And Spicy Sausage,Orecchiette With Mixed Greens And Goat Cheese
,plantain,ingredient,,776,12,223,Roasted Sweet Plantains,Patacones Ticos (Costa Rican Fried Plantains)
,paneer,ingredient,,777,12,223,Kadhai Paneer,Sag Paneer
y,tikka,dish,style-not-form,778,12,223,Balti Lamb Tikka,Chicken Tikka With Chickpea Flour
,barley,ingredient,,779,12,223,Jasmine Rice And Barley,Southwestern Black Beans And Barley
y,bucatini,dish,,780,12,223,"Bucatini With Pancetta, Cheese And Eggs",Broccolini And Bucatini
,supreme,vague,,781,12,223,Pecan Supremes,Chocolate Supremes
y,carpaccio,dish,,782,12,223,Plum Carpaccio ,Salmon Carpaccio With Wasabi
y,torta,dish,,783,12,223,Baja Shrimp Torta,Goat Cheese Tomato & Pesto Torta 
y,tartine,dish,,784,12,223,Asparagus And Brie Tartines,Grilled Sardine Tartines With Onion And Arugula 
,roasted,vague,,785,12,223,Lemon Sole Roasted With Leeks And Tomatoes,Carrots Roasted In Coffee Beans From 'Coi'
y,profiterole,dish,,786,12,223,Profiteroles With Savory Chantilly Cream,Pork Belly Profiterole With Szechuan Salted Caramel
,flour,ingredient,,787,11,205,Angel Biscuits(Self-Rising Flour)  ,Cake Frosting(Flour In Filling)  
y,caponata,dish,,788,11,205,Caponata,Eggplant Appetizer(Caponata)  
,turtle,vague,,789,11,205,Turtles,Turtles
,dill,ingredient,,790,11,205,Kosher Dills,Pickle Barrel Dills
,spectacular,vague,,791,11,205,Chicken Spectacular,Chicken Spectacular
,yum,vague,,792,11,205,Cherry Yum Yum,Cherry Yum Yum
y,taffy,dish,,793,11,205,Pull Taffy,Creamy Cocoa Taffy
,oven,vague,,794,11,205,Peanut Brittle(Microwave Oven)  ,Corn-On-The-Cob(Microwave Oven)  
,kahlua,vague,,795,11,205,Homemade Kahlua,Kahlua
,crock-pot,vague,,796,11,205,Macaroni And Cheese(Crock-Pot)  ,Italian Roast - Crock-Pot
,crumb,ingredient,,797,11,205,Italian Seasoned Bread Crumbs,Italian Bread Crumbs
,amandine,vague,,798,11,205,Catfish Amandine,Sauce Amandine
y,buckle,dish,,799,11,205,Blueberry Buckle,Blueberry Buckle
y,pierogi,dish,,800,11,205,Pierogi,Potato Pierogi
